{"type":"FeatureCollection","metadata":{"course_ref":"il/course-4-dubsdread-at-cog-hill-golf-and-country-club","traced_at":"2026-09-10","osm":{"licence":"ODbL-1.0","attribution":"© OpenStreetMap contributors","share_alike":true,"element_count":470}},"features":[{"type":"Feature","geometry":{"type":"Polygon","coordinates":[[[-87.937916,41.688255],[-87.942443,41.688216],[-87.942786,41.688184],[-87.943313,41.688155],[-87.947649,41.687957],[-87.948711,41.687867],[-87.949437,41.687761],[-87.951904,41.687237],[-87.952622,41.687065],[-87.953532,41.686833],[-87.955349,41.686264],[-87.958248,41.685187],[-87.957899,41.684523],[-87.957296,41.684626],[-87.956921,41.679431],[-87.961709,41.679312],[-87.961637,41.677458],[-87.966537,41.67737],[-87.966282,41.671916],[-87.965922,41.664681],[-87.961889,41.664776],[-87.961759,41.66479],[-87.961642,41.66481],[-87.961571,41.664842],[-87.95651,41.668544],[-87.956719,41.672133],[-87.951915,41.672197],[-87.951612,41.672207],[-87.951481,41.672279],[-87.947702,41.675024],[-87.946208,41.676112],[-87.946602,41.676698],[-87.946988,41.67668],[-87.947028,41.677523],[-87.946581,41.677566],[-87.946178,41.678439],[-87.945716,41.678407],[-87.94573,41.678935],[-87.944534,41.678978],[-87.944378,41.677464],[-87.942224,41.679052],[-87.942221,41.679866],[-87.942212,41.68177],[-87.940193,41.682406],[-87.939598,41.682913],[-87.937483,41.683656],[-87.937916,41.688255]]]},"properties":{"feature_id":"course-osm-w52010101","layer":"course","holes":[],"source":"osm","osm_id":"way/52010101","osm_version":8,"verified":false}},{"type":"Feature","geometry":{"type":"Polygon","coordinates":[[[-87.952627,41.679319],[-87.952446,41.67931],[-87.952436,41.679161],[-87.952637,41.679161],[-87.952627,41.679319]]]},"properties":{"feature_id":"fairway-osm-w738410181","layer":"fairway","holes":[11],"source":"osm","osm_id":"way/738410181","osm_version":2,"verified":false}},{"type":"Feature","geometry":{"type":"Polygon","coordinates":[[[-87.952633,41.679137],[-87.952464,41.679148],[-87.952436,41.679134],[-87.952433,41.679111],[-87.952508,41.679071],[-87.952562,41.679068],[-87.952603,41.679074],[-87.952628,41.679083],[-87.95265,41.679095],[-87.952661,41.679122],[-87.952633,41.679137]]]},"properties":{"feature_id":"fairway-osm-w738410182","layer":"fairway","holes":[11],"source":"osm","osm_id":"way/738410182","osm_version":3,"verified":false}},{"type":"Feature","geometry":{"type":"Polygon","coordinates":[[[-87.93989,41.68606],[-87.939885,41.686008],[-87.939872,41.685933],[-87.93986,41.685881],[-87.939816,41.68585],[-87.939733,41.685836],[-87.939658,41.685847],[-87.939596,41.685889],[-87.939582,41.685946],[-87.939591,41.686014],[-87.939626,41.686056],[-87.939669,41.686101],[-87.939706,41.686136],[-87.939724,41.686168],[-87.939759,41.686189],[-87.93981,41.686189],[-87.939855,41.686171],[-87.939887,41.686138],[-87.939895,41.686097],[-87.93989,41.68606]]]},"properties":{"feature_id":"fairway-osm-w1240245445","layer":"fairway","holes":[7],"source":"osm","osm_id":"way/1240245445","osm_version":1,"verified":false}},{"type":"Feature","geometry":{"type":"Polygon","coordinates":[[[-87.939322,41.685218],[-87.939365,41.685292],[-87.939389,41.685359],[-87.939434,41.685473],[-87.939458,41.685585],[-87.939503,41.685671],[-87.939543,41.6857],[-87.939611,41.685718],[-87.939688,41.685715],[-87.939768,41.685685],[-87.939812,41.685632],[-87.939821,41.685533],[-87.939814,41.685435],[-87.9398,41.685328],[-87.93977,41.685243],[-87.939704,41.685147],[-87.939664,41.685091],[-87.939625,41.685008],[-87.939593,41.684918],[-87.939568,41.684816],[-87.939554,41.684725],[-87.939543,41.684631],[-87.93951,41.684527],[-87.93948,41.684432],[-87.939451,41.684342],[-87.939407,41.68429],[-87.939352,41.684256],[-87.939288,41.684248],[-87.939209,41.684262],[-87.939163,41.684294],[-87.939136,41.684352],[-87.939138,41.684414],[-87.939159,41.684472],[-87.939207,41.684581],[-87.939235,41.684661],[-87.939234,41.684719],[-87.939202,41.684778],[-87.939179,41.684834],[-87.939165,41.684883],[-87.939173,41.684931],[-87.939196,41.684994],[-87.939214,41.685043],[-87.939251,41.685108],[-87.939287,41.685158],[-87.939322,41.685218]]]},"properties":{"feature_id":"fairway-osm-w1240245446","layer":"fairway","holes":[7],"source":"osm","osm_id":"way/1240245446","osm_version":1,"verified":false}},{"type":"Feature","geometry":{"type":"Polygon","coordinates":[[[-87.941046,41.684851],[-87.940994,41.684887],[-87.940933,41.684938],[-87.940875,41.684985],[-87.940818,41.685023],[-87.940755,41.685065],[-87.940692,41.685114],[-87.940645,41.68517],[-87.940593,41.685238],[-87.940544,41.685289],[-87.940507,41.685325],[-87.940453,41.685401],[-87.940416,41.685461],[-87.940371,41.685528],[-87.940325,41.685604],[-87.940293,41.685676],[-87.940282,41.685734],[-87.94029,41.685778],[-87.94032,41.685811],[-87.940356,41.685836],[-87.940411,41.685847],[-87.940468,41.685834],[-87.940499,41.685819],[-87.940548,41.68577],[-87.940573,41.685721],[-87.940602,41.685668],[-87.940636,41.685617],[-87.94067,41.685567],[-87.940702,41.685528],[-87.940756,41.685467],[-87.940799,41.685404],[-87.940853,41.685328],[-87.940893,41.685284],[-87.940963,41.685217],[-87.94102,41.685165],[-87.941091,41.685106],[-87.941157,41.685056],[-87.941222,41.685015],[-87.941289,41.684972],[-87.941368,41.684913],[-87.94143,41.684862],[-87.94149,41.684806],[-87.94153,41.68475],[-87.941584,41.68469],[-87.941617,41.684644],[-87.941654,41.684599],[-87.941699,41.684548],[-87.941714,41.684516],[-87.941723,41.684456],[-87.941723,41.684413],[-87.941713,41.684359],[-87.941693,41.684337],[-87.941662,41.684324],[-87.941617,41.68433],[-87.941574,41.684352],[-87.941537,41.684394],[-87.941472,41.684462],[-87.941412,41.684524],[-87.941334,41.684596],[-87.941249,41.68467],[-87.94115,41.68475],[-87.941046,41.684851]]]},"properties":{"feature_id":"fairway-osm-w1240310063","layer":"fairway","holes":[7],"source":"osm","osm_id":"way/1240310063","osm_version":1,"verified":false}},{"type":"Feature","geometry":{"type":"Polygon","coordinates":[[[-87.946324,41.683618],[-87.946192,41.68361],[-87.946091,41.683602],[-87.945994,41.683598],[-87.945892,41.683594],[-87.945798,41.683594],[-87.945691,41.683596],[-87.945586,41.683606],[-87.945455,41.683618],[-87.945345,41.68363],[-87.945224,41.683636],[-87.945112,41.683632],[-87.944991,41.683642],[-87.944913,41.683668],[-87.944892,41.683716],[-87.944902,41.683766],[-87.944937,41.683798],[-87.945002,41.68381],[-87.945112,41.68381],[-87.945224,41.68381],[-87.945321,41.683814],[-87.945436,41.683832],[-87.945554,41.683855],[-87.945637,41.683869],[-87.945761,41.683887],[-87.94586,41.683901],[-87.945981,41.683921],[-87.946091,41.683929],[-87.946203,41.683935],[-87.946318,41.683945],[-87.946434,41.683941],[-87.946517,41.683905],[-87.94656,41.683853],[-87.946573,41.683802],[-87.946549,41.683738],[-87.946509,41.683688],[-87.946428,41.683648],[-87.946324,41.683618]]]},"properties":{"feature_id":"fairway-osm-w1240310068","layer":"fairway","holes":[8],"source":"osm","osm_id":"way/1240310068","osm_version":1,"verified":false}},{"type":"Feature","geometry":{"type":"Polygon","coordinates":[[[-87.947445,41.683446],[-87.947428,41.683397],[-87.947394,41.683362],[-87.947334,41.683341],[-87.947269,41.683342],[-87.947209,41.68335],[-87.947169,41.683379],[-87.947163,41.683408],[-87.947174,41.683458],[-87.947192,41.683492],[-87.947218,41.683517],[-87.94726,41.683536],[-87.947311,41.683543],[-87.947368,41.683541],[-87.947412,41.683516],[-87.947432,41.683478],[-87.947445,41.683446]]]},"properties":{"feature_id":"fairway-osm-w1240310069","layer":"fairway","holes":[8],"source":"osm","osm_id":"way/1240310069","osm_version":1,"verified":false}},{"type":"Feature","geometry":{"type":"Polygon","coordinates":[[[-87.946478,41.678991],[-87.946463,41.678972],[-87.946457,41.678948],[-87.946461,41.678928],[-87.946482,41.678905],[-87.946504,41.678892],[-87.946543,41.678889],[-87.946575,41.678892],[-87.946602,41.678901],[-87.946625,41.678913],[-87.946607,41.678889],[-87.946597,41.678869],[-87.946593,41.678839],[-87.9466,41.678813],[-87.94661,41.678786],[-87.946603,41.678771],[-87.946577,41.678766],[-87.94654,41.678773],[-87.946491,41.678792],[-87.946458,41.678811],[-87.946429,41.678833],[-87.94641,41.678855],[-87.946402,41.678877],[-87.946401,41.678904],[-87.946413,41.678927],[-87.946429,41.678948],[-87.946447,41.678966],[-87.946478,41.678991]]]},"properties":{"feature_id":"fairway-osm-w1426123996","layer":"fairway","holes":[2],"source":"osm","osm_id":"way/1426123996","osm_version":1,"verified":false}},{"type":"Feature","geometry":{"type":"Polygon","coordinates":[[[-87.9568,41.685463],[-87.956809,41.685431],[-87.956804,41.685374],[-87.956786,41.685332],[-87.956757,41.685301],[-87.956698,41.685279],[-87.956621,41.685287],[-87.956525,41.685312],[-87.95641,41.685343],[-87.956315,41.685353],[-87.956218,41.685366],[-87.956128,41.685392],[-87.956043,41.685426],[-87.955959,41.685467],[-87.955887,41.6855],[-87.955801,41.68553],[-87.955728,41.685566],[-87.955656,41.685595],[-87.955581,41.685615],[-87.955525,41.685641],[-87.955454,41.685683],[-87.955377,41.685721],[-87.955295,41.685746],[-87.955208,41.68577],[-87.955118,41.685795],[-87.955019,41.685801],[-87.954936,41.685806],[-87.954864,41.685823],[-87.954787,41.685848],[-87.954732,41.685875],[-87.954692,41.685914],[-87.954672,41.685963],[-87.954677,41.686011],[-87.954704,41.686058],[-87.954751,41.686091],[-87.954815,41.686109],[-87.954899,41.686105],[-87.954986,41.686091],[-87.955074,41.686065],[-87.955149,41.686046],[-87.955238,41.686023],[-87.955342,41.685991],[-87.955467,41.685957],[-87.95559,41.685918],[-87.955665,41.685888],[-87.955755,41.685851],[-87.955822,41.685819],[-87.955876,41.685787],[-87.955938,41.68574],[-87.955991,41.685707],[-87.956065,41.685669],[-87.956143,41.685641],[-87.95624,41.685626],[-87.956334,41.685632],[-87.956434,41.685631],[-87.956503,41.685617],[-87.956577,41.685586],[-87.956649,41.685556],[-87.95673,41.685521],[-87.956773,41.685493],[-87.9568,41.685463]]]},"properties":{"feature_id":"fairway-osm-w1497158424","layer":"fairway","holes":[13],"source":"osm","osm_id":"way/1497158424","osm_version":3,"verified":false}},{"type":"Feature","geometry":{"type":"Polygon","coordinates":[[[-87.955291,41.677923],[-87.955338,41.677971],[-87.95538,41.678007],[-87.955439,41.67805],[-87.955494,41.678087],[-87.95554,41.678123],[-87.955577,41.678164],[-87.955599,41.678213],[-87.955604,41.678268],[-87.955595,41.678342],[-87.955595,41.678408],[-87.955595,41.678457],[-87.955606,41.678501],[-87.955625,41.67854],[-87.955657,41.678559],[-87.955692,41.67856],[-87.955733,41.678558],[-87.955764,41.678563],[-87.955789,41.67857],[-87.955817,41.678582],[-87.955838,41.678598],[-87.955851,41.678616],[-87.955861,41.678643],[-87.955861,41.67867],[-87.955853,41.678697],[-87.955841,41.678725],[-87.955819,41.67876],[-87.955804,41.678782],[-87.955785,41.678809],[-87.95576,41.678833],[-87.955735,41.678857],[-87.955715,41.678874],[-87.955689,41.678889],[-87.955663,41.678895],[-87.955634,41.678897],[-87.955602,41.678893],[-87.955579,41.678884],[-87.955552,41.678871],[-87.955529,41.678855],[-87.955511,41.67884],[-87.95549,41.678822],[-87.95547,41.678802],[-87.955458,41.678785],[-87.955447,41.678768],[-87.955443,41.678751],[-87.955444,41.678734],[-87.955449,41.67872],[-87.955459,41.678706],[-87.95547,41.678693],[-87.955491,41.67868],[-87.955512,41.67867],[-87.95553,41.678659],[-87.955542,41.678648],[-87.955549,41.678627],[-87.955546,41.678603],[-87.955527,41.678582],[-87.955499,41.678562],[-87.955476,41.678551],[-87.955449,41.678536],[-87.955418,41.678523],[-87.955402,41.678494],[-87.955394,41.678466],[-87.955384,41.678422],[-87.955375,41.678387],[-87.95536,41.678349],[-87.955336,41.678319],[-87.9553,41.678289],[-87.955248,41.678254],[-87.955194,41.678225],[-87.955153,41.678197],[-87.955115,41.67816],[-87.955067,41.678105],[-87.954985,41.678016],[-87.954915,41.677911],[-87.954849,41.677782],[-87.954812,41.677711],[-87.954758,41.677621],[-87.954714,41.677553],[-87.954663,41.677488],[-87.954616,41.677431],[-87.954588,41.677385],[-87.954578,41.677326],[-87.954602,41.67727],[-87.954644,41.677234],[-87.9547,41.677207],[-87.954758,41.677199],[-87.954819,41.677206],[-87.954873,41.677225],[-87.954908,41.677262],[-87.954931,41.677314],[-87.954957,41.677377],[-87.955001,41.677462],[-87.955041,41.677548],[-87.955083,41.677628],[-87.955144,41.677725],[-87.955216,41.677832],[-87.955291,41.677923]]]},"properties":{"feature_id":"fairway-osm-r20395675","layer":"fairway","holes":[18],"source":"osm","osm_id":"relation/20395675","osm_version":1,"verified":false}},{"type":"Feature","geometry":{"type":"Polygon","coordinates":[[[-87.95281,41.672727],[-87.952808,41.672701],[-87.952805,41.672678],[-87.952801,41.672655],[-87.952801,41.672625],[-87.952803,41.672596],[-87.952801,41.672561],[-87.952788,41.672538],[-87.952767,41.672519],[-87.952741,41.672507],[-87.952699,41.672506],[-87.952666,41.672515],[-87.952641,41.672532],[-87.952619,41.672554],[-87.952609,41.672579],[-87.952603,41.672602],[-87.952596,41.672635],[-87.952595,41.672666],[-87.952591,41.672706],[-87.952583,41.672758],[-87.952571,41.672806],[-87.952556,41.67286],[-87.952551,41.67292],[-87.952557,41.673006],[-87.952569,41.673128],[-87.952585,41.673313],[-87.952594,41.673431],[-87.952596,41.673498],[-87.952595,41.673622],[-87.952598,41.673758],[-87.952602,41.673893],[-87.952607,41.674088],[-87.952611,41.674219],[-87.952614,41.674329],[-87.95262,41.674459],[-87.952634,41.674635],[-87.952638,41.67478],[-87.952643,41.674914],[-87.95265,41.675078],[-87.952655,41.675248],[-87.952662,41.675391],[-87.95267,41.675532],[-87.952683,41.675657],[-87.952687,41.675762],[-87.952693,41.675858],[-87.952706,41.675905],[-87.952738,41.675924],[-87.952769,41.675936],[-87.952813,41.675943],[-87.952855,41.675945],[-87.952902,41.675949],[-87.952946,41.675949],[-87.952982,41.675943],[-87.953019,41.675929],[-87.953043,41.6759],[-87.953055,41.675851],[-87.953056,41.675806],[-87.953058,41.675741],[-87.953058,41.675664],[-87.953056,41.675531],[-87.953053,41.675431],[-87.953042,41.675295],[-87.953021,41.675135],[-87.953013,41.674967],[-87.95301,41.67482],[-87.952994,41.674664],[-87.952981,41.674512],[-87.952962,41.674362],[-87.952943,41.674244],[-87.952924,41.674112],[-87.952922,41.673999],[-87.952916,41.673876],[-87.952909,41.673753],[-87.952904,41.673678],[-87.952897,41.673617],[-87.952895,41.673583],[-87.95289,41.673559],[-87.952899,41.673528],[-87.952922,41.673521],[-87.952945,41.673529],[-87.952968,41.673549],[-87.952979,41.673589],[-87.952979,41.673663],[-87.952978,41.673738],[-87.952987,41.673866],[-87.952988,41.673926],[-87.953003,41.673974],[-87.953029,41.674022],[-87.953071,41.674088],[-87.953118,41.674164],[-87.953162,41.674229],[-87.953208,41.674309],[-87.953235,41.674375],[-87.953256,41.674443],[-87.953282,41.674503],[-87.953335,41.674579],[-87.953385,41.674661],[-87.95343,41.674722],[-87.953463,41.674784],[-87.95349,41.67485],[-87.953517,41.674943],[-87.953539,41.675083],[-87.953546,41.675259],[-87.953551,41.675388],[-87.953555,41.6755],[-87.953564,41.675538],[-87.953599,41.675574],[-87.95364,41.675588],[-87.953703,41.675593],[-87.95377,41.675582],[-87.953811,41.675563],[-87.953857,41.675531],[-87.953876,41.675486],[-87.953884,41.675399],[-87.953884,41.675304],[-87.953889,41.675105],[-87.953893,41.675005],[-87.953893,41.674894],[-87.953894,41.674806],[-87.953892,41.674709],[-87.95388,41.674646],[-87.953853,41.674581],[-87.953791,41.674479],[-87.953717,41.674384],[-87.953633,41.674287],[-87.953543,41.674189],[-87.953467,41.674116],[-87.953397,41.674063],[-87.95332,41.674005],[-87.953252,41.673952],[-87.953221,41.673904],[-87.953176,41.673828],[-87.953104,41.673689],[-87.953047,41.673557],[-87.952981,41.673392],[-87.952957,41.673318],[-87.952921,41.673226],[-87.952883,41.67313],[-87.952864,41.67305],[-87.952848,41.67293],[-87.952839,41.672857],[-87.952827,41.672812],[-87.952819,41.672769],[-87.95281,41.672727]]]},"properties":{"feature_id":"fairway-osm-r20613352","layer":"fairway","holes":[1],"source":"osm","osm_id":"relation/20613352","osm_version":1,"verified":false}},{"type":"Feature","geometry":{"type":"Polygon","coordinates":[[[-87.956773,41.678796],[-87.956742,41.678792],[-87.95672,41.678788],[-87.956693,41.67878],[-87.95667,41.678764],[-87.956661,41.678748],[-87.956655,41.678725],[-87.956657,41.678696],[-87.956668,41.678676],[-87.956683,41.678655],[-87.956697,41.678632],[-87.956703,41.678612],[-87.956711,41.678586],[-87.956725,41.678568],[-87.95675,41.678555],[-87.956785,41.678546],[-87.956819,41.678538],[-87.956857,41.678533],[-87.956883,41.678533],[-87.95691,41.678543],[-87.956931,41.678558],[-87.956941,41.678581],[-87.95694,41.67861],[-87.956941,41.67864],[-87.956946,41.678665],[-87.956959,41.678685],[-87.956981,41.678697],[-87.957007,41.678707],[-87.957051,41.678722],[-87.957093,41.678737],[-87.957144,41.678757],[-87.957197,41.67878],[-87.957245,41.678793],[-87.957307,41.678803],[-87.957371,41.67881],[-87.957464,41.678814],[-87.957553,41.678819],[-87.957638,41.678822],[-87.957738,41.678823],[-87.957872,41.678828],[-87.957951,41.67883],[-87.958054,41.678838],[-87.958125,41.678846],[-87.958203,41.678854],[-87.958313,41.678861],[-87.958357,41.678863],[-87.958439,41.67887],[-87.958517,41.678872],[-87.958616,41.678877],[-87.958725,41.678878],[-87.958844,41.67888],[-87.958982,41.678885],[-87.95911,41.678893],[-87.959224,41.678898],[-87.959364,41.678906],[-87.959455,41.678913],[-87.959566,41.67892],[-87.95966,41.678931],[-87.959727,41.678943],[-87.959825,41.678948],[-87.959953,41.678952],[-87.960048,41.678961],[-87.960104,41.678974],[-87.960138,41.679004],[-87.960149,41.679038],[-87.960149,41.679069],[-87.960138,41.679107],[-87.960104,41.679135],[-87.960048,41.679152],[-87.959967,41.679164],[-87.959894,41.679168],[-87.959799,41.679168],[-87.959672,41.679164],[-87.959545,41.67916],[-87.959414,41.679155],[-87.959295,41.679152],[-87.959192,41.679155],[-87.959079,41.679156],[-87.95895,41.679151],[-87.958792,41.679145],[-87.95863,41.679144],[-87.958465,41.679136],[-87.958311,41.679127],[-87.958157,41.679115],[-87.957973,41.679101],[-87.957853,41.679094],[-87.957764,41.679086],[-87.957685,41.67907],[-87.957595,41.679047],[-87.957516,41.67903],[-87.957428,41.679022],[-87.957316,41.679028],[-87.957228,41.67904],[-87.957136,41.679045],[-87.957049,41.679047],[-87.956991,41.679043],[-87.956939,41.679027],[-87.956902,41.679004],[-87.956874,41.678979],[-87.95686,41.678929],[-87.956858,41.678887],[-87.956849,41.678846],[-87.956833,41.678816],[-87.95681,41.678802],[-87.956773,41.678796]]]},"properties":{"feature_id":"fairway-osm-r20613479","layer":"fairway","holes":[15],"source":"osm","osm_id":"relation/20613479","osm_version":1,"verified":false}},{"type":"Feature","geometry":{"type":"Polygon","coordinates":[[[-87.95511,41.680229],[-87.955072,41.68024],[-87.955041,41.680253],[-87.955006,41.68027],[-87.954978,41.68029],[-87.954952,41.68031],[-87.954919,41.680321],[-87.954884,41.680326],[-87.954853,41.680326],[-87.95482,41.680318],[-87.954791,41.680307],[-87.954768,41.680289],[-87.95475,41.680271],[-87.954744,41.68025],[-87.95474,41.680226],[-87.954743,41.680204],[-87.95475,41.680179],[-87.954765,41.680152],[-87.954785,41.680132],[-87.954811,41.680113],[-87.954849,41.680097],[-87.954884,41.680086],[-87.95493,41.680075],[-87.954974,41.680067],[-87.955015,41.680063],[-87.95506,41.680064],[-87.955103,41.680069],[-87.955147,41.680061],[-87.955186,41.680035],[-87.955213,41.680008],[-87.955235,41.679984],[-87.95526,41.679958],[-87.955295,41.679932],[-87.955331,41.679912],[-87.955384,41.679896],[-87.955437,41.679878],[-87.955513,41.679854],[-87.955569,41.679839],[-87.955633,41.67982],[-87.955697,41.679802],[-87.955744,41.679796],[-87.955778,41.679794],[-87.955818,41.679807],[-87.955846,41.679823],[-87.955868,41.679838],[-87.955885,41.679855],[-87.955901,41.679873],[-87.955903,41.679897],[-87.955895,41.679926],[-87.955881,41.679947],[-87.955863,41.679967],[-87.95584,41.679985],[-87.955811,41.679998],[-87.955763,41.68002],[-87.955717,41.680048],[-87.955687,41.680069],[-87.955651,41.680096],[-87.95561,41.680121],[-87.955555,41.680144],[-87.955504,41.680162],[-87.955443,41.68018],[-87.955387,41.68019],[-87.95532,41.6802],[-87.955257,41.680202],[-87.955197,41.680206],[-87.955154,41.680216],[-87.95511,41.680229]]]},"properties":{"feature_id":"fairway-osm-r20613480","layer":"fairway","holes":[16],"source":"osm","osm_id":"relation/20613480","osm_version":1,"verified":false}},{"type":"Feature","geometry":{"type":"Polygon","coordinates":[[[-87.953923,41.676907],[-87.953938,41.67693],[-87.95396,41.676965],[-87.953992,41.677006],[-87.95403,41.677055],[-87.954054,41.677119],[-87.954081,41.677193],[-87.954104,41.677273],[-87.954139,41.677394],[-87.954175,41.677499],[-87.95421,41.67761],[-87.954247,41.67771],[-87.95427,41.677788],[-87.954288,41.677864],[-87.954299,41.677907],[-87.954325,41.67795],[-87.954357,41.677992],[-87.954398,41.678055],[-87.954437,41.678133],[-87.954468,41.678219],[-87.954491,41.678284],[-87.954514,41.678349],[-87.954525,41.67841],[-87.954529,41.678455],[-87.954513,41.678486],[-87.954481,41.678513],[-87.954437,41.678533],[-87.954382,41.67854],[-87.954332,41.678544],[-87.954281,41.678543],[-87.954242,41.678538],[-87.954207,41.678523],[-87.954185,41.678497],[-87.954166,41.678453],[-87.954155,41.678407],[-87.954141,41.67835],[-87.954123,41.678288],[-87.954106,41.678214],[-87.95409,41.678151],[-87.95407,41.678085],[-87.954042,41.678003],[-87.954007,41.677909],[-87.95398,41.677819],[-87.953959,41.67773],[-87.953932,41.677658],[-87.953911,41.677618],[-87.95389,41.677584],[-87.953863,41.677529],[-87.953835,41.677461],[-87.95381,41.677399],[-87.953787,41.677305],[-87.953769,41.67725],[-87.953743,41.67721],[-87.953713,41.67717],[-87.953706,41.677129],[-87.953723,41.677091],[-87.953741,41.677067],[-87.953752,41.677032],[-87.953744,41.676985],[-87.953727,41.676957],[-87.953711,41.676933],[-87.953702,41.676904],[-87.9537,41.67688],[-87.953703,41.676851],[-87.953703,41.676827],[-87.953694,41.676796],[-87.953686,41.676764],[-87.953684,41.676735],[-87.953692,41.676703],[-87.953707,41.67668],[-87.953727,41.676662],[-87.953746,41.67665],[-87.953781,41.67664],[-87.953825,41.67664],[-87.953862,41.676651],[-87.953893,41.676663],[-87.953921,41.676687],[-87.953933,41.676711],[-87.953938,41.676739],[-87.953933,41.676768],[-87.953926,41.676797],[-87.953911,41.676822],[-87.953905,41.676844],[-87.953907,41.676869],[-87.953916,41.67689],[-87.953923,41.676907]]]},"properties":{"feature_id":"fairway-osm-r20613481","layer":"fairway","holes":[18],"source":"osm","osm_id":"relation/20613481","osm_version":1,"verified":false}},{"type":"Feature","geometry":{"type":"Polygon","coordinates":[[[-87.94893,41.676586],[-87.949007,41.676569],[-87.949055,41.676553],[-87.94912,41.67653],[-87.949184,41.676504],[-87.949224,41.676483],[-87.94926,41.676463],[-87.949292,41.676433],[-87.949318,41.676398],[-87.949326,41.676361],[-87.949315,41.676318],[-87.949287,41.676285],[-87.94925,41.676261],[-87.949203,41.676241],[-87.949154,41.676233],[-87.949082,41.676237],[-87.949012,41.676252],[-87.948939,41.676274],[-87.948869,41.676293],[-87.948806,41.676307],[-87.948723,41.676327],[-87.948659,41.676334],[-87.948587,41.676353],[-87.948507,41.676382],[-87.948443,41.676417],[-87.948385,41.67646],[-87.948341,41.676511],[-87.948291,41.676559],[-87.94825,41.676606],[-87.948212,41.676647],[-87.948164,41.676707],[-87.948134,41.676759],[-87.948114,41.676817],[-87.948083,41.676894],[-87.948069,41.676939],[-87.948026,41.677011],[-87.947993,41.677064],[-87.947964,41.677104],[-87.947933,41.677143],[-87.947914,41.677189],[-87.947913,41.67724],[-87.947918,41.677299],[-87.947914,41.677352],[-87.947904,41.677385],[-87.947885,41.677428],[-87.947858,41.677467],[-87.947817,41.677529],[-87.947779,41.677587],[-87.947757,41.677641],[-87.947745,41.677691],[-87.947747,41.677745],[-87.947746,41.677792],[-87.947741,41.677831],[-87.947731,41.677871],[-87.947722,41.677905],[-87.94772,41.677934],[-87.947727,41.677957],[-87.947743,41.677982],[-87.947761,41.678011],[-87.947762,41.678031],[-87.947754,41.678056],[-87.947743,41.678073],[-87.947723,41.678087],[-87.9477,41.678098],[-87.947682,41.678115],[-87.94767,41.678133],[-87.947661,41.678165],[-87.947653,41.67818],[-87.94764,41.678195],[-87.947621,41.678206],[-87.947592,41.678215],[-87.947568,41.678225],[-87.947555,41.678236],[-87.947543,41.678251],[-87.947542,41.678272],[-87.947551,41.678297],[-87.94757,41.678317],[-87.947601,41.678331],[-87.947639,41.678338],[-87.947674,41.67834],[-87.947705,41.678338],[-87.947741,41.678343],[-87.947778,41.678349],[-87.947814,41.678352],[-87.947842,41.678352],[-87.947876,41.678341],[-87.947899,41.678328],[-87.94791,41.67831],[-87.94791,41.678293],[-87.947903,41.678274],[-87.947886,41.678259],[-87.947866,41.678247],[-87.947853,41.678228],[-87.947854,41.678206],[-87.947858,41.678188],[-87.947864,41.67816],[-87.947863,41.678129],[-87.947848,41.678106],[-87.94784,41.678077],[-87.947844,41.678051],[-87.947861,41.678019],[-87.947892,41.677995],[-87.947934,41.677984],[-87.947984,41.677978],[-87.948015,41.677965],[-87.948034,41.677946],[-87.948053,41.677914],[-87.948082,41.677862],[-87.948107,41.677809],[-87.948125,41.677763],[-87.948147,41.677706],[-87.948166,41.677638],[-87.948177,41.677593],[-87.948191,41.677525],[-87.9482,41.677456],[-87.948208,41.677386],[-87.948211,41.677328],[-87.948212,41.677262],[-87.948202,41.677195],[-87.948196,41.677134],[-87.9482,41.677107],[-87.94821,41.677079],[-87.948246,41.677031],[-87.948294,41.676983],[-87.948331,41.676936],[-87.948374,41.6769],[-87.948424,41.676862],[-87.948474,41.676821],[-87.948529,41.676789],[-87.948585,41.676767],[-87.94863,41.676747],[-87.948669,41.676723],[-87.948701,41.67669],[-87.948744,41.676652],[-87.948797,41.676624],[-87.948868,41.6766],[-87.94893,41.676586]]]},"properties":{"feature_id":"fairway-osm-r20613611","layer":"fairway","holes":[1],"source":"osm","osm_id":"relation/20613611","osm_version":1,"verified":false}},{"type":"Feature","geometry":{"type":"Polygon","coordinates":[[[-87.947693,41.67929],[-87.947663,41.67929],[-87.947635,41.679286],[-87.947612,41.67928],[-87.947594,41.679275],[-87.947564,41.679269],[-87.947533,41.679264],[-87.947512,41.679262],[-87.947491,41.679263],[-87.947469,41.679267],[-87.947445,41.679274],[-87.947419,41.679279],[-87.947388,41.679277],[-87.947366,41.679267],[-87.947348,41.679253],[-87.94734,41.679241],[-87.947334,41.679223],[-87.947334,41.679202],[-87.94734,41.679181],[-87.947351,41.679165],[-87.947375,41.679152],[-87.947401,41.679145],[-87.947416,41.679137],[-87.947435,41.679129],[-87.947449,41.679118],[-87.947459,41.679103],[-87.94747,41.679079],[-87.947487,41.679062],[-87.947506,41.679048],[-87.947531,41.679038],[-87.947556,41.679035],[-87.947584,41.679039],[-87.94761,41.679047],[-87.947625,41.679064],[-87.947643,41.679074],[-87.947659,41.679088],[-87.947665,41.679107],[-87.947677,41.679123],[-87.94769,41.67914],[-87.947703,41.679154],[-87.947717,41.679164],[-87.947733,41.679182],[-87.947747,41.679196],[-87.94776,41.67921],[-87.947766,41.679226],[-87.947764,41.679241],[-87.947755,41.679259],[-87.947738,41.679275],[-87.94772,41.679286],[-87.947693,41.67929]]]},"properties":{"feature_id":"fairway-osm-r20617828","layer":"fairway","holes":[2],"source":"osm","osm_id":"relation/20617828","osm_version":1,"verified":false}},{"type":"Feature","geometry":{"type":"Polygon","coordinates":[[[-87.945556,41.680161],[-87.94559,41.680135],[-87.945602,41.680116],[-87.945609,41.680095],[-87.945605,41.680069],[-87.945586,41.680039],[-87.94557,41.680021],[-87.945536,41.680003],[-87.9455,41.68],[-87.945455,41.680004],[-87.945416,41.680018],[-87.945385,41.680032],[-87.945342,41.680043],[-87.945297,41.680055],[-87.945251,41.680069],[-87.945186,41.680085],[-87.945139,41.680097],[-87.945067,41.680116],[-87.945005,41.68013],[-87.944934,41.680142],[-87.944862,41.680155],[-87.944788,41.680166],[-87.944717,41.680181],[-87.944644,41.680201],[-87.94458,41.680222],[-87.944511,41.680243],[-87.944452,41.680262],[-87.944404,41.680285],[-87.944325,41.680313],[-87.944262,41.680335],[-87.944201,41.680355],[-87.944115,41.680381],[-87.944036,41.680403],[-87.943981,41.680432],[-87.943938,41.680463],[-87.943914,41.680492],[-87.943878,41.680521],[-87.943843,41.680542],[-87.94381,41.680565],[-87.943787,41.680599],[-87.943765,41.680632],[-87.943734,41.68065],[-87.943685,41.68066],[-87.943636,41.680654],[-87.943582,41.680643],[-87.94352,41.680637],[-87.943465,41.680635],[-87.943398,41.680648],[-87.943321,41.680659],[-87.943247,41.680666],[-87.943195,41.680679],[-87.943149,41.680694],[-87.943107,41.68072],[-87.943075,41.680753],[-87.943054,41.680789],[-87.943039,41.680828],[-87.943027,41.680869],[-87.943028,41.680907],[-87.94302,41.680933],[-87.943003,41.680953],[-87.942973,41.680978],[-87.942954,41.681009],[-87.94294,41.681039],[-87.942929,41.681075],[-87.942921,41.681108],[-87.942923,41.681136],[-87.942935,41.681161],[-87.942949,41.681179],[-87.942971,41.681192],[-87.942999,41.681199],[-87.943029,41.681206],[-87.943062,41.681214],[-87.943085,41.681223],[-87.943117,41.681229],[-87.943154,41.681232],[-87.943186,41.68123],[-87.943214,41.681222],[-87.94325,41.681208],[-87.943269,41.681193],[-87.943275,41.681167],[-87.943269,41.681143],[-87.943255,41.681122],[-87.94323,41.681099],[-87.943211,41.681078],[-87.94319,41.681051],[-87.943179,41.681032],[-87.943165,41.681001],[-87.94315,41.680964],[-87.943153,41.680932],[-87.943173,41.680898],[-87.943213,41.680863],[-87.943242,41.68084],[-87.943273,41.680827],[-87.943313,41.680831],[-87.943351,41.680854],[-87.943385,41.680886],[-87.943421,41.6809],[-87.943456,41.680899],[-87.94349,41.680892],[-87.943537,41.680875],[-87.943576,41.680863],[-87.943622,41.680846],[-87.943675,41.680833],[-87.943745,41.680823],[-87.943802,41.680815],[-87.943853,41.680799],[-87.943898,41.68078],[-87.943952,41.680752],[-87.944012,41.68072],[-87.944074,41.680683],[-87.944129,41.680653],[-87.94419,41.680628],[-87.944271,41.6806],[-87.944338,41.68058],[-87.944412,41.680566],[-87.944474,41.680547],[-87.944524,41.680524],[-87.944594,41.680487],[-87.944649,41.68046],[-87.944697,41.680438],[-87.94475,41.680413],[-87.94482,41.680383],[-87.94489,41.680356],[-87.944957,41.680334],[-87.945005,41.680317],[-87.945063,41.6803],[-87.945142,41.680277],[-87.94522,41.680255],[-87.945269,41.680241],[-87.945308,41.680231],[-87.945363,41.680216],[-87.945417,41.6802],[-87.945455,41.680189],[-87.945493,41.68018],[-87.945556,41.680161]]]},"properties":{"feature_id":"fairway-osm-r20617829","layer":"fairway","holes":[3],"source":"osm","osm_id":"relation/20617829","osm_version":1,"verified":false}},{"type":"Feature","geometry":{"type":"Polygon","coordinates":[[[-87.94515,41.681656],[-87.945159,41.681621],[-87.945157,41.681592],[-87.945151,41.681566],[-87.945135,41.681535],[-87.945103,41.681504],[-87.945053,41.681479],[-87.945,41.681474],[-87.944944,41.68148],[-87.944882,41.681493],[-87.944844,41.681521],[-87.944811,41.681551],[-87.944774,41.681585],[-87.944746,41.681627],[-87.94472,41.681662],[-87.944692,41.681691],[-87.944637,41.681718],[-87.94457,41.681731],[-87.944526,41.681746],[-87.944474,41.681768],[-87.944416,41.681808],[-87.944356,41.681836],[-87.944295,41.681861],[-87.944238,41.681891],[-87.944177,41.681919],[-87.944114,41.681941],[-87.944031,41.681967],[-87.943944,41.681981],[-87.943845,41.682],[-87.943756,41.682011],[-87.943658,41.682019],[-87.943563,41.68203],[-87.943491,41.68204],[-87.943419,41.68206],[-87.943349,41.682084],[-87.943277,41.682109],[-87.943198,41.682129],[-87.943118,41.682141],[-87.943026,41.682158],[-87.94296,41.682177],[-87.942887,41.682206],[-87.942825,41.682233],[-87.942744,41.682272],[-87.942682,41.682296],[-87.942623,41.682318],[-87.942557,41.682335],[-87.942497,41.682338],[-87.942438,41.682324],[-87.942379,41.682312],[-87.942323,41.682318],[-87.942257,41.682342],[-87.942176,41.682367],[-87.942095,41.682394],[-87.942022,41.682414],[-87.941972,41.682435],[-87.941945,41.682454],[-87.941925,41.682476],[-87.941919,41.682509],[-87.941917,41.682536],[-87.941898,41.682561],[-87.941868,41.682575],[-87.941828,41.682579],[-87.941794,41.682579],[-87.941749,41.682572],[-87.94172,41.682561],[-87.9417,41.682528],[-87.941691,41.682506],[-87.941673,41.682485],[-87.941647,41.68247],[-87.941613,41.682462],[-87.941577,41.682459],[-87.941548,41.682458],[-87.94151,41.682463],[-87.941474,41.682471],[-87.94145,41.682471],[-87.941417,41.682469],[-87.941388,41.682467],[-87.94136,41.682467],[-87.941335,41.682471],[-87.941309,41.682481],[-87.941291,41.682492],[-87.941277,41.682519],[-87.94128,41.68254],[-87.941296,41.68257],[-87.941316,41.682593],[-87.941334,41.682609],[-87.941359,41.682627],[-87.941385,41.682639],[-87.941416,41.682653],[-87.941452,41.682661],[-87.941492,41.682667],[-87.941531,41.682666],[-87.941569,41.682657],[-87.941598,41.682649],[-87.941624,41.682637],[-87.941645,41.682628],[-87.941677,41.682611],[-87.941715,41.682605],[-87.941758,41.682608],[-87.941814,41.682617],[-87.941848,41.682626],[-87.941882,41.682643],[-87.94191,41.68266],[-87.941941,41.682671],[-87.941978,41.682675],[-87.94202,41.682671],[-87.942068,41.682666],[-87.942142,41.682654],[-87.942232,41.682638],[-87.94232,41.682618],[-87.942422,41.682598],[-87.942536,41.682577],[-87.942627,41.682561],[-87.942737,41.68254],[-87.942831,41.682514],[-87.942922,41.68249],[-87.943023,41.682471],[-87.943119,41.68244],[-87.943191,41.682405],[-87.943249,41.682373],[-87.943314,41.682329],[-87.943377,41.682295],[-87.943451,41.682264],[-87.943517,41.68225],[-87.943606,41.682248],[-87.943696,41.682243],[-87.943754,41.682245],[-87.943815,41.682229],[-87.943859,41.68222],[-87.94393,41.682208],[-87.94402,41.682195],[-87.944079,41.682178],[-87.944151,41.682148],[-87.944223,41.682123],[-87.944288,41.682097],[-87.944344,41.682071],[-87.944409,41.682048],[-87.944484,41.682028],[-87.944592,41.682007],[-87.944687,41.681984],[-87.944762,41.681959],[-87.944818,41.681936],[-87.94487,41.681904],[-87.944919,41.681868],[-87.944977,41.681827],[-87.945033,41.681777],[-87.945071,41.681739],[-87.945115,41.681695],[-87.94515,41.681656]]]},"properties":{"feature_id":"fairway-osm-r20617977","layer":"fairway","holes":[5],"source":"osm","osm_id":"relation/20617977","osm_version":1,"verified":false}},{"type":"Feature","geometry":{"type":"Polygon","coordinates":[[[-87.945291,41.682394],[-87.945255,41.682428],[-87.945235,41.682468],[-87.945231,41.6825],[-87.945245,41.682531],[-87.945265,41.682554],[-87.945299,41.682569],[-87.945349,41.682571],[-87.9454,41.682572],[-87.945456,41.682555],[-87.945508,41.68253],[-87.945568,41.682499],[-87.945651,41.682458],[-87.945727,41.682418],[-87.945818,41.682367],[-87.945891,41.682324],[-87.945946,41.682292],[-87.946012,41.682246],[-87.946057,41.682217],[-87.946097,41.68219],[-87.946131,41.682162],[-87.946171,41.68212],[-87.946198,41.682075],[-87.946229,41.682023],[-87.94626,41.681972],[-87.946303,41.681917],[-87.946345,41.681877],[-87.946397,41.681837],[-87.946445,41.681779],[-87.946472,41.68174],[-87.946505,41.681691],[-87.946528,41.681654],[-87.946532,41.681616],[-87.946522,41.681571],[-87.946529,41.68153],[-87.946548,41.681484],[-87.946583,41.681449],[-87.946609,41.681434],[-87.946639,41.681428],[-87.946671,41.68143],[-87.946712,41.681436],[-87.946741,41.681447],[-87.946774,41.681462],[-87.946793,41.681472],[-87.946816,41.681483],[-87.946834,41.681491],[-87.946852,41.681492],[-87.946884,41.681493],[-87.94691,41.68149],[-87.946933,41.681478],[-87.946946,41.681461],[-87.946952,41.681443],[-87.946953,41.681423],[-87.946952,41.681404],[-87.946947,41.681385],[-87.946935,41.681358],[-87.946922,41.681335],[-87.946909,41.681316],[-87.946892,41.681297],[-87.946875,41.681279],[-87.946862,41.681265],[-87.946846,41.681253],[-87.946826,41.681243],[-87.946798,41.681235],[-87.946771,41.681235],[-87.946751,41.681243],[-87.946734,41.681252],[-87.946715,41.681269],[-87.946696,41.68128],[-87.946674,41.68129],[-87.946648,41.681304],[-87.946626,41.681315],[-87.946606,41.681328],[-87.946585,41.681341],[-87.946566,41.681355],[-87.946544,41.681365],[-87.946513,41.681372],[-87.946484,41.681372],[-87.946437,41.681386],[-87.946397,41.681416],[-87.94635,41.681451],[-87.946297,41.681496],[-87.946247,41.681536],[-87.946196,41.681586],[-87.946133,41.681638],[-87.946095,41.68168],[-87.946084,41.681717],[-87.94609,41.681754],[-87.946084,41.68179],[-87.946063,41.681823],[-87.94604,41.681847],[-87.946014,41.681887],[-87.945986,41.681946],[-87.94594,41.681982],[-87.94591,41.681993],[-87.945867,41.681998],[-87.945813,41.681993],[-87.94576,41.682004],[-87.945726,41.682021],[-87.945693,41.682044],[-87.945644,41.68208],[-87.945589,41.682119],[-87.945528,41.682158],[-87.945482,41.682194],[-87.94543,41.682232],[-87.945386,41.682276],[-87.945353,41.682316],[-87.945322,41.682353],[-87.945291,41.682394]]]},"properties":{"feature_id":"fairway-osm-r20618005","layer":"fairway","holes":[8],"source":"osm","osm_id":"relation/20618005","osm_version":1,"verified":false}},{"type":"Feature","geometry":{"type":"Polygon","coordinates":[[[-87.941389,41.683451],[-87.941346,41.683491],[-87.941319,41.683537],[-87.941315,41.683574],[-87.941327,41.683598],[-87.941353,41.683626],[-87.941389,41.683655],[-87.941428,41.683681],[-87.941474,41.683699],[-87.941514,41.683707],[-87.941555,41.68371],[-87.9416,41.683705],[-87.941646,41.683686],[-87.941677,41.683669],[-87.941709,41.683646],[-87.941738,41.683618],[-87.941767,41.683581],[-87.941802,41.683532],[-87.941826,41.683493],[-87.941873,41.68341],[-87.941943,41.683335],[-87.942016,41.683288],[-87.942094,41.683266],[-87.942182,41.683242],[-87.942258,41.683215],[-87.942324,41.683185],[-87.942392,41.683165],[-87.942473,41.683143],[-87.942535,41.683142],[-87.942595,41.683151],[-87.942665,41.683182],[-87.942744,41.683195],[-87.942821,41.683204],[-87.942903,41.68321],[-87.94298,41.683218],[-87.943066,41.683221],[-87.94314,41.683216],[-87.943202,41.68321],[-87.943259,41.683205],[-87.943285,41.683198],[-87.943308,41.68318],[-87.943329,41.683152],[-87.943344,41.683141],[-87.943364,41.683129],[-87.943387,41.683124],[-87.943418,41.683125],[-87.943444,41.683134],[-87.943467,41.683141],[-87.943487,41.683156],[-87.943499,41.68318],[-87.94351,41.683201],[-87.943523,41.68321],[-87.943541,41.683219],[-87.943561,41.68322],[-87.943579,41.683216],[-87.943601,41.683203],[-87.943618,41.683185],[-87.943628,41.683169],[-87.943636,41.683156],[-87.943652,41.683149],[-87.94368,41.68315],[-87.943704,41.683149],[-87.943737,41.683146],[-87.943764,41.68314],[-87.943785,41.683126],[-87.943796,41.683114],[-87.943803,41.683098],[-87.943802,41.68308],[-87.943791,41.683064],[-87.943773,41.683049],[-87.94375,41.683036],[-87.943724,41.68303],[-87.943699,41.683028],[-87.943671,41.683021],[-87.943656,41.683007],[-87.943638,41.682986],[-87.943616,41.682963],[-87.943594,41.682948],[-87.943575,41.682944],[-87.94355,41.682947],[-87.943528,41.682955],[-87.94351,41.682967],[-87.943501,41.682982],[-87.943492,41.683003],[-87.943481,41.68302],[-87.943463,41.683032],[-87.943441,41.683041],[-87.943417,41.68305],[-87.94339,41.683061],[-87.943372,41.683071],[-87.943344,41.683075],[-87.94331,41.683074],[-87.943283,41.683059],[-87.943254,41.683033],[-87.943236,41.683007],[-87.943216,41.682987],[-87.943146,41.682973],[-87.943077,41.682968],[-87.942996,41.682962],[-87.942929,41.682962],[-87.942862,41.682968],[-87.94277,41.682979],[-87.942668,41.682982],[-87.942586,41.682982],[-87.942504,41.682979],[-87.942418,41.682977],[-87.942324,41.682984],[-87.942235,41.682991],[-87.942145,41.683001],[-87.942055,41.683024],[-87.941953,41.683048],[-87.941876,41.683077],[-87.941775,41.683116],[-87.941711,41.683153],[-87.941665,41.683185],[-87.941605,41.683231],[-87.941545,41.683296],[-87.941494,41.68335],[-87.941445,41.683394],[-87.941389,41.683451]]]},"properties":{"feature_id":"fairway-osm-r20618006","layer":"fairway","holes":[7],"source":"osm","osm_id":"relation/20618006","osm_version":1,"verified":false}},{"type":"Feature","geometry":{"type":"Polygon","coordinates":[[[-87.947937,41.67942],[-87.947848,41.679482],[-87.947808,41.679533],[-87.94779,41.679586],[-87.947788,41.679627],[-87.947804,41.679661],[-87.947825,41.679681],[-87.94786,41.679698],[-87.947903,41.679702],[-87.947959,41.679696],[-87.948017,41.679669],[-87.948072,41.679635],[-87.948114,41.679598],[-87.948187,41.679531],[-87.948273,41.679458],[-87.948385,41.679375],[-87.948484,41.679323],[-87.948587,41.679269],[-87.948709,41.679201],[-87.948795,41.679145],[-87.948862,41.679099],[-87.948914,41.679038],[-87.948934,41.678981],[-87.948962,41.678903],[-87.948982,41.678849],[-87.949011,41.678765],[-87.949077,41.67868],[-87.949151,41.678611],[-87.949196,41.678567],[-87.94923,41.678525],[-87.949264,41.678454],[-87.949288,41.678373],[-87.949332,41.678318],[-87.949415,41.678252],[-87.949489,41.678204],[-87.949558,41.678124],[-87.949602,41.678056],[-87.949657,41.677974],[-87.949707,41.677884],[-87.949746,41.677809],[-87.949782,41.677735],[-87.94981,41.67767],[-87.949843,41.677592],[-87.94985,41.677535],[-87.949838,41.67746],[-87.949791,41.677392],[-87.949762,41.677321],[-87.949763,41.677251],[-87.949796,41.6772],[-87.949861,41.677178],[-87.949926,41.677167],[-87.950001,41.677146],[-87.950044,41.677107],[-87.950063,41.677065],[-87.95007,41.677021],[-87.95008,41.67697],[-87.95011,41.676925],[-87.95013,41.676895],[-87.950134,41.67686],[-87.950114,41.676819],[-87.950113,41.676779],[-87.950126,41.676757],[-87.950145,41.676736],[-87.950168,41.67672],[-87.950187,41.676706],[-87.950202,41.676695],[-87.950227,41.676681],[-87.950257,41.676664],[-87.95028,41.67665],[-87.950303,41.676631],[-87.950312,41.676613],[-87.950316,41.676592],[-87.950316,41.676569],[-87.950312,41.676548],[-87.9503,41.676524],[-87.950279,41.676501],[-87.950256,41.676481],[-87.950234,41.67647],[-87.950206,41.676459],[-87.95017,41.67645],[-87.950136,41.676448],[-87.950108,41.676451],[-87.950082,41.676462],[-87.950064,41.676478],[-87.950056,41.676495],[-87.950057,41.676516],[-87.95006,41.676536],[-87.950061,41.676555],[-87.950063,41.676576],[-87.950058,41.676595],[-87.950046,41.676618],[-87.950034,41.676645],[-87.950029,41.676676],[-87.950034,41.676697],[-87.950036,41.676711],[-87.950033,41.676733],[-87.95002,41.676748],[-87.95,41.676756],[-87.94998,41.676759],[-87.949935,41.676759],[-87.949861,41.67676],[-87.949803,41.676784],[-87.949763,41.676826],[-87.94974,41.676857],[-87.949705,41.676915],[-87.949681,41.676994],[-87.949658,41.677064],[-87.949618,41.677159],[-87.949598,41.67722],[-87.94958,41.677335],[-87.949558,41.67744],[-87.949506,41.677551],[-87.949448,41.677641],[-87.949409,41.67772],[-87.949371,41.677806],[-87.949332,41.677915],[-87.94929,41.67806],[-87.949251,41.67814],[-87.949199,41.67822],[-87.949132,41.678293],[-87.949046,41.678361],[-87.948987,41.678438],[-87.948911,41.678552],[-87.94882,41.678656],[-87.948734,41.678732],[-87.948651,41.678815],[-87.948539,41.678923],[-87.948451,41.679],[-87.948378,41.67907],[-87.948297,41.679145],[-87.948204,41.679213],[-87.948112,41.679289],[-87.948029,41.679363],[-87.947937,41.67942]]]},"properties":{"feature_id":"fairway-osm-r20618104","layer":"fairway","holes":[2],"source":"osm","osm_id":"relation/20618104","osm_version":1,"verified":false}},{"type":"Feature","geometry":{"type":"Polygon","coordinates":[[[-87.953571,41.683761],[-87.95355,41.683744],[-87.953523,41.683724],[-87.953497,41.683703],[-87.953466,41.683681],[-87.953438,41.68366],[-87.953387,41.683631],[-87.953332,41.683602],[-87.953277,41.683567],[-87.953222,41.683547],[-87.953179,41.683525],[-87.953137,41.683496],[-87.953102,41.683465],[-87.95307,41.683418],[-87.953066,41.683374],[-87.953076,41.68333],[-87.953098,41.683287],[-87.953104,41.683228],[-87.953076,41.683158],[-87.953027,41.683061],[-87.952976,41.682962],[-87.95295,41.682883],[-87.952921,41.682814],[-87.952905,41.682722],[-87.952887,41.682599],[-87.952879,41.682458],[-87.95287,41.682364],[-87.952868,41.682265],[-87.952866,41.682166],[-87.952879,41.682036],[-87.952881,41.681927],[-87.952883,41.681825],[-87.952881,41.68177],[-87.952883,41.68172],[-87.952895,41.681662],[-87.952927,41.681597],[-87.952933,41.681527],[-87.952917,41.681468],[-87.952885,41.681398],[-87.952838,41.681315],[-87.952799,41.681245],[-87.952773,41.681186],[-87.952755,41.681108],[-87.952751,41.681025],[-87.952734,41.680975],[-87.952698,41.68094],[-87.952649,41.680912],[-87.952592,41.680908],[-87.952539,41.680911],[-87.952486,41.680929],[-87.95245,41.680953],[-87.952415,41.680997],[-87.952405,41.681047],[-87.952407,41.681102],[-87.952419,41.681184],[-87.952433,41.681245],[-87.952456,41.681322],[-87.952474,41.68138],[-87.952501,41.681432],[-87.952541,41.681488],[-87.95258,41.681548],[-87.952604,41.681606],[-87.952608,41.681671],[-87.952604,41.681756],[-87.952588,41.681835],[-87.952566,41.681944],[-87.952559,41.68204],[-87.952557,41.682156],[-87.952572,41.682279],[-87.952588,41.682417],[-87.952594,41.682534],[-87.952592,41.682605],[-87.952581,41.68266],[-87.952569,41.682732],[-87.952557,41.682788],[-87.952532,41.682853],[-87.95252,41.682908],[-87.952512,41.682965],[-87.952516,41.68302],[-87.952544,41.683066],[-87.952589,41.683098],[-87.952628,41.683128],[-87.952648,41.683152],[-87.952678,41.68319],[-87.952707,41.683217],[-87.952738,41.683248],[-87.952778,41.683298],[-87.952805,41.683348],[-87.952825,41.683404],[-87.952839,41.683466],[-87.952845,41.683532],[-87.952866,41.683583],[-87.9529,41.68363],[-87.952953,41.683667],[-87.953024,41.683709],[-87.953085,41.683759],[-87.953179,41.683811],[-87.953268,41.683846],[-87.953323,41.683857],[-87.953369,41.683854],[-87.953409,41.683846],[-87.95344,41.683835],[-87.953472,41.68382],[-87.953498,41.683816],[-87.953528,41.683821],[-87.953549,41.683836],[-87.953564,41.683857],[-87.95357,41.683866],[-87.953583,41.683889],[-87.953589,41.683916],[-87.953595,41.683939],[-87.953602,41.683959],[-87.953609,41.683977],[-87.953619,41.683999],[-87.953636,41.684021],[-87.953656,41.68404],[-87.953687,41.684053],[-87.953721,41.684059],[-87.953758,41.684061],[-87.95379,41.684064],[-87.953812,41.684071],[-87.95384,41.684075],[-87.953867,41.68407],[-87.953895,41.684057],[-87.953921,41.684039],[-87.953963,41.684014],[-87.953991,41.684],[-87.95402,41.683981],[-87.954032,41.683962],[-87.954036,41.683943],[-87.95403,41.683926],[-87.954015,41.683913],[-87.953992,41.683903],[-87.953964,41.683898],[-87.953936,41.683891],[-87.953913,41.683882],[-87.953886,41.683868],[-87.953866,41.683858],[-87.953848,41.683845],[-87.953839,41.683829],[-87.953835,41.683812],[-87.953833,41.683793],[-87.953827,41.683769],[-87.953816,41.683746],[-87.953799,41.683727],[-87.953781,41.683715],[-87.953758,41.683712],[-87.953733,41.683713],[-87.953705,41.68372],[-87.953686,41.683729],[-87.953669,41.683739],[-87.953651,41.683751],[-87.95363,41.68376],[-87.953604,41.683764],[-87.953571,41.683761]]]},"properties":{"feature_id":"fairway-osm-r20618163","layer":"fairway","holes":[11],"source":"osm","osm_id":"relation/20618163","osm_version":1,"verified":false}},{"type":"Feature","geometry":{"type":"Polygon","coordinates":[[[-87.950088,41.677857],[-87.950056,41.677945],[-87.950026,41.678035],[-87.950001,41.6781],[-87.949973,41.678174],[-87.949934,41.678283],[-87.949909,41.678378],[-87.949885,41.678456],[-87.94987,41.67852],[-87.94986,41.678578],[-87.949846,41.678643],[-87.949837,41.678695],[-87.949835,41.678749],[-87.949853,41.678816],[-87.949871,41.678865],[-87.949902,41.678907],[-87.949949,41.67896],[-87.950002,41.679015],[-87.950043,41.679054],[-87.950086,41.679097],[-87.950119,41.679124],[-87.950153,41.679154],[-87.950174,41.679177],[-87.950186,41.679196],[-87.950192,41.679214],[-87.950191,41.679229],[-87.950183,41.67924],[-87.950171,41.67925],[-87.950155,41.679259],[-87.95013,41.679269],[-87.950101,41.679279],[-87.950081,41.67929],[-87.950066,41.679306],[-87.950064,41.679324],[-87.950072,41.679347],[-87.950093,41.679365],[-87.950117,41.679377],[-87.950143,41.679386],[-87.950172,41.679393],[-87.950212,41.679397],[-87.950243,41.6794],[-87.950279,41.679408],[-87.950314,41.67942],[-87.950347,41.679438],[-87.950367,41.67945],[-87.950389,41.679459],[-87.950418,41.679464],[-87.950447,41.679462],[-87.950468,41.679454],[-87.950482,41.67944],[-87.950491,41.679422],[-87.95049,41.679402],[-87.950481,41.679383],[-87.950469,41.679363],[-87.95046,41.679346],[-87.950456,41.67932],[-87.950459,41.679295],[-87.950455,41.679273],[-87.950446,41.67926],[-87.95043,41.679248],[-87.950405,41.67924],[-87.95038,41.679242],[-87.950356,41.67925],[-87.950334,41.679255],[-87.950308,41.679249],[-87.950281,41.679239],[-87.950266,41.679228],[-87.950257,41.679213],[-87.950243,41.679191],[-87.950239,41.679168],[-87.950237,41.679139],[-87.950252,41.679104],[-87.950267,41.679063],[-87.950264,41.679021],[-87.950238,41.67897],[-87.950184,41.678911],[-87.950136,41.678852],[-87.950107,41.678792],[-87.950101,41.678744],[-87.950112,41.678686],[-87.950125,41.678622],[-87.95015,41.678564],[-87.950177,41.678496],[-87.950193,41.678428],[-87.950208,41.678352],[-87.95022,41.678257],[-87.950238,41.678167],[-87.950258,41.678083],[-87.950301,41.677978],[-87.950312,41.677943],[-87.950327,41.677909],[-87.95034,41.677879],[-87.950344,41.677846],[-87.950332,41.677818],[-87.950299,41.67779],[-87.950261,41.677776],[-87.950206,41.677776],[-87.950156,41.677787],[-87.950116,41.677812],[-87.950088,41.677857]]]},"properties":{"feature_id":"fairway-osm-r20618164","layer":"fairway","holes":[10],"source":"osm","osm_id":"relation/20618164","osm_version":1,"verified":false}},{"type":"Feature","geometry":{"type":"Polygon","coordinates":[[[-87.953337,41.68569],[-87.953332,41.685709],[-87.95332,41.685737],[-87.953318,41.685764],[-87.953332,41.68579],[-87.95335,41.685814],[-87.953368,41.685839],[-87.953371,41.685857],[-87.953369,41.685879],[-87.95335,41.6859],[-87.95332,41.685917],[-87.95329,41.685927],[-87.953268,41.685942],[-87.953243,41.685968],[-87.953224,41.685977],[-87.953199,41.685985],[-87.953176,41.685984],[-87.953155,41.68598],[-87.953124,41.685963],[-87.953111,41.685946],[-87.953105,41.685926],[-87.953102,41.6859],[-87.953112,41.685881],[-87.95312,41.685863],[-87.953118,41.685843],[-87.953113,41.685824],[-87.953099,41.685804],[-87.953083,41.685787],[-87.953065,41.685775],[-87.953044,41.685762],[-87.953019,41.685738],[-87.953001,41.685713],[-87.952996,41.685682],[-87.953012,41.685656],[-87.953038,41.685636],[-87.953071,41.685622],[-87.953106,41.685617],[-87.953136,41.685616],[-87.953163,41.685622],[-87.953197,41.685629],[-87.953223,41.685629],[-87.953243,41.685628],[-87.95327,41.685625],[-87.953293,41.685619],[-87.953304,41.685607],[-87.953318,41.685592],[-87.953327,41.685571],[-87.953328,41.685553],[-87.953323,41.685535],[-87.953306,41.685524],[-87.953282,41.685515],[-87.953263,41.685505],[-87.953248,41.685486],[-87.95325,41.685468],[-87.953258,41.685451],[-87.953278,41.685443],[-87.953302,41.685439],[-87.953335,41.685441],[-87.953375,41.685451],[-87.953413,41.685462],[-87.95345,41.685478],[-87.953477,41.685493],[-87.953497,41.685511],[-87.953517,41.685537],[-87.953529,41.685569],[-87.953525,41.685595],[-87.953512,41.685609],[-87.953487,41.68562],[-87.953455,41.685626],[-87.953424,41.685631],[-87.953395,41.685637],[-87.953367,41.685645],[-87.95335,41.685655],[-87.95334,41.685672],[-87.953337,41.68569]]]},"properties":{"feature_id":"fairway-osm-r20618165","layer":"fairway","holes":[12],"source":"osm","osm_id":"relation/20618165","osm_version":1,"verified":false}},{"type":"Feature","geometry":{"type":"Polygon","coordinates":[[[-87.957674,41.685124],[-87.957677,41.685146],[-87.957669,41.685169],[-87.957659,41.685183],[-87.957648,41.685193],[-87.957628,41.685199],[-87.957609,41.685202],[-87.957583,41.685199],[-87.957555,41.685193],[-87.957533,41.685187],[-87.957507,41.685185],[-87.957477,41.68519],[-87.957451,41.6852],[-87.957431,41.685208],[-87.957411,41.685214],[-87.95739,41.68522],[-87.957369,41.685224],[-87.957349,41.685227],[-87.957323,41.685224],[-87.957301,41.685219],[-87.957283,41.685209],[-87.95727,41.6852],[-87.957258,41.685182],[-87.957253,41.685166],[-87.957255,41.685146],[-87.957262,41.685127],[-87.957277,41.685111],[-87.957294,41.685096],[-87.957308,41.685083],[-87.957323,41.68507],[-87.957346,41.685049],[-87.957362,41.685034],[-87.95738,41.685022],[-87.957397,41.685012],[-87.957419,41.685005],[-87.957439,41.685001],[-87.95746,41.684997],[-87.957482,41.684995],[-87.957508,41.684992],[-87.957533,41.684995],[-87.957556,41.684999],[-87.957579,41.685008],[-87.957599,41.685023],[-87.957619,41.685043],[-87.957633,41.685061],[-87.957647,41.685079],[-87.957666,41.685103],[-87.957674,41.685124]]]},"properties":{"feature_id":"fairway-osm-r20618184","layer":"fairway","holes":[13],"source":"osm","osm_id":"relation/20618184","osm_version":1,"verified":false}},{"type":"Feature","geometry":{"type":"Polygon","coordinates":[[[-87.955893,41.684987],[-87.955889,41.684957],[-87.955875,41.684935],[-87.955863,41.684921],[-87.955826,41.684892],[-87.955794,41.684877],[-87.955772,41.684871],[-87.955751,41.684872],[-87.955734,41.684879],[-87.955716,41.684891],[-87.955698,41.684904],[-87.955673,41.684918],[-87.955647,41.684919],[-87.955626,41.684912],[-87.955609,41.684895],[-87.955597,41.684876],[-87.955577,41.68486],[-87.95556,41.684853],[-87.955528,41.684844],[-87.955509,41.684835],[-87.955479,41.684826],[-87.955455,41.684817],[-87.955431,41.684803],[-87.955406,41.684791],[-87.955368,41.684781],[-87.955337,41.68478],[-87.955304,41.684791],[-87.955275,41.684812],[-87.955258,41.684838],[-87.955245,41.68486],[-87.955234,41.684883],[-87.955216,41.684902],[-87.955192,41.684919],[-87.955174,41.684937],[-87.955172,41.684954],[-87.955175,41.68498],[-87.955186,41.684996],[-87.955199,41.685007],[-87.955229,41.68502],[-87.955268,41.685022],[-87.955294,41.685022],[-87.95532,41.685017],[-87.95535,41.685008],[-87.955389,41.685001],[-87.95542,41.684996],[-87.955451,41.684996],[-87.955486,41.684998],[-87.955507,41.684999],[-87.955542,41.684995],[-87.955567,41.684988],[-87.955593,41.684981],[-87.955616,41.684974],[-87.955641,41.684972],[-87.955667,41.684981],[-87.95568,41.685001],[-87.955689,41.685026],[-87.955697,41.685056],[-87.955707,41.685077],[-87.955721,41.685092],[-87.95574,41.685103],[-87.955774,41.685104],[-87.955804,41.685096],[-87.955838,41.685076],[-87.955864,41.685054],[-87.955881,41.685032],[-87.955888,41.685017],[-87.955893,41.684987]]]},"properties":{"feature_id":"fairway-osm-r20618224","layer":"fairway","holes":[14],"source":"osm","osm_id":"relation/20618224","osm_version":1,"verified":false}},{"type":"Feature","geometry":{"type":"Polygon","coordinates":[[[-87.956145,41.682563],[-87.956129,41.682612],[-87.956119,41.682653],[-87.956113,41.682686],[-87.956121,41.682729],[-87.956139,41.682761],[-87.956172,41.682787],[-87.956208,41.682807],[-87.956241,41.682821],[-87.956265,41.682827],[-87.956296,41.682826],[-87.956333,41.682811],[-87.956361,41.682787],[-87.956378,41.682746],[-87.956389,41.682701],[-87.956398,41.682647],[-87.956409,41.682611],[-87.956425,41.68258],[-87.956455,41.682542],[-87.956494,41.682504],[-87.956537,41.682464],[-87.956575,41.682421],[-87.956604,41.682374],[-87.956619,41.68232],[-87.95662,41.682259],[-87.956601,41.682204],[-87.956569,41.682149],[-87.956516,41.682115],[-87.956468,41.682077],[-87.956451,41.682018],[-87.956461,41.68195],[-87.956473,41.681898],[-87.956488,41.681848],[-87.956494,41.681766],[-87.956498,41.681695],[-87.956502,41.681621],[-87.956506,41.681538],[-87.956509,41.681446],[-87.956508,41.681361],[-87.956501,41.681249],[-87.956495,41.681154],[-87.956487,41.681062],[-87.956464,41.680931],[-87.956455,41.680851],[-87.956455,41.680775],[-87.956455,41.680706],[-87.956452,41.680627],[-87.956452,41.680559],[-87.956446,41.68052],[-87.956429,41.680474],[-87.956426,41.680433],[-87.956438,41.680414],[-87.95646,41.6804],[-87.956486,41.68039],[-87.956519,41.680388],[-87.956551,41.680385],[-87.956571,41.680379],[-87.956593,41.680368],[-87.95662,41.680354],[-87.956641,41.680346],[-87.956664,41.680343],[-87.956692,41.680335],[-87.956722,41.680323],[-87.956743,41.680303],[-87.956756,41.680267],[-87.956746,41.680232],[-87.956726,41.680203],[-87.956703,41.680183],[-87.956669,41.680164],[-87.95663,41.680151],[-87.956591,41.680149],[-87.956548,41.680158],[-87.956501,41.680162],[-87.956465,41.680159],[-87.956433,41.680153],[-87.956395,41.680154],[-87.956358,41.680166],[-87.956325,41.68019],[-87.956302,41.68021],[-87.956281,41.68023],[-87.956262,41.680253],[-87.956252,41.680277],[-87.956257,41.680303],[-87.956271,41.680332],[-87.956287,41.680359],[-87.956296,41.680388],[-87.956289,41.680431],[-87.956271,41.68047],[-87.956249,41.680524],[-87.956221,41.680604],[-87.956197,41.680684],[-87.956157,41.680762],[-87.956115,41.680832],[-87.95608,41.680896],[-87.956053,41.680969],[-87.956059,41.68107],[-87.956071,41.681175],[-87.956085,41.681254],[-87.956113,41.681365],[-87.956126,41.681459],[-87.956142,41.681541],[-87.956183,41.681655],[-87.956204,41.681736],[-87.956218,41.681817],[-87.956221,41.681893],[-87.956221,41.68197],[-87.95622,41.682048],[-87.956219,41.682119],[-87.956223,41.682187],[-87.956248,41.682246],[-87.956278,41.682307],[-87.956287,41.682364],[-87.956283,41.682414],[-87.95626,41.682461],[-87.956223,41.682497],[-87.956177,41.682522],[-87.956145,41.682563]]]},"properties":{"feature_id":"fairway-osm-r20618225","layer":"fairway","holes":[15],"source":"osm","osm_id":"relation/20618225","osm_version":1,"verified":false}},{"type":"Feature","geometry":{"type":"Polygon","coordinates":[[[-87.954709,41.681956],[-87.954736,41.68191],[-87.954774,41.68188],[-87.954831,41.681861],[-87.954886,41.681856],[-87.954949,41.681865],[-87.955004,41.681896],[-87.955044,41.68193],[-87.955056,41.681968],[-87.95506,41.682003],[-87.955064,41.682059],[-87.955069,41.682093],[-87.955076,41.682157],[-87.955098,41.682238],[-87.955122,41.682321],[-87.955136,41.682403],[-87.955142,41.682457],[-87.955141,41.682526],[-87.955126,41.682606],[-87.955106,41.682676],[-87.955092,41.682737],[-87.955088,41.68281],[-87.955094,41.682889],[-87.955121,41.682953],[-87.95516,41.683034],[-87.955205,41.683112],[-87.95525,41.683166],[-87.955323,41.68323],[-87.95537,41.68328],[-87.955417,41.683317],[-87.955469,41.68336],[-87.95549,41.68339],[-87.955502,41.683426],[-87.955525,41.683457],[-87.955545,41.68347],[-87.955581,41.683485],[-87.955623,41.683491],[-87.955659,41.683498],[-87.955701,41.683515],[-87.955722,41.683527],[-87.955747,41.683552],[-87.955763,41.683582],[-87.955786,41.683612],[-87.955807,41.683633],[-87.955827,41.683659],[-87.955836,41.683677],[-87.955844,41.683694],[-87.955844,41.683715],[-87.955836,41.683733],[-87.955815,41.68375],[-87.955788,41.683758],[-87.955761,41.683757],[-87.955736,41.683746],[-87.955714,41.683733],[-87.955694,41.683722],[-87.95567,41.683716],[-87.955637,41.683715],[-87.955608,41.683715],[-87.955571,41.683717],[-87.955549,41.683716],[-87.955524,41.683709],[-87.955503,41.683691],[-87.955498,41.683668],[-87.955504,41.683641],[-87.955509,41.683624],[-87.95551,41.683607],[-87.955506,41.683586],[-87.955497,41.683558],[-87.955488,41.683534],[-87.955481,41.683518],[-87.955459,41.683498],[-87.955437,41.683484],[-87.955384,41.683463],[-87.955333,41.683429],[-87.955294,41.683391],[-87.955239,41.683341],[-87.955188,41.683292],[-87.955124,41.683241],[-87.955064,41.683188],[-87.955002,41.683125],[-87.954964,41.683078],[-87.954912,41.683017],[-87.954862,41.68296],[-87.954833,41.682892],[-87.954813,41.682835],[-87.954809,41.682783],[-87.954811,41.682707],[-87.9548,41.682621],[-87.954772,41.682563],[-87.954743,41.682514],[-87.954709,41.682462],[-87.954691,41.682429],[-87.954673,41.682393],[-87.954648,41.682345],[-87.954644,41.682294],[-87.954655,41.682225],[-87.954671,41.682173],[-87.95468,41.682124],[-87.95469,41.682065],[-87.954709,41.681956]]]},"properties":{"feature_id":"fairway-osm-r20618226","layer":"fairway","holes":[16],"source":"osm","osm_id":"relation/20618226","osm_version":1,"verified":false}},{"type":"Feature","geometry":{"type":"Polygon","coordinates":[[[-87.954288,41.681443],[-87.954245,41.681446],[-87.954222,41.681451],[-87.954202,41.681466],[-87.954188,41.681481],[-87.954179,41.681504],[-87.954182,41.681528],[-87.954195,41.681549],[-87.954219,41.681567],[-87.954247,41.681592],[-87.954266,41.681617],[-87.954278,41.681649],[-87.954285,41.681685],[-87.954293,41.681737],[-87.95429,41.681775],[-87.954284,41.681811],[-87.954271,41.681855],[-87.954255,41.681899],[-87.954233,41.681948],[-87.954213,41.682008],[-87.954194,41.682078],[-87.954186,41.682142],[-87.954184,41.682199],[-87.954182,41.682237],[-87.954183,41.682273],[-87.954183,41.682373],[-87.954183,41.682443],[-87.954192,41.682493],[-87.954211,41.682542],[-87.954243,41.682618],[-87.954293,41.682713],[-87.954339,41.682793],[-87.954375,41.682858],[-87.954402,41.682915],[-87.954411,41.682983],[-87.954408,41.68303],[-87.95439,41.683078],[-87.95436,41.68311],[-87.954313,41.683137],[-87.954269,41.683151],[-87.954218,41.683152],[-87.954172,41.683133],[-87.954128,41.683102],[-87.954072,41.683048],[-87.954025,41.683],[-87.953962,41.682938],[-87.953905,41.68288],[-87.953872,41.68282],[-87.953864,41.682759],[-87.953876,41.682707],[-87.953881,41.682656],[-87.953881,41.682619],[-87.953873,41.682584],[-87.953865,41.682535],[-87.953867,41.682494],[-87.953867,41.682452],[-87.953876,41.682395],[-87.953887,41.682351],[-87.953899,41.682319],[-87.9539,41.682288],[-87.953893,41.68225],[-87.953891,41.682199],[-87.953897,41.682139],[-87.953911,41.6821],[-87.953932,41.682059],[-87.953956,41.68202],[-87.953969,41.681984],[-87.953968,41.681941],[-87.953971,41.681904],[-87.953985,41.68184],[-87.953999,41.681804],[-87.954024,41.681755],[-87.954046,41.681717],[-87.954069,41.681676],[-87.954074,41.681634],[-87.954066,41.681591],[-87.954052,41.681547],[-87.954044,41.681504],[-87.954047,41.68147],[-87.95406,41.681429],[-87.954073,41.681404],[-87.954083,41.681382],[-87.954086,41.681361],[-87.954091,41.681338],[-87.954102,41.681321],[-87.954115,41.681301],[-87.954136,41.681286],[-87.954154,41.681273],[-87.954169,41.681263],[-87.954194,41.681248],[-87.954208,41.681232],[-87.954224,41.681217],[-87.954238,41.681199],[-87.954256,41.681181],[-87.954276,41.681168],[-87.954311,41.68116],[-87.95435,41.68116],[-87.954378,41.681172],[-87.954399,41.681185],[-87.954416,41.681202],[-87.954424,41.681224],[-87.954424,41.681241],[-87.954417,41.681258],[-87.954406,41.681274],[-87.95439,41.681299],[-87.954386,41.681316],[-87.954385,41.681339],[-87.954383,41.681365],[-87.954379,41.68138],[-87.954372,41.681396],[-87.954363,41.681407],[-87.954344,41.681425],[-87.954322,41.681436],[-87.954288,41.681443]]]},"properties":{"feature_id":"fairway-osm-r20618319","layer":"fairway","holes":[18],"source":"osm","osm_id":"relation/20618319","osm_version":1,"verified":false}},{"type":"Feature","geometry":{"type":"Polygon","coordinates":[[[-87.953345,41.680089],[-87.95334,41.680141],[-87.953327,41.680185],[-87.953311,41.680218],[-87.953292,41.680247],[-87.953265,41.680277],[-87.953233,41.680297],[-87.953184,41.680309],[-87.953146,41.680307],[-87.953099,41.6803],[-87.953059,41.680284],[-87.95302,41.680253],[-87.952999,41.680228],[-87.952965,41.680178],[-87.952934,41.680119],[-87.952916,41.680072],[-87.952898,41.679996],[-87.952899,41.679932],[-87.952918,41.679863],[-87.952921,41.679795],[-87.952919,41.679737],[-87.952918,41.679663],[-87.952921,41.679601],[-87.952935,41.679535],[-87.952955,41.679475],[-87.952956,41.679414],[-87.952944,41.679348],[-87.952927,41.679297],[-87.952915,41.679216],[-87.952914,41.67914],[-87.952926,41.679068],[-87.952952,41.678983],[-87.952989,41.678922],[-87.953043,41.678847],[-87.953085,41.678802],[-87.95315,41.678728],[-87.953188,41.678681],[-87.953221,41.678626],[-87.953252,41.678552],[-87.953247,41.678499],[-87.95323,41.678447],[-87.953216,41.678412],[-87.95319,41.678379],[-87.953163,41.67835],[-87.953151,41.678323],[-87.95314,41.678297],[-87.953133,41.678275],[-87.95312,41.678253],[-87.953099,41.678235],[-87.95307,41.678219],[-87.953045,41.678203],[-87.953026,41.678185],[-87.953016,41.678162],[-87.953017,41.678134],[-87.953028,41.678113],[-87.95304,41.678103],[-87.953063,41.67809],[-87.953086,41.678084],[-87.953107,41.678081],[-87.953136,41.678076],[-87.953159,41.678069],[-87.953188,41.678063],[-87.953218,41.67806],[-87.953247,41.678064],[-87.953269,41.678075],[-87.953289,41.678092],[-87.9533,41.678116],[-87.953306,41.678134],[-87.953307,41.678154],[-87.953304,41.678176],[-87.9533,41.678198],[-87.953305,41.678227],[-87.953313,41.678251],[-87.953324,41.678272],[-87.953331,41.678294],[-87.953336,41.678317],[-87.953352,41.678363],[-87.953374,41.678403],[-87.953401,41.678452],[-87.953419,41.678504],[-87.953428,41.678562],[-87.953434,41.678615],[-87.95343,41.678673],[-87.95341,41.678725],[-87.953389,41.678788],[-87.953363,41.678846],[-87.95333,41.678905],[-87.953292,41.678973],[-87.953254,41.679037],[-87.953227,41.679101],[-87.953221,41.679157],[-87.953216,41.679217],[-87.953213,41.679269],[-87.953198,41.679328],[-87.953174,41.679385],[-87.953157,41.679441],[-87.953158,41.679502],[-87.953173,41.679546],[-87.953185,41.6796],[-87.953191,41.679649],[-87.953179,41.679697],[-87.953171,41.679736],[-87.953194,41.679791],[-87.953232,41.679833],[-87.953279,41.67987],[-87.953308,41.679906],[-87.953327,41.679963],[-87.953339,41.680022],[-87.953345,41.680089]]]},"properties":{"feature_id":"fairway-osm-r20618320","layer":"fairway","holes":[11],"source":"osm","osm_id":"relation/20618320","osm_version":1,"verified":false}},{"type":"Feature","geometry":{"type":"Polygon","coordinates":[[[-87.951384,41.679202],[-87.951362,41.679182],[-87.951344,41.679162],[-87.951327,41.679137],[-87.951314,41.679094],[-87.951311,41.679048],[-87.951308,41.678982],[-87.951299,41.678893],[-87.951281,41.678783],[-87.951232,41.67864],[-87.951206,41.678524],[-87.951171,41.678383],[-87.951134,41.678219],[-87.951117,41.67809],[-87.951094,41.677955],[-87.951078,41.677826],[-87.951071,41.677711],[-87.951066,41.677594],[-87.951047,41.677533],[-87.950994,41.677509],[-87.950921,41.6775],[-87.950846,41.677514],[-87.950797,41.677552],[-87.950776,41.677641],[-87.950761,41.677809],[-87.950754,41.677923],[-87.950766,41.678043],[-87.950777,41.678125],[-87.950795,41.678245],[-87.950839,41.678393],[-87.950876,41.678518],[-87.950908,41.678652],[-87.950926,41.678756],[-87.950942,41.678887],[-87.950958,41.678964],[-87.950984,41.679006],[-87.951025,41.679061],[-87.951048,41.679104],[-87.951064,41.679153],[-87.951069,41.679187],[-87.951071,41.679207],[-87.951078,41.679226],[-87.951088,41.679252],[-87.951107,41.679271],[-87.951123,41.679286],[-87.951147,41.679299],[-87.951171,41.679312],[-87.95119,41.679326],[-87.951206,41.679339],[-87.95122,41.679352],[-87.951242,41.679365],[-87.951266,41.679375],[-87.951296,41.679376],[-87.951328,41.679373],[-87.951352,41.679364],[-87.951376,41.679348],[-87.951392,41.679333],[-87.951404,41.679312],[-87.951411,41.679283],[-87.95141,41.679253],[-87.9514,41.679224],[-87.951384,41.679202]]]},"properties":{"feature_id":"fairway-osm-r20618321","layer":"fairway","holes":[10],"source":"osm","osm_id":"relation/20618321","osm_version":1,"verified":false}},{"type":"Feature","geometry":{"type":"Polygon","coordinates":[[[-87.942632,41.685346],[-87.942675,41.685341],[-87.942717,41.685335],[-87.942765,41.685324],[-87.942845,41.685317],[-87.942922,41.685315],[-87.943021,41.685333],[-87.943103,41.685353],[-87.943217,41.685391],[-87.943343,41.685441],[-87.943446,41.685467],[-87.943568,41.685482],[-87.943696,41.6855],[-87.943898,41.685526],[-87.9441,41.685552],[-87.944281,41.685585],[-87.944437,41.685608],[-87.944651,41.685646],[-87.944795,41.685667],[-87.944951,41.685687],[-87.945142,41.685718],[-87.945333,41.68575],[-87.945556,41.685793],[-87.945725,41.685837],[-87.945884,41.68589],[-87.945942,41.685903],[-87.945997,41.6859],[-87.94606,41.685884],[-87.946099,41.685843],[-87.946099,41.685797],[-87.946083,41.685753],[-87.946024,41.685704],[-87.945916,41.68567],[-87.945768,41.68563],[-87.945642,41.685595],[-87.945504,41.685562],[-87.945373,41.685527],[-87.945219,41.685499],[-87.945069,41.685464],[-87.944892,41.685429],[-87.944719,41.685394],[-87.944537,41.685363],[-87.944373,41.685339],[-87.944201,41.685311],[-87.944057,41.685291],[-87.943905,41.685265],[-87.943785,41.685239],[-87.943628,41.685206],[-87.9435,41.685186],[-87.943376,41.68517],[-87.943293,41.685159],[-87.943139,41.685141],[-87.943011,41.685124],[-87.942914,41.685119],[-87.942836,41.685119],[-87.942753,41.685119],[-87.942708,41.685113],[-87.942648,41.6851],[-87.942604,41.685092],[-87.942567,41.685091],[-87.942525,41.685093],[-87.942491,41.685098],[-87.942447,41.685111],[-87.942423,41.685118],[-87.942395,41.68513],[-87.942379,41.685141],[-87.942362,41.685161],[-87.942355,41.685182],[-87.942351,41.685201],[-87.94235,41.685225],[-87.942352,41.685244],[-87.942366,41.685265],[-87.942383,41.685278],[-87.942401,41.68529],[-87.942441,41.685306],[-87.942468,41.685315],[-87.942493,41.685323],[-87.942517,41.68533],[-87.942555,41.685339],[-87.942595,41.685346],[-87.942632,41.685346]]]},"properties":{"feature_id":"fairway-osm-r20618373","layer":"fairway","holes":[8],"source":"osm","osm_id":"relation/20618373","osm_version":1,"verified":false}},{"type":"Feature","geometry":{"type":"Polygon","coordinates":[[[-87.940832,41.687274],[-87.940882,41.687262],[-87.940928,41.687253],[-87.941012,41.687244],[-87.941075,41.687242],[-87.941166,41.687226],[-87.941245,41.687202],[-87.941325,41.687181],[-87.941434,41.687146],[-87.941539,41.687111],[-87.941651,41.68708],[-87.941763,41.687048],[-87.941876,41.687019],[-87.941981,41.686989],[-87.942076,41.686959],[-87.942179,41.686935],[-87.94227,41.686905],[-87.942343,41.686879],[-87.94242,41.686857],[-87.942506,41.686846],[-87.942632,41.686844],[-87.942733,41.686846],[-87.942838,41.686844],[-87.942948,41.686841],[-87.94302,41.686837],[-87.943109,41.686829],[-87.943197,41.686816],[-87.943274,41.686804],[-87.943342,41.686787],[-87.943396,41.686759],[-87.943438,41.686731],[-87.943457,41.686694],[-87.943452,41.686661],[-87.943422,41.686633],[-87.943379,41.686611],[-87.943302,41.686595],[-87.943225,41.686597],[-87.943132,41.686602],[-87.943039,41.686609],[-87.942959,41.686607],[-87.942866,41.686611],[-87.942786,41.686612],[-87.942686,41.686621],[-87.942616,41.686628],[-87.942516,41.686642],[-87.942408,41.686665],[-87.942324,41.686693],[-87.942259,41.686717],[-87.942195,41.686734],[-87.942123,41.686759],[-87.942037,41.686782],[-87.94196,41.686802],[-87.941831,41.68682],[-87.941719,41.68683],[-87.9416,41.686841],[-87.941521,41.68685],[-87.941441,41.686865],[-87.941362,41.686891],[-87.941257,41.686933],[-87.941168,41.686972],[-87.941061,41.687008],[-87.94097,41.687036],[-87.940911,41.687045],[-87.940878,41.687044],[-87.940841,41.687038],[-87.940807,41.687032],[-87.940767,41.687031],[-87.940719,41.687034],[-87.940676,41.687038],[-87.940636,41.687043],[-87.940595,41.687048],[-87.940556,41.687053],[-87.940516,41.687062],[-87.940492,41.687082],[-87.940482,41.687102],[-87.940474,41.687128],[-87.940471,41.687152],[-87.940473,41.687178],[-87.940484,41.687211],[-87.940496,41.687231],[-87.940519,41.687248],[-87.94055,41.687261],[-87.940592,41.687265],[-87.940637,41.687265],[-87.940686,41.687268],[-87.94073,41.687277],[-87.940779,41.68728],[-87.940832,41.687274]]]},"properties":{"feature_id":"fairway-osm-r20618513","layer":"fairway","holes":[7],"source":"osm","osm_id":"relation/20618513","osm_version":1,"verified":false}},{"type":"Feature","geometry":{"type":"Polygon","coordinates":[[[-87.942708,41.683946],[-87.94266,41.683959],[-87.942616,41.683981],[-87.942572,41.684001],[-87.942525,41.684029],[-87.942485,41.684048],[-87.942442,41.684068],[-87.942385,41.684098],[-87.942337,41.684124],[-87.94228,41.68416],[-87.942229,41.684196],[-87.942178,41.684227],[-87.942136,41.68425],[-87.942086,41.684274],[-87.94203,41.684297],[-87.941982,41.684306],[-87.941956,41.684305],[-87.941932,41.684298],[-87.941912,41.68427],[-87.941893,41.684231],[-87.941879,41.6842],[-87.941872,41.68417],[-87.941865,41.684147],[-87.941872,41.684113],[-87.94189,41.684085],[-87.941927,41.68406],[-87.941979,41.684031],[-87.942038,41.684008],[-87.942092,41.683986],[-87.942143,41.683964],[-87.942189,41.683949],[-87.942246,41.68393],[-87.942306,41.6839],[-87.942368,41.683865],[-87.942412,41.683838],[-87.94244,41.683812],[-87.942479,41.683775],[-87.942506,41.683742],[-87.942527,41.683721],[-87.942554,41.6837],[-87.94259,41.683679],[-87.942622,41.683661],[-87.942654,41.683652],[-87.942686,41.683643],[-87.94273,41.68364],[-87.942764,41.683646],[-87.942798,41.683658],[-87.942822,41.683676],[-87.942838,41.683702],[-87.942853,41.68374],[-87.94286,41.683769],[-87.942863,41.683801],[-87.942862,41.683824],[-87.942854,41.683846],[-87.942841,41.68387],[-87.942827,41.683887],[-87.942809,41.683908],[-87.942786,41.683922],[-87.942752,41.683937],[-87.942708,41.683946]]]},"properties":{"feature_id":"fairway-osm-r20618514","layer":"fairway","holes":[7],"source":"osm","osm_id":"relation/20618514","osm_version":1,"verified":false}},{"type":"Feature","geometry":{"type":"Polygon","coordinates":[[[-87.938504,41.683691],[-87.938482,41.683714],[-87.938458,41.683736],[-87.938426,41.68376],[-87.938396,41.683775],[-87.938357,41.68379],[-87.938325,41.683807],[-87.938291,41.683827],[-87.938252,41.683852],[-87.938214,41.683871],[-87.938171,41.683896],[-87.938143,41.683924],[-87.938111,41.683958],[-87.938091,41.683989],[-87.938064,41.684013],[-87.938018,41.684034],[-87.937973,41.68405],[-87.937937,41.684063],[-87.937922,41.684084],[-87.937908,41.684119],[-87.937902,41.684152],[-87.937911,41.684196],[-87.937927,41.684241],[-87.937949,41.684287],[-87.93797,41.684332],[-87.937976,41.684375],[-87.93797,41.684447],[-87.93797,41.684502],[-87.937967,41.684562],[-87.937963,41.684649],[-87.937965,41.684717],[-87.937965,41.684776],[-87.937967,41.68483],[-87.937976,41.684892],[-87.937983,41.684959],[-87.937987,41.685039],[-87.937989,41.685113],[-87.937996,41.68519],[-87.938008,41.68524],[-87.938028,41.685312],[-87.938047,41.685392],[-87.938053,41.685461],[-87.938047,41.685524],[-87.938034,41.685581],[-87.938027,41.685641],[-87.938041,41.685717],[-87.938066,41.685791],[-87.938112,41.685908],[-87.93815,41.685995],[-87.9382,41.686063],[-87.938266,41.68614],[-87.938315,41.686205],[-87.938385,41.686287],[-87.93843,41.686323],[-87.938486,41.686358],[-87.938527,41.686389],[-87.938563,41.686429],[-87.938592,41.686476],[-87.938618,41.686505],[-87.938653,41.686514],[-87.938696,41.686512],[-87.938744,41.686498],[-87.938784,41.68648],[-87.938805,41.68646],[-87.938822,41.686434],[-87.938827,41.686409],[-87.938817,41.686374],[-87.938796,41.686337],[-87.93877,41.6863],[-87.938733,41.686252],[-87.93869,41.686198],[-87.938638,41.686141],[-87.93859,41.686074],[-87.938552,41.686003],[-87.938527,41.685934],[-87.938499,41.685845],[-87.938471,41.685763],[-87.938454,41.685699],[-87.938432,41.685601],[-87.938411,41.685495],[-87.938387,41.685386],[-87.938377,41.685337],[-87.938353,41.685232],[-87.938332,41.685166],[-87.938319,41.685108],[-87.93832,41.685016],[-87.938336,41.684923],[-87.938342,41.684888],[-87.938342,41.684845],[-87.938339,41.684814],[-87.938322,41.684787],[-87.938298,41.684764],[-87.938258,41.684738],[-87.938213,41.684716],[-87.938176,41.684693],[-87.938155,41.684665],[-87.938152,41.684628],[-87.938153,41.684599],[-87.938155,41.684567],[-87.938158,41.684533],[-87.938165,41.684507],[-87.938173,41.68448],[-87.938189,41.684441],[-87.938203,41.684417],[-87.938222,41.684388],[-87.938243,41.684364],[-87.938264,41.684337],[-87.938282,41.684315],[-87.938299,41.68429],[-87.938318,41.684257],[-87.938328,41.684221],[-87.938339,41.684178],[-87.938349,41.684138],[-87.938359,41.684114],[-87.938367,41.684084],[-87.938376,41.684056],[-87.938384,41.684026],[-87.938398,41.684009],[-87.938423,41.683987],[-87.938448,41.683972],[-87.938473,41.683959],[-87.938507,41.683952],[-87.938541,41.683952],[-87.938585,41.683968],[-87.938621,41.683977],[-87.938651,41.683981],[-87.938679,41.683981],[-87.93872,41.683971],[-87.938753,41.683958],[-87.93878,41.683946],[-87.938811,41.683929],[-87.938832,41.683908],[-87.938844,41.683886],[-87.938852,41.683868],[-87.938854,41.683846],[-87.938851,41.683824],[-87.938847,41.68379],[-87.938839,41.683763],[-87.938834,41.683734],[-87.938833,41.683701],[-87.938825,41.683672],[-87.938807,41.683642],[-87.938783,41.683623],[-87.938743,41.683614],[-87.938704,41.683608],[-87.938665,41.683607],[-87.938624,41.683611],[-87.938589,41.68362],[-87.938563,41.683631],[-87.938539,41.683649],[-87.938518,41.68367],[-87.938504,41.683691]]]},"properties":{"feature_id":"fairway-osm-r20618515","layer":"fairway","holes":[7],"source":"osm","osm_id":"relation/20618515","osm_version":1,"verified":false}},{"type":"Feature","geometry":{"type":"Polygon","coordinates":[[[-87.939921,41.686789],[-87.939905,41.686803],[-87.939887,41.686822],[-87.939874,41.68685],[-87.939862,41.686877],[-87.939848,41.686902],[-87.939834,41.686924],[-87.939815,41.68695],[-87.939796,41.686971],[-87.939775,41.686986],[-87.939736,41.686998],[-87.939697,41.687004],[-87.939665,41.687],[-87.939638,41.686993],[-87.939605,41.686979],[-87.939585,41.686967],[-87.939569,41.686947],[-87.93956,41.686918],[-87.93956,41.686899],[-87.939571,41.686872],[-87.939587,41.686845],[-87.939604,41.686816],[-87.939614,41.686795],[-87.939622,41.686771],[-87.939643,41.68674],[-87.939662,41.686727],[-87.93969,41.686713],[-87.939713,41.686706],[-87.939743,41.686698],[-87.939779,41.686688],[-87.939807,41.686679],[-87.939832,41.686667],[-87.939861,41.68665],[-87.939873,41.686624],[-87.93988,41.686586],[-87.939885,41.686554],[-87.939893,41.68652],[-87.939905,41.686489],[-87.939928,41.686474],[-87.939957,41.686465],[-87.93999,41.686467],[-87.940018,41.686474],[-87.940038,41.686491],[-87.940046,41.686516],[-87.940039,41.686548],[-87.940032,41.686588],[-87.94003,41.686628],[-87.940023,41.686678],[-87.940008,41.686707],[-87.939976,41.686741],[-87.939944,41.686769],[-87.939921,41.686789]]]},"properties":{"feature_id":"fairway-osm-r20618516","layer":"fairway","holes":[7],"source":"osm","osm_id":"relation/20618516","osm_version":1,"verified":false}},{"type":"Feature","geometry":{"type":"Polygon","coordinates":[[[-87.947894,41.682258],[-87.947909,41.682289],[-87.947926,41.682314],[-87.947948,41.682331],[-87.94801,41.682381],[-87.948073,41.682424],[-87.948167,41.682469],[-87.948266,41.682521],[-87.948427,41.682594],[-87.94856,41.682656],[-87.948709,41.682708],[-87.948861,41.682759],[-87.949069,41.682841],[-87.949225,41.682906],[-87.949331,41.682965],[-87.9494,41.683023],[-87.949441,41.683103],[-87.94948,41.683206],[-87.949506,41.683295],[-87.949531,41.683376],[-87.949531,41.683471],[-87.949512,41.683563],[-87.94948,41.683639],[-87.949448,41.683701],[-87.949411,41.683793],[-87.949393,41.683858],[-87.949356,41.683927],[-87.949319,41.683963],[-87.949264,41.683979],[-87.949204,41.683976],[-87.949163,41.683945],[-87.949151,41.683894],[-87.949163,41.68382],[-87.94919,41.68376],[-87.94922,41.683697],[-87.949251,41.683616],[-87.949282,41.683549],[-87.949301,41.683511],[-87.949299,41.683462],[-87.949262,41.683404],[-87.9492,41.683304],[-87.949156,41.68325],[-87.94911,41.683206],[-87.949046,41.683158],[-87.948961,41.683104],[-87.948875,41.683055],[-87.948767,41.682996],[-87.948657,41.682939],[-87.948568,41.682893],[-87.948502,41.682861],[-87.94845,41.682835],[-87.948376,41.682802],[-87.9483,41.682766],[-87.94824,41.682741],[-87.948185,41.682718],[-87.948121,41.682681],[-87.948061,41.682636],[-87.947967,41.682578],[-87.947902,41.682529],[-87.947838,41.682479],[-87.947787,41.682438],[-87.947748,41.682413],[-87.947727,41.682402],[-87.947705,41.682387],[-87.947686,41.68237],[-87.947667,41.682356],[-87.94763,41.682336],[-87.947597,41.682331],[-87.94756,41.682321],[-87.947536,41.682311],[-87.947512,41.682295],[-87.947493,41.682272],[-87.94748,41.682247],[-87.947477,41.682216],[-87.947483,41.682193],[-87.947501,41.682166],[-87.947526,41.682142],[-87.947546,41.682126],[-87.947573,41.682114],[-87.947612,41.682102],[-87.947638,41.682099],[-87.947668,41.6821],[-87.9477,41.682105],[-87.947729,41.682115],[-87.947758,41.68213],[-87.947784,41.682144],[-87.947812,41.682164],[-87.947836,41.682184],[-87.947864,41.682206],[-87.947881,41.682229],[-87.947894,41.682258]]]},"properties":{"feature_id":"fairway-osm-r20618539","layer":"fairway","holes":[8],"source":"osm","osm_id":"relation/20618539","osm_version":1,"verified":false}},{"type":"Feature","geometry":{"type":"Polygon","coordinates":[[[-87.949476,41.679809],[-87.949451,41.679828],[-87.949413,41.679848],[-87.949373,41.679863],[-87.949321,41.679883],[-87.949271,41.679895],[-87.949218,41.679903],[-87.949178,41.679913],[-87.949141,41.679927],[-87.949109,41.679948],[-87.949071,41.679992],[-87.949011,41.680056],[-87.948968,41.680097],[-87.948859,41.680161],[-87.948747,41.680219],[-87.94852,41.680348],[-87.948354,41.680446],[-87.948265,41.680513],[-87.948141,41.680585],[-87.948003,41.680637],[-87.947867,41.680706],[-87.947753,41.68081],[-87.947658,41.680913],[-87.947621,41.681003],[-87.947624,41.681076],[-87.947645,41.681138],[-87.947679,41.681171],[-87.947735,41.681182],[-87.947796,41.68118],[-87.947867,41.681145],[-87.947907,41.681104],[-87.947963,41.681046],[-87.948012,41.680986],[-87.94808,41.680915],[-87.948169,41.680837],[-87.948302,41.680756],[-87.948471,41.680657],[-87.948641,41.680577],[-87.948742,41.680526],[-87.948865,41.680462],[-87.948976,41.680386],[-87.949093,41.680308],[-87.949213,41.680205],[-87.949274,41.680151],[-87.949319,41.680098],[-87.94937,41.680043],[-87.949414,41.679998],[-87.949445,41.679972],[-87.949487,41.679954],[-87.949523,41.679947],[-87.94956,41.679946],[-87.94959,41.679946],[-87.949633,41.679944],[-87.949679,41.679938],[-87.949712,41.679932],[-87.949748,41.679922],[-87.949779,41.67991],[-87.9498,41.679894],[-87.949815,41.679877],[-87.949828,41.679855],[-87.949834,41.679839],[-87.949837,41.679818],[-87.949836,41.679793],[-87.949833,41.679774],[-87.949822,41.679751],[-87.949802,41.679729],[-87.949775,41.679715],[-87.949749,41.679703],[-87.94972,41.679699],[-87.94968,41.679699],[-87.949649,41.679706],[-87.949615,41.679717],[-87.949586,41.67973],[-87.949556,41.679745],[-87.94952,41.67977],[-87.949501,41.679785],[-87.949476,41.679809]]]},"properties":{"feature_id":"fairway-osm-r20618540","layer":"fairway","holes":[9],"source":"osm","osm_id":"relation/20618540","osm_version":1,"verified":false}},{"type":"Feature","geometry":{"type":"Polygon","coordinates":[[[-87.948569,41.681849],[-87.948561,41.681874],[-87.948565,41.681896],[-87.948579,41.681919],[-87.948601,41.681936],[-87.948634,41.681947],[-87.948665,41.681954],[-87.948699,41.681959],[-87.948738,41.681961],[-87.948774,41.681963],[-87.948815,41.681965],[-87.948853,41.681958],[-87.94888,41.681949],[-87.948902,41.681937],[-87.948925,41.681923],[-87.948941,41.681906],[-87.94895,41.681888],[-87.948954,41.681865],[-87.94895,41.681845],[-87.948946,41.681822],[-87.948942,41.681793],[-87.948954,41.681755],[-87.948979,41.681713],[-87.948993,41.681662],[-87.949004,41.681611],[-87.949014,41.68152],[-87.94903,41.681431],[-87.949042,41.681356],[-87.949066,41.681298],[-87.949106,41.681198],[-87.949147,41.681122],[-87.949196,41.681042],[-87.949246,41.680966],[-87.949299,41.680893],[-87.949357,41.680832],[-87.949428,41.680765],[-87.949508,41.680693],[-87.949581,41.68063],[-87.949652,41.680573],[-87.949707,41.680535],[-87.949774,41.680487],[-87.949808,41.680454],[-87.949823,41.680418],[-87.949815,41.68038],[-87.949788,41.680351],[-87.949751,41.680325],[-87.949708,41.680315],[-87.949638,41.680322],[-87.949572,41.680343],[-87.949508,41.680379],[-87.949455,41.680426],[-87.949383,41.680481],[-87.949308,41.680543],[-87.949245,41.680596],[-87.949178,41.680652],[-87.949109,41.680717],[-87.949048,41.680771],[-87.949002,41.680815],[-87.948965,41.680865],[-87.948916,41.680923],[-87.948891,41.680963],[-87.948877,41.681017],[-87.948875,41.681085],[-87.948882,41.681156],[-87.948886,41.681253],[-87.948884,41.681345],[-87.94888,41.681429],[-87.948864,41.681493],[-87.948825,41.681548],[-87.948782,41.681608],[-87.948749,41.681651],[-87.948709,41.681691],[-87.948679,41.681721],[-87.948648,41.681753],[-87.948617,41.681785],[-87.948587,41.68182],[-87.948569,41.681849]]]},"properties":{"feature_id":"fairway-osm-r20618541","layer":"fairway","holes":[8],"source":"osm","osm_id":"relation/20618541","osm_version":1,"verified":false}},{"type":"Feature","geometry":{"type":"Polygon","coordinates":[[[-87.951448,41.679903],[-87.951481,41.679887],[-87.951515,41.679866],[-87.951539,41.679846],[-87.951564,41.679821],[-87.951591,41.679798],[-87.951612,41.679775],[-87.951626,41.679753],[-87.951642,41.679726],[-87.951654,41.6797],[-87.951661,41.679678],[-87.951659,41.679653],[-87.951647,41.679627],[-87.951631,41.679612],[-87.951593,41.6796],[-87.951551,41.679597],[-87.951516,41.679599],[-87.951476,41.679605],[-87.951443,41.679613],[-87.95141,41.679622],[-87.95138,41.679637],[-87.951353,41.679653],[-87.951327,41.679669],[-87.951299,41.67969],[-87.951281,41.679706],[-87.951263,41.679733],[-87.951249,41.67977],[-87.951226,41.679811],[-87.95118,41.679858],[-87.951116,41.679908],[-87.95104,41.679958],[-87.95096,41.680014],[-87.950907,41.68006],[-87.95084,41.680143],[-87.950787,41.680196],[-87.950702,41.680259],[-87.950633,41.680326],[-87.950553,41.6804],[-87.950472,41.680474],[-87.950392,41.680546],[-87.950297,41.68063],[-87.950209,41.680708],[-87.950132,41.680782],[-87.950062,41.680857],[-87.950014,41.680927],[-87.949952,41.68103],[-87.949897,41.681124],[-87.949828,41.681205],[-87.949766,41.681264],[-87.949692,41.681333],[-87.949605,41.6814],[-87.949561,41.681441],[-87.949547,41.681478],[-87.949552,41.681513],[-87.949568,41.681531],[-87.949603,41.681544],[-87.949637,41.681547],[-87.949665,41.681547],[-87.949706,41.681537],[-87.949756,41.681507],[-87.949819,41.681463],[-87.949876,41.681416],[-87.94997,41.681336],[-87.950049,41.681268],[-87.950109,41.681215],[-87.950177,41.681155],[-87.950249,41.681087],[-87.950318,41.681018],[-87.950387,41.680946],[-87.950485,41.680848],[-87.950582,41.68075],[-87.950672,41.680656],[-87.950761,41.680561],[-87.95086,41.68045],[-87.950968,41.680335],[-87.951058,41.680243],[-87.951109,41.680192],[-87.951167,41.680133],[-87.951206,41.680086],[-87.951256,41.680037],[-87.951304,41.679987],[-87.951343,41.679955],[-87.951394,41.679924],[-87.951448,41.679903]]]},"properties":{"feature_id":"fairway-osm-r20618542","layer":"fairway","holes":[10],"source":"osm","osm_id":"relation/20618542","osm_version":1,"verified":false}},{"type":"Feature","geometry":{"type":"Polygon","coordinates":[[[-87.947863,41.683362],[-87.947833,41.683376],[-87.947808,41.683392],[-87.947777,41.683414],[-87.947742,41.683426],[-87.947705,41.683431],[-87.947663,41.683427],[-87.947634,41.683421],[-87.947607,41.683402],[-87.94758,41.683376],[-87.947562,41.683348],[-87.947544,41.683318],[-87.947523,41.683285],[-87.947506,41.683263],[-87.947488,41.683241],[-87.947482,41.683216],[-87.947483,41.683188],[-87.947494,41.683167],[-87.947514,41.68315],[-87.947553,41.683144],[-87.947595,41.683144],[-87.94764,41.683141],[-87.947687,41.683132],[-87.947723,41.683123],[-87.947755,41.683113],[-87.947804,41.683112],[-87.947843,41.683122],[-87.947878,41.683139],[-87.947903,41.68316],[-87.94792,41.683182],[-87.947935,41.683215],[-87.94794,41.683248],[-87.94793,41.683284],[-87.947913,41.683313],[-87.947893,41.683337],[-87.947863,41.683362]]]},"properties":{"feature_id":"fairway-osm-r20663812","layer":"fairway","holes":[8],"source":"osm","osm_id":"relation/20663812","osm_version":1,"verified":false}},{"type":"Feature","geometry":{"type":"Polygon","coordinates":[[[-87.950777,41.682591],[-87.950771,41.682623],[-87.950756,41.68265],[-87.950739,41.682679],[-87.95073,41.682714],[-87.950724,41.682735],[-87.950713,41.682756],[-87.950692,41.682781],[-87.950673,41.682792],[-87.950645,41.68281],[-87.950618,41.682817],[-87.950586,41.682823],[-87.950554,41.682823],[-87.950526,41.682818],[-87.9505,41.6828],[-87.950485,41.682782],[-87.950472,41.682759],[-87.950463,41.682737],[-87.950454,41.682708],[-87.950452,41.682674],[-87.950455,41.682644],[-87.950466,41.682619],[-87.950483,41.682592],[-87.950505,41.682566],[-87.950524,41.682543],[-87.950542,41.682522],[-87.950554,41.682498],[-87.950557,41.682475],[-87.95056,41.682413],[-87.95056,41.682358],[-87.950569,41.682299],[-87.950596,41.682214],[-87.950633,41.682109],[-87.95067,41.682025],[-87.950757,41.681865],[-87.950799,41.681797],[-87.950842,41.681718],[-87.950893,41.681603],[-87.950941,41.681488],[-87.950967,41.681374],[-87.950997,41.681265],[-87.951024,41.681204],[-87.951047,41.681139],[-87.951075,41.681076],[-87.951109,41.681004],[-87.951146,41.680941],[-87.951185,41.680871],[-87.95122,41.680833],[-87.951257,41.680807],[-87.951311,41.680792],[-87.95136,41.680786],[-87.951401,41.680796],[-87.951438,41.680825],[-87.951456,41.680868],[-87.951463,41.680915],[-87.95145,41.680977],[-87.951415,41.681039],[-87.951371,41.681104],[-87.951321,41.681176],[-87.951279,41.681263],[-87.951247,41.681357],[-87.951224,41.681446],[-87.951208,41.681557],[-87.951185,41.681649],[-87.951162,41.681728],[-87.951137,41.681793],[-87.951096,41.681874],[-87.951059,41.681948],[-87.95101,41.682038],[-87.950944,41.682149],[-87.950902,41.682228],[-87.950861,41.682301],[-87.950831,41.682359],[-87.950803,41.682422],[-87.950787,41.682475],[-87.950775,41.682542],[-87.950777,41.682591]]]},"properties":{"feature_id":"fairway-osm-r20663814","layer":"fairway","holes":[11],"source":"osm","osm_id":"relation/20663814","osm_version":1,"verified":false}},{"type":"Feature","geometry":{"type":"Polygon","coordinates":[[[-87.940511,41.683918],[-87.94051,41.683891],[-87.940504,41.683864],[-87.940488,41.683833],[-87.940465,41.683814],[-87.94043,41.683797],[-87.940382,41.683793],[-87.940334,41.68379],[-87.940289,41.683795],[-87.940245,41.683804],[-87.940203,41.683818],[-87.940164,41.683836],[-87.940131,41.683861],[-87.940112,41.683887],[-87.940106,41.683923],[-87.940109,41.683954],[-87.940117,41.683984],[-87.940136,41.684009],[-87.940175,41.684023],[-87.940211,41.684037],[-87.940249,41.684056],[-87.940265,41.684084],[-87.940271,41.684104],[-87.940274,41.684121],[-87.940269,41.684141],[-87.940253,41.684164],[-87.940236,41.684186],[-87.940221,41.684207],[-87.940197,41.684222],[-87.940177,41.684236],[-87.940161,41.684251],[-87.940143,41.68427],[-87.940137,41.684296],[-87.940137,41.68432],[-87.940124,41.684346],[-87.94011,41.684363],[-87.940105,41.684378],[-87.940107,41.684399],[-87.940118,41.684413],[-87.940138,41.684425],[-87.940162,41.684439],[-87.94018,41.68445],[-87.940199,41.684459],[-87.940217,41.684461],[-87.940232,41.684456],[-87.94025,41.684444],[-87.940269,41.684429],[-87.940296,41.68442],[-87.940324,41.684414],[-87.940342,41.684407],[-87.940366,41.684397],[-87.940392,41.68438],[-87.940418,41.684369],[-87.940456,41.684359],[-87.940486,41.68435],[-87.940507,41.68434],[-87.940528,41.684328],[-87.940542,41.684312],[-87.940546,41.684294],[-87.940542,41.684274],[-87.940529,41.684259],[-87.940511,41.684246],[-87.940482,41.684235],[-87.940449,41.684221],[-87.940429,41.684208],[-87.940411,41.684188],[-87.940392,41.684166],[-87.940374,41.68415],[-87.940363,41.684134],[-87.940354,41.684119],[-87.940349,41.684091],[-87.940357,41.684056],[-87.940384,41.684037],[-87.940425,41.684028],[-87.94047,41.684011],[-87.940495,41.683983],[-87.940508,41.683952],[-87.940511,41.683918]]]},"properties":{"feature_id":"fairway-osm-r20663815","layer":"fairway","holes":[6],"source":"osm","osm_id":"relation/20663815","osm_version":1,"verified":false}},{"type":"Feature","geometry":{"type":"Polygon","coordinates":[[[-87.944269,41.680863],[-87.944186,41.680885],[-87.944106,41.680928],[-87.94407,41.680953],[-87.944047,41.680987],[-87.944037,41.681021],[-87.94404,41.681078],[-87.944058,41.681113],[-87.944082,41.681143],[-87.944132,41.681173],[-87.944198,41.68119],[-87.944287,41.681191],[-87.944373,41.68118],[-87.944478,41.681156],[-87.944547,41.681132],[-87.944623,41.681099],[-87.944701,41.68107],[-87.944759,41.68105],[-87.94484,41.681013],[-87.944911,41.68099],[-87.944976,41.680974],[-87.945032,41.680968],[-87.945072,41.68096],[-87.945107,41.68094],[-87.945134,41.680914],[-87.945177,41.680882],[-87.945231,41.680853],[-87.945303,41.680826],[-87.945402,41.680803],[-87.945465,41.680787],[-87.945539,41.680763],[-87.945616,41.68074],[-87.945685,41.680715],[-87.94574,41.680696],[-87.945813,41.680668],[-87.945869,41.680647],[-87.945921,41.680625],[-87.945968,41.68061],[-87.946012,41.680586],[-87.946035,41.680559],[-87.946037,41.680526],[-87.946029,41.680489],[-87.946012,41.680452],[-87.946,41.680416],[-87.946012,41.680387],[-87.946039,41.680368],[-87.946075,41.680358],[-87.946113,41.680357],[-87.946142,41.680367],[-87.94616,41.680386],[-87.94617,41.680404],[-87.946182,41.680421],[-87.946201,41.68044],[-87.94622,41.680456],[-87.946235,41.680473],[-87.946258,41.680479],[-87.946283,41.680478],[-87.946309,41.680468],[-87.946321,41.680456],[-87.946334,41.680444],[-87.946352,41.680434],[-87.946375,41.680427],[-87.946395,41.680415],[-87.946416,41.680403],[-87.946431,41.680389],[-87.94644,41.680376],[-87.946451,41.680358],[-87.946458,41.68033],[-87.946462,41.680312],[-87.946462,41.680286],[-87.946459,41.680267],[-87.946463,41.680252],[-87.946472,41.680236],[-87.946482,41.680225],[-87.94649,41.680216],[-87.946498,41.680203],[-87.946499,41.680181],[-87.946496,41.680168],[-87.946483,41.680147],[-87.946461,41.680133],[-87.946437,41.680122],[-87.946411,41.680117],[-87.946385,41.68012],[-87.946364,41.680125],[-87.946347,41.680136],[-87.946329,41.680151],[-87.946316,41.680172],[-87.946302,41.680195],[-87.946292,41.680225],[-87.946281,41.680242],[-87.946265,41.680255],[-87.946253,41.68026],[-87.946232,41.680267],[-87.946211,41.680274],[-87.946176,41.680283],[-87.946143,41.680277],[-87.946104,41.680265],[-87.946068,41.680255],[-87.946021,41.680252],[-87.945973,41.68026],[-87.945929,41.680277],[-87.945886,41.680305],[-87.945844,41.680333],[-87.945776,41.680367],[-87.945722,41.680391],[-87.945658,41.680416],[-87.94559,41.680441],[-87.945534,41.680463],[-87.945493,41.680481],[-87.94544,41.680526],[-87.945419,41.68056],[-87.945395,41.680594],[-87.945351,41.680614],[-87.945287,41.680637],[-87.945212,41.680666],[-87.945162,41.680679],[-87.945103,41.680686],[-87.94505,41.680693],[-87.944981,41.680707],[-87.944927,41.68072],[-87.944857,41.680732],[-87.944814,41.68075],[-87.944761,41.680775],[-87.944693,41.680794],[-87.944603,41.680811],[-87.944516,41.680827],[-87.944434,41.680841],[-87.944354,41.68085],[-87.944269,41.680863]]]},"properties":{"feature_id":"fairway-osm-r20663817","layer":"fairway","holes":[4],"source":"osm","osm_id":"relation/20663817","osm_version":1,"verified":false}},{"type":"Feature","geometry":{"type":"Polygon","coordinates":[[[-87.952793,41.678197],[-87.952954,41.678206],[-87.953026,41.678225],[-87.953069,41.678253],[-87.953101,41.678293],[-87.953137,41.678383],[-87.953154,41.678402],[-87.95319,41.67848],[-87.95319,41.67853],[-87.953177,41.678575],[-87.953104,41.678689],[-87.953055,41.678751],[-87.953003,41.678814],[-87.952968,41.678852],[-87.952932,41.678896],[-87.952875,41.678958],[-87.952822,41.679002],[-87.952782,41.679028],[-87.952731,41.67905],[-87.952674,41.679058],[-87.95263,41.679057],[-87.95259,41.679043],[-87.952538,41.679024],[-87.952501,41.679036],[-87.952462,41.679061],[-87.952413,41.679064],[-87.952376,41.679043],[-87.95236,41.679001],[-87.952367,41.678959],[-87.95239,41.678914],[-87.952415,41.678879],[-87.952468,41.678851],[-87.952493,41.678813],[-87.952524,41.678753],[-87.952571,41.678662],[-87.952598,41.678567],[-87.952598,41.678507],[-87.952579,41.678449],[-87.952546,41.678394],[-87.952549,41.678348],[-87.952568,41.678296],[-87.952634,41.678239],[-87.952709,41.678207],[-87.952793,41.678197]]]},"properties":{"feature_id":"water-osm-w35364655","layer":"water","holes":[18],"source":"osm","osm_id":"way/35364655","osm_version":5,"verified":false,"water_type":"water"}},{"type":"Feature","geometry":{"type":"Polygon","coordinates":[[[-87.946246,41.682403],[-87.946361,41.682438],[-87.94641,41.682476],[-87.946456,41.682528],[-87.946631,41.682647],[-87.946736,41.682725],[-87.94682,41.682854],[-87.946829,41.68295],[-87.946753,41.682983],[-87.946737,41.683061],[-87.946616,41.683115],[-87.946528,41.683143],[-87.94642,41.683156],[-87.946167,41.683173],[-87.945974,41.683155],[-87.945691,41.683122],[-87.945458,41.683105],[-87.945376,41.683086],[-87.94534,41.683058],[-87.945347,41.682998],[-87.945424,41.682955],[-87.945549,41.68292],[-87.945699,41.682864],[-87.945762,41.682797],[-87.945804,41.682687],[-87.94579,41.682567],[-87.945816,41.682532],[-87.945941,41.682501],[-87.946093,41.682527],[-87.946141,41.682509],[-87.946171,41.682443],[-87.946246,41.682403]]]},"properties":{"feature_id":"water-osm-w35365308","layer":"water","holes":[8],"source":"osm","osm_id":"way/35365308","osm_version":3,"verified":false,"water_type":"water"}},{"type":"Feature","geometry":{"type":"Polygon","coordinates":[[[-87.942627,41.683399],[-87.942643,41.683358],[-87.942646,41.683318],[-87.942637,41.683289],[-87.942618,41.683253],[-87.942586,41.683217],[-87.942546,41.683198],[-87.942484,41.683198],[-87.942416,41.683214],[-87.942349,41.68324],[-87.942297,41.683272],[-87.942231,41.683298],[-87.94217,41.683315],[-87.942099,41.683329],[-87.942014,41.683354],[-87.94196,41.683382],[-87.941923,41.683426],[-87.941911,41.683458],[-87.941911,41.683492],[-87.941935,41.683523],[-87.941967,41.683545],[-87.942034,41.683559],[-87.942132,41.683549],[-87.942205,41.683529],[-87.942266,41.68351],[-87.942378,41.683474],[-87.942542,41.683446],[-87.942607,41.683423],[-87.942627,41.683399]]]},"properties":{"feature_id":"water-osm-w738094563","layer":"water","holes":[7],"source":"osm","osm_id":"way/738094563","osm_version":3,"verified":false,"water_type":"water"}},{"type":"Feature","geometry":{"type":"Polygon","coordinates":[[[-87.944732,41.680653],[-87.944693,41.680625],[-87.944616,41.680536],[-87.944593,41.680553],[-87.944627,41.680603],[-87.944707,41.680667],[-87.944732,41.680653]]]},"properties":{"feature_id":"water-osm-w738240127","layer":"water","holes":[3],"source":"osm","osm_id":"way/738240127","osm_version":2,"verified":false,"water_type":"water"}},{"type":"Feature","geometry":{"type":"Polygon","coordinates":[[[-87.945103,41.681035],[-87.945103,41.681081],[-87.945091,41.681105],[-87.945091,41.681129],[-87.945121,41.68116],[-87.945133,41.681193],[-87.94516,41.681228],[-87.945129,41.681236],[-87.945091,41.681184],[-87.945097,41.681166],[-87.945064,41.68114],[-87.94506,41.681113],[-87.945074,41.681082],[-87.945076,41.681046],[-87.945103,41.681035]]]},"properties":{"feature_id":"water-osm-w738240128","layer":"water","holes":[4],"source":"osm","osm_id":"way/738240128","osm_version":1,"verified":false,"water_type":"water"}},{"type":"Feature","geometry":{"type":"Polygon","coordinates":[[[-87.944139,41.680176],[-87.944017,41.680118],[-87.943854,41.680089],[-87.943832,41.6801],[-87.944029,41.68014],[-87.944062,41.680161],[-87.944091,41.680165],[-87.944115,41.680193],[-87.944139,41.680176]]]},"properties":{"feature_id":"water-osm-w738240129","layer":"water","holes":[3],"source":"osm","osm_id":"way/738240129","osm_version":3,"verified":false,"water_type":"water"}},{"type":"Feature","geometry":{"type":"Polygon","coordinates":[[[-87.945348,41.681653],[-87.945367,41.681683],[-87.945375,41.681726],[-87.945428,41.681814],[-87.945462,41.681843],[-87.945558,41.681879],[-87.945662,41.681901],[-87.945653,41.681919],[-87.945497,41.681882],[-87.945448,41.681861],[-87.945389,41.681806],[-87.945351,41.681731],[-87.945338,41.681677],[-87.94532,41.681661],[-87.945348,41.681653]]]},"properties":{"feature_id":"water-osm-w738240130","layer":"water","holes":[8],"source":"osm","osm_id":"way/738240130","osm_version":2,"verified":false,"water_type":"water"}},{"type":"Feature","geometry":{"type":"Polygon","coordinates":[[[-87.940336,41.685059],[-87.940607,41.684828],[-87.940973,41.684522],[-87.94119,41.684308],[-87.941369,41.684097],[-87.941377,41.684004],[-87.941467,41.683996],[-87.941568,41.684019],[-87.941666,41.684074],[-87.941772,41.684177],[-87.941814,41.684326],[-87.941808,41.68449],[-87.941745,41.68462],[-87.941696,41.684792],[-87.941556,41.684974],[-87.941169,41.68528],[-87.941206,41.685287],[-87.941566,41.68498],[-87.941704,41.684792],[-87.941754,41.684682],[-87.941815,41.6845],[-87.941824,41.684325],[-87.94178,41.684173],[-87.941673,41.684071],[-87.941571,41.684013],[-87.941465,41.683991],[-87.941374,41.683998],[-87.941361,41.684096],[-87.94118,41.684304],[-87.940963,41.684516],[-87.940332,41.685054],[-87.940336,41.685059]]]},"properties":{"feature_id":"water-osm-w738246703","layer":"water","holes":[6],"source":"osm","osm_id":"way/738246703","osm_version":2,"verified":false,"water_type":"water"}},{"type":"Feature","geometry":{"type":"Polygon","coordinates":[[[-87.957134,41.685549],[-87.957062,41.685374],[-87.957036,41.685279],[-87.956933,41.685036],[-87.956929,41.684917],[-87.956895,41.684576],[-87.956861,41.684578],[-87.956891,41.684862],[-87.956914,41.685042],[-87.956994,41.685247],[-87.957014,41.685328],[-87.957096,41.685557],[-87.957134,41.685549]]]},"properties":{"feature_id":"water-osm-w738385470","layer":"water","holes":[13],"source":"osm","osm_id":"way/738385470","osm_version":2,"verified":false,"water_type":"water"}},{"type":"Feature","geometry":{"type":"Polygon","coordinates":[[[-87.947478,41.67657],[-87.947537,41.676587],[-87.947573,41.676612],[-87.947572,41.676667],[-87.947554,41.676697],[-87.947512,41.676704],[-87.947487,41.67668],[-87.947506,41.67666],[-87.94751,41.676647],[-87.947486,41.676635],[-87.947475,41.676614],[-87.947444,41.676599],[-87.947438,41.676586],[-87.947446,41.676571],[-87.947478,41.67657]]]},"properties":{"feature_id":"bunker-osm-w738240124","layer":"bunker","holes":[1],"source":"osm","osm_id":"way/738240124","osm_version":1,"verified":false}},{"type":"Feature","geometry":{"type":"Polygon","coordinates":[[[-87.947627,41.676243],[-87.947658,41.676261],[-87.947632,41.676275],[-87.947616,41.676279],[-87.947613,41.676298],[-87.947593,41.676317],[-87.947542,41.676317],[-87.947521,41.676328],[-87.947533,41.676351],[-87.947523,41.676377],[-87.947481,41.676371],[-87.94746,41.676349],[-87.947425,41.676354],[-87.94738,41.676348],[-87.947377,41.676328],[-87.947394,41.676308],[-87.94742,41.676297],[-87.947452,41.676291],[-87.947488,41.676292],[-87.947508,41.676289],[-87.947525,41.676261],[-87.947588,41.676238],[-87.947627,41.676243]]]},"properties":{"feature_id":"bunker-osm-w738240125","layer":"bunker","holes":[1],"source":"osm","osm_id":"way/738240125","osm_version":2,"verified":false}},{"type":"Feature","geometry":{"type":"Polygon","coordinates":[[[-87.947657,41.675987],[-87.947637,41.676011],[-87.947676,41.676026],[-87.947692,41.676054],[-87.94764,41.676087],[-87.947591,41.676047],[-87.947572,41.676056],[-87.947557,41.676041],[-87.947529,41.676057],[-87.947481,41.676061],[-87.947457,41.676038],[-87.947471,41.67599],[-87.947491,41.675977],[-87.947548,41.675994],[-87.947571,41.675987],[-87.947592,41.67597],[-87.94764,41.675972],[-87.947657,41.675987]]]},"properties":{"feature_id":"bunker-osm-w738240126","layer":"bunker","holes":[1],"source":"osm","osm_id":"way/738240126","osm_version":2,"verified":false}},{"type":"Feature","geometry":{"type":"Polygon","coordinates":[[[-87.957683,41.678747],[-87.957661,41.678764],[-87.957642,41.67877],[-87.957624,41.678771],[-87.95761,41.678767],[-87.9576,41.678758],[-87.957597,41.67875],[-87.957588,41.678747],[-87.957578,41.678747],[-87.957569,41.678752],[-87.957557,41.678755],[-87.957542,41.678757],[-87.957528,41.678753],[-87.957518,41.678744],[-87.957507,41.678729],[-87.957505,41.678714],[-87.957508,41.678699],[-87.957521,41.678683],[-87.957536,41.678674],[-87.957567,41.67867],[-87.957587,41.678674],[-87.957611,41.678688],[-87.957617,41.678693],[-87.957628,41.678691],[-87.957637,41.678684],[-87.95765,41.678682],[-87.957665,41.678684],[-87.957675,41.678688],[-87.957687,41.678697],[-87.957692,41.678708],[-87.957694,41.678724],[-87.957683,41.678747]]]},"properties":{"feature_id":"bunker-osm-w1126754062","layer":"bunker","holes":[15],"source":"osm","osm_id":"way/1126754062","osm_version":3,"verified":false}},{"type":"Feature","geometry":{"type":"Polygon","coordinates":[[[-87.957387,41.678702],[-87.957369,41.67871],[-87.957345,41.678716],[-87.957322,41.678718],[-87.957283,41.678709],[-87.957267,41.678702],[-87.957234,41.678681],[-87.957229,41.67867],[-87.957228,41.678656],[-87.957234,41.678642],[-87.957246,41.678629],[-87.957259,41.678623],[-87.957276,41.67862],[-87.957296,41.678622],[-87.957311,41.678628],[-87.957322,41.678636],[-87.957328,41.678645],[-87.957335,41.678652],[-87.957343,41.67865],[-87.957346,41.678625],[-87.957351,41.678614],[-87.957361,41.678603],[-87.957378,41.678599],[-87.957396,41.678598],[-87.957416,41.678605],[-87.957433,41.678617],[-87.957438,41.678629],[-87.957438,41.678642],[-87.957429,41.678666],[-87.957416,41.678681],[-87.957387,41.678702]]]},"properties":{"feature_id":"bunker-osm-w1126754063","layer":"bunker","holes":[15],"source":"osm","osm_id":"way/1126754063","osm_version":3,"verified":false}},{"type":"Feature","geometry":{"type":"Polygon","coordinates":[[[-87.9571,41.678684],[-87.957098,41.678691],[-87.957091,41.678698],[-87.957075,41.678703],[-87.957063,41.678704],[-87.957053,41.6787],[-87.957045,41.678695],[-87.957037,41.678691],[-87.957025,41.678691],[-87.957009,41.678693],[-87.956996,41.678693],[-87.956981,41.67869],[-87.956968,41.678685],[-87.95696,41.678678],[-87.956955,41.678654],[-87.956961,41.678645],[-87.956983,41.678636],[-87.956986,41.678627],[-87.956983,41.678621],[-87.956977,41.678618],[-87.956964,41.678616],[-87.956955,41.67861],[-87.956954,41.678599],[-87.956958,41.678589],[-87.956966,41.678582],[-87.956979,41.678577],[-87.956992,41.678574],[-87.957027,41.678577],[-87.957053,41.678586],[-87.957064,41.678593],[-87.957075,41.678604],[-87.9571,41.678684]]]},"properties":{"feature_id":"bunker-osm-w1126754064","layer":"bunker","holes":[15],"source":"osm","osm_id":"way/1126754064","osm_version":3,"verified":false}},{"type":"Feature","geometry":{"type":"Polygon","coordinates":[[[-87.956864,41.678524],[-87.956853,41.678529],[-87.956804,41.67853],[-87.956793,41.678533],[-87.956738,41.678556],[-87.956727,41.678556],[-87.956718,41.678553],[-87.956705,41.678546],[-87.956685,41.67853],[-87.956673,41.678511],[-87.956673,41.678503],[-87.956677,41.678491],[-87.956685,41.678481],[-87.956692,41.678475],[-87.956702,41.67847],[-87.956726,41.678467],[-87.956735,41.678469],[-87.956742,41.678477],[-87.956744,41.678484],[-87.956751,41.678489],[-87.956759,41.678489],[-87.956764,41.678485],[-87.956769,41.678467],[-87.956781,41.67846],[-87.956796,41.678455],[-87.956816,41.678456],[-87.956837,41.678459],[-87.956862,41.678478],[-87.956873,41.678491],[-87.956875,41.67851],[-87.956872,41.678516],[-87.956864,41.678524]]]},"properties":{"feature_id":"bunker-osm-w1126754065","layer":"bunker","holes":[15],"source":"osm","osm_id":"way/1126754065","osm_version":3,"verified":false}},{"type":"Feature","geometry":{"type":"Polygon","coordinates":[[[-87.956627,41.678736],[-87.956613,41.678742],[-87.9566,41.678746],[-87.956584,41.678746],[-87.95657,41.678741],[-87.95656,41.678735],[-87.956533,41.678726],[-87.956522,41.678719],[-87.956515,41.67871],[-87.956514,41.678689],[-87.956519,41.678677],[-87.956538,41.678657],[-87.956548,41.678651],[-87.95656,41.678646],[-87.956587,41.678646],[-87.956596,41.678643],[-87.956595,41.678638],[-87.956589,41.678631],[-87.956571,41.678617],[-87.956566,41.678611],[-87.956569,41.678584],[-87.956572,41.678576],[-87.956581,41.678567],[-87.95659,41.678561],[-87.956611,41.678558],[-87.956653,41.678559],[-87.956666,41.678562],[-87.956686,41.678576],[-87.956691,41.678585],[-87.956695,41.678599],[-87.956691,41.678624],[-87.956686,41.678637],[-87.956668,41.678657],[-87.956657,41.678663],[-87.956644,41.678665],[-87.956648,41.67869],[-87.956647,41.678708],[-87.956644,41.678717],[-87.956639,41.678725],[-87.956627,41.678736]]]},"properties":{"feature_id":"bunker-osm-w1126754066","layer":"bunker","holes":[16],"source":"osm","osm_id":"way/1126754066","osm_version":3,"verified":false}},{"type":"Feature","geometry":{"type":"Polygon","coordinates":[[[-87.95521,41.680276],[-87.955208,41.680283],[-87.955202,41.68029],[-87.95519,41.680297],[-87.955178,41.680302],[-87.955148,41.680308],[-87.955106,41.680306],[-87.955095,41.680309],[-87.955088,41.680316],[-87.955084,41.680351],[-87.955075,41.680368],[-87.955063,41.68038],[-87.955056,41.680383],[-87.955033,41.680386],[-87.955023,41.680384],[-87.955015,41.680379],[-87.955007,41.68037],[-87.955005,41.680361],[-87.955004,41.680352],[-87.955008,41.680343],[-87.955015,41.680333],[-87.955042,41.680316],[-87.955044,41.680309],[-87.955043,41.680294],[-87.955051,41.680274],[-87.955059,41.680266],[-87.955073,41.68026],[-87.955097,41.680254],[-87.955117,41.680253],[-87.955153,41.680243],[-87.955165,41.680244],[-87.955177,41.680246],[-87.955186,41.680249],[-87.955195,41.680255],[-87.955204,41.680263],[-87.955208,41.680268],[-87.95521,41.680276]]]},"properties":{"feature_id":"bunker-osm-w1126775126","layer":"bunker","holes":[16],"source":"osm","osm_id":"way/1126775126","osm_version":3,"verified":false}},{"type":"Feature","geometry":{"type":"Polygon","coordinates":[[[-87.95511,41.680052],[-87.955087,41.680052],[-87.955077,41.680048],[-87.95507,41.680043],[-87.955067,41.680034],[-87.955054,41.680018],[-87.955044,41.680012],[-87.955033,41.68001],[-87.95502,41.680011],[-87.954994,41.680021],[-87.954968,41.680048],[-87.954958,41.680054],[-87.954928,41.680061],[-87.954867,41.680051],[-87.954854,41.680044],[-87.954846,41.680032],[-87.95484,41.680006],[-87.954842,41.679993],[-87.954855,41.679971],[-87.954888,41.679945],[-87.954899,41.67994],[-87.95491,41.679938],[-87.954924,41.67994],[-87.954939,41.679946],[-87.954947,41.679952],[-87.954962,41.679974],[-87.954976,41.679982],[-87.954989,41.679984],[-87.955001,41.679984],[-87.955029,41.679978],[-87.95504,41.679977],[-87.955134,41.679995],[-87.955148,41.680002],[-87.955153,41.680009],[-87.955154,41.680016],[-87.955153,41.680024],[-87.955148,41.680033],[-87.955134,41.680046],[-87.955122,41.68005],[-87.95511,41.680052]]]},"properties":{"feature_id":"bunker-osm-w1126775127","layer":"bunker","holes":[16],"source":"osm","osm_id":"way/1126775127","osm_version":3,"verified":false}},{"type":"Feature","geometry":{"type":"Polygon","coordinates":[[[-87.954006,41.676917],[-87.95396,41.676908],[-87.953947,41.676903],[-87.953929,41.676887],[-87.953913,41.676863],[-87.953912,41.676851],[-87.953915,41.676841],[-87.953926,41.676832],[-87.95394,41.676827],[-87.953953,41.676832],[-87.953966,41.676835],[-87.953981,41.676833],[-87.953994,41.676828],[-87.954008,41.676818],[-87.954021,41.676789],[-87.954018,41.676777],[-87.954008,41.676764],[-87.953971,41.676748],[-87.953964,41.676736],[-87.953967,41.676725],[-87.953973,41.676716],[-87.954,41.676703],[-87.954013,41.6767],[-87.954047,41.676702],[-87.954061,41.676706],[-87.954071,41.676711],[-87.954083,41.67672],[-87.954091,41.676733],[-87.954097,41.676758],[-87.954081,41.676802],[-87.954082,41.676811],[-87.95409,41.676832],[-87.954092,41.676849],[-87.954086,41.676872],[-87.954081,41.676883],[-87.954067,41.676897],[-87.954051,41.676907],[-87.954032,41.676915],[-87.954006,41.676917]]]},"properties":{"feature_id":"bunker-osm-w1126775136","layer":"bunker","holes":[18],"source":"osm","osm_id":"way/1126775136","osm_version":3,"verified":false}},{"type":"Feature","geometry":{"type":"Polygon","coordinates":[[[-87.953695,41.676886],[-87.953689,41.676897],[-87.953678,41.676908],[-87.953664,41.676915],[-87.953646,41.676916],[-87.953588,41.676909],[-87.953576,41.676905],[-87.953565,41.676897],[-87.95356,41.676887],[-87.953559,41.676867],[-87.953556,41.676858],[-87.953548,41.676853],[-87.95351,41.676844],[-87.953502,41.676838],[-87.953496,41.67683],[-87.953494,41.67682],[-87.953496,41.676812],[-87.953502,41.676802],[-87.953522,41.676784],[-87.953533,41.676777],[-87.953546,41.676772],[-87.95356,41.676772],[-87.953574,41.676775],[-87.953586,41.676775],[-87.953625,41.676764],[-87.953638,41.676764],[-87.95365,41.676767],[-87.953663,41.676773],[-87.953672,41.676792],[-87.953669,41.676801],[-87.953664,41.676807],[-87.953642,41.676821],[-87.953635,41.67683],[-87.953635,41.676836],[-87.95364,41.676842],[-87.95365,41.676845],[-87.953664,41.676846],[-87.953676,41.676849],[-87.953687,41.676857],[-87.953692,41.676866],[-87.953695,41.676886]]]},"properties":{"feature_id":"bunker-osm-w1126775137","layer":"bunker","holes":[18],"source":"osm","osm_id":"way/1126775137","osm_version":3,"verified":false}},{"type":"Feature","geometry":{"type":"Polygon","coordinates":[[[-87.946846,41.679046],[-87.946831,41.679037],[-87.946812,41.679036],[-87.946794,41.679044],[-87.946784,41.679059],[-87.946782,41.679082],[-87.946792,41.679097],[-87.946789,41.679121],[-87.946773,41.679132],[-87.946766,41.679148],[-87.946775,41.679164],[-87.946796,41.679171],[-87.946813,41.679173],[-87.946834,41.679168],[-87.946852,41.679156],[-87.946854,41.679141],[-87.946847,41.679128],[-87.94684,41.679116],[-87.94684,41.679096],[-87.946846,41.679085],[-87.946862,41.679084],[-87.94687,41.679073],[-87.946865,41.679058],[-87.946846,41.679046]]]},"properties":{"feature_id":"bunker-osm-w1240073860","layer":"bunker","holes":[2],"source":"osm","osm_id":"way/1240073860","osm_version":1,"verified":false}},{"type":"Feature","geometry":{"type":"Polygon","coordinates":[[[-87.946475,41.679029],[-87.946458,41.679014],[-87.946427,41.679005],[-87.946401,41.679008],[-87.94638,41.679014],[-87.946359,41.679026],[-87.946346,41.679045],[-87.946352,41.679064],[-87.946371,41.679073],[-87.946391,41.679073],[-87.946409,41.679068],[-87.946423,41.679061],[-87.946441,41.679061],[-87.94645,41.679073],[-87.946444,41.679089],[-87.94642,41.679094],[-87.946405,41.679105],[-87.946399,41.679126],[-87.946402,41.679143],[-87.946413,41.679156],[-87.946434,41.679163],[-87.946457,41.679162],[-87.946483,41.679154],[-87.946497,41.679138],[-87.946501,41.679117],[-87.946505,41.6791],[-87.946505,41.679077],[-87.946498,41.679061],[-87.946487,41.679045],[-87.946475,41.679029]]]},"properties":{"feature_id":"bunker-osm-w1240073861","layer":"bunker","holes":[2],"source":"osm","osm_id":"way/1240073861","osm_version":1,"verified":false}},{"type":"Feature","geometry":{"type":"Polygon","coordinates":[[[-87.946713,41.678767],[-87.946696,41.678761],[-87.946677,41.67876],[-87.946659,41.678766],[-87.94664,41.678778],[-87.946631,41.678794],[-87.946635,41.678807],[-87.946649,41.678809],[-87.946663,41.678808],[-87.946673,41.678812],[-87.946673,41.678823],[-87.94665,41.678833],[-87.946635,41.678845],[-87.946626,41.678857],[-87.946631,41.678873],[-87.94664,41.678883],[-87.946657,41.678888],[-87.946677,41.678882],[-87.946688,41.678871],[-87.946706,41.678873],[-87.946714,41.678888],[-87.946723,41.678903],[-87.946736,41.678909],[-87.946754,41.67891],[-87.946769,41.678902],[-87.946783,41.678886],[-87.946784,41.678869],[-87.946775,41.678854],[-87.946757,41.678847],[-87.946736,41.678845],[-87.946716,41.678847],[-87.946699,41.678845],[-87.946696,41.678832],[-87.94671,41.678818],[-87.946723,41.678808],[-87.946733,41.678794],[-87.94673,41.678779],[-87.946713,41.678767]]]},"properties":{"feature_id":"bunker-osm-w1240073862","layer":"bunker","holes":[2],"source":"osm","osm_id":"way/1240073862","osm_version":1,"verified":false}},{"type":"Feature","geometry":{"type":"Polygon","coordinates":[[[-87.951152,41.679312],[-87.95114,41.679301],[-87.951106,41.679299],[-87.951072,41.679304],[-87.951057,41.679316],[-87.951055,41.679332],[-87.951065,41.679351],[-87.951078,41.679363],[-87.9511,41.679373],[-87.951118,41.679374],[-87.951139,41.679376],[-87.951163,41.679383],[-87.951183,41.679388],[-87.951199,41.679391],[-87.95121,41.679387],[-87.951216,41.679378],[-87.951217,41.679363],[-87.951211,41.679352],[-87.951197,41.679344],[-87.951181,41.67934],[-87.951162,41.679336],[-87.951156,41.679325],[-87.951152,41.679312]]]},"properties":{"feature_id":"bunker-osm-w1240136376","layer":"bunker","holes":[10],"source":"osm","osm_id":"way/1240136376","osm_version":1,"verified":false}},{"type":"Feature","geometry":{"type":"Polygon","coordinates":[[[-87.950592,41.685925],[-87.950573,41.685907],[-87.950536,41.685898],[-87.950506,41.685901],[-87.950485,41.685912],[-87.950472,41.685927],[-87.950466,41.685948],[-87.95047,41.685966],[-87.950481,41.685989],[-87.950492,41.686003],[-87.950509,41.68601],[-87.950529,41.686013],[-87.950539,41.686025],[-87.950542,41.686047],[-87.950529,41.686067],[-87.950523,41.686089],[-87.950524,41.686113],[-87.950538,41.686128],[-87.950556,41.686137],[-87.950578,41.686139],[-87.950598,41.686135],[-87.95061,41.686127],[-87.95062,41.686114],[-87.95062,41.686099],[-87.950616,41.686086],[-87.950607,41.68607],[-87.950599,41.686053],[-87.950603,41.686038],[-87.950614,41.686022],[-87.950622,41.686006],[-87.950622,41.685987],[-87.950613,41.685964],[-87.950604,41.685948],[-87.950592,41.685925]]]},"properties":{"feature_id":"bunker-osm-w1240136385","layer":"bunker","holes":[13],"source":"osm","osm_id":"way/1240136385","osm_version":1,"verified":false}},{"type":"Feature","geometry":{"type":"Polygon","coordinates":[[[-87.93893,41.683674],[-87.938937,41.683662],[-87.938922,41.683641],[-87.938906,41.683628],[-87.938888,41.683624],[-87.938865,41.683622],[-87.938849,41.683626],[-87.938842,41.683638],[-87.938844,41.683654],[-87.938852,41.683668],[-87.93887,41.683682],[-87.93888,41.683694],[-87.938885,41.68371],[-87.938874,41.683729],[-87.93886,41.683743],[-87.938857,41.68376],[-87.938865,41.683775],[-87.938882,41.683786],[-87.938905,41.683793],[-87.938927,41.683798],[-87.93895,41.683798],[-87.938971,41.683792],[-87.938985,41.683778],[-87.938986,41.683761],[-87.93898,41.683745],[-87.93897,41.683737],[-87.938954,41.68373],[-87.938937,41.683723],[-87.938923,41.683712],[-87.938919,41.683694],[-87.93893,41.683674]]]},"properties":{"feature_id":"bunker-osm-w1240241841","layer":"bunker","holes":[6],"source":"osm","osm_id":"way/1240241841","osm_version":1,"verified":false}},{"type":"Feature","geometry":{"type":"Polygon","coordinates":[[[-87.938464,41.68359],[-87.938446,41.683586],[-87.938428,41.683588],[-87.938412,41.683596],[-87.938401,41.683608],[-87.938399,41.683626],[-87.938403,41.683642],[-87.938404,41.683658],[-87.938399,41.683675],[-87.938384,41.683683],[-87.938359,41.683681],[-87.938345,41.683676],[-87.93833,41.683673],[-87.938311,41.68368],[-87.938294,41.683696],[-87.93829,41.683717],[-87.93829,41.683731],[-87.9383,41.683743],[-87.93831,41.683752],[-87.938322,41.683759],[-87.938343,41.683761],[-87.938364,41.683757],[-87.93838,41.683748],[-87.938394,41.683737],[-87.9384,41.68372],[-87.938407,41.683707],[-87.938422,41.683698],[-87.938447,41.683695],[-87.938466,41.683692],[-87.938482,41.683685],[-87.938497,41.68367],[-87.938504,41.683655],[-87.938506,41.683641],[-87.938506,41.683622],[-87.938501,41.683609],[-87.938487,41.683597],[-87.938464,41.68359]]]},"properties":{"feature_id":"bunker-osm-w1240241842","layer":"bunker","holes":[6],"source":"osm","osm_id":"way/1240241842","osm_version":1,"verified":false}},{"type":"Feature","geometry":{"type":"Polygon","coordinates":[[[-87.93806,41.683853],[-87.938046,41.68384],[-87.938029,41.683832],[-87.938011,41.68383],[-87.937989,41.683831],[-87.937969,41.683839],[-87.937961,41.683855],[-87.937959,41.683873],[-87.937965,41.68389],[-87.937971,41.683905],[-87.937962,41.683921],[-87.937941,41.683927],[-87.937918,41.683923],[-87.937899,41.683918],[-87.937878,41.683921],[-87.937869,41.683932],[-87.937864,41.683947],[-87.937867,41.683961],[-87.937878,41.683972],[-87.937894,41.683991],[-87.937916,41.683995],[-87.937937,41.683996],[-87.937959,41.683989],[-87.937972,41.683976],[-87.93799,41.683957],[-87.938001,41.683941],[-87.938018,41.683932],[-87.938037,41.683922],[-87.938056,41.683914],[-87.93807,41.683901],[-87.938079,41.683885],[-87.938078,41.683866],[-87.93806,41.683853]]]},"properties":{"feature_id":"bunker-osm-w1240241843","layer":"bunker","holes":[6],"source":"osm","osm_id":"way/1240241843","osm_version":1,"verified":false}},{"type":"Feature","geometry":{"type":"Polygon","coordinates":[[[-87.93798,41.685445],[-87.937967,41.685433],[-87.937945,41.685421],[-87.937934,41.685405],[-87.937925,41.685385],[-87.937909,41.685367],[-87.93789,41.68536],[-87.93787,41.685362],[-87.937851,41.685371],[-87.937842,41.685387],[-87.937827,41.685404],[-87.937826,41.685422],[-87.937834,41.685442],[-87.937856,41.685453],[-87.937876,41.685464],[-87.937889,41.685481],[-87.937884,41.685503],[-87.937873,41.685517],[-87.937861,41.685537],[-87.93786,41.685555],[-87.93786,41.685572],[-87.937868,41.685587],[-87.937887,41.685596],[-87.93791,41.685599],[-87.937933,41.6856],[-87.937957,41.685593],[-87.937974,41.68558],[-87.937986,41.685559],[-87.937987,41.68554],[-87.937979,41.685525],[-87.937971,41.68551],[-87.937975,41.685493],[-87.937985,41.68548],[-87.937989,41.685464],[-87.93798,41.685445]]]},"properties":{"feature_id":"bunker-osm-w1240241844","layer":"bunker","holes":[7],"source":"osm","osm_id":"way/1240241844","osm_version":1,"verified":false}},{"type":"Feature","geometry":{"type":"Polygon","coordinates":[[[-87.940533,41.685216],[-87.940499,41.685219],[-87.940474,41.685211],[-87.940464,41.685193],[-87.940464,41.685164],[-87.940471,41.685141],[-87.940481,41.685124],[-87.940498,41.685106],[-87.940521,41.685089],[-87.940538,41.685081],[-87.940567,41.685077],[-87.940598,41.68508],[-87.940615,41.685093],[-87.940627,41.685117],[-87.940622,41.68514],[-87.940602,41.685165],[-87.940582,41.685183],[-87.940565,41.685203],[-87.940533,41.685216]]]},"properties":{"feature_id":"bunker-osm-w1240310062","layer":"bunker","holes":[7],"source":"osm","osm_id":"way/1240310062","osm_version":1,"verified":false}},{"type":"Feature","geometry":{"type":"Polygon","coordinates":[[[-87.949692,41.679959],[-87.94971,41.679975],[-87.949718,41.68],[-87.94971,41.680025],[-87.949684,41.680043],[-87.949652,41.680051],[-87.949614,41.680056],[-87.949567,41.680056],[-87.949541,41.680047],[-87.949519,41.680029],[-87.949512,41.680007],[-87.949518,41.679983],[-87.949538,41.679966],[-87.949569,41.67996],[-87.949596,41.679967],[-87.949605,41.679983],[-87.949617,41.67999],[-87.949632,41.679988],[-87.94964,41.679974],[-87.949641,41.679957],[-87.949655,41.67995],[-87.949677,41.679951],[-87.949692,41.679959]]]},"properties":{"feature_id":"bunker-osm-w1240310092","layer":"bunker","holes":[10],"source":"osm","osm_id":"way/1240310092","osm_version":1,"verified":false}},{"type":"Feature","geometry":{"type":"Polygon","coordinates":[[[-87.951677,41.679765],[-87.951673,41.67975],[-87.951652,41.679744],[-87.951634,41.679755],[-87.951622,41.679775],[-87.951605,41.6798],[-87.951579,41.679813],[-87.951559,41.679834],[-87.951547,41.679858],[-87.951527,41.679874],[-87.951507,41.679888],[-87.951485,41.679907],[-87.951474,41.679925],[-87.951471,41.679949],[-87.951482,41.679968],[-87.951499,41.679979],[-87.95152,41.679982],[-87.95154,41.679981],[-87.951558,41.679977],[-87.951574,41.679961],[-87.951589,41.679948],[-87.951598,41.679933],[-87.951599,41.679919],[-87.951596,41.679904],[-87.951597,41.679892],[-87.951609,41.679879],[-87.951632,41.679873],[-87.951647,41.679869],[-87.951662,41.67986],[-87.951674,41.679846],[-87.95168,41.679832],[-87.951678,41.679815],[-87.951671,41.679802],[-87.95167,41.679786],[-87.951675,41.679776],[-87.951677,41.679765]]]},"properties":{"feature_id":"bunker-osm-w1240312026","layer":"bunker","holes":[11],"source":"osm","osm_id":"way/1240312026","osm_version":1,"verified":false}},{"type":"Feature","geometry":{"type":"Polygon","coordinates":[[[-87.955766,41.678516],[-87.955768,41.678529],[-87.955764,41.678538],[-87.955757,41.678544],[-87.955745,41.678548],[-87.955732,41.678548],[-87.955722,41.678547],[-87.955717,41.678541],[-87.955712,41.678535],[-87.955707,41.678528],[-87.955699,41.678527],[-87.95569,41.678529],[-87.955684,41.678536],[-87.95568,41.678543],[-87.955673,41.678547],[-87.955664,41.678547],[-87.955655,41.678543],[-87.955647,41.678533],[-87.955641,41.67852],[-87.955635,41.678507],[-87.955632,41.678492],[-87.955632,41.678478],[-87.955633,41.678464],[-87.955637,41.678455],[-87.955648,41.678448],[-87.955665,41.678447],[-87.955687,41.678451],[-87.955709,41.678465],[-87.95572,41.678483],[-87.955739,41.678497],[-87.955756,41.678505],[-87.955766,41.678516]]]},"properties":{"feature_id":"bunker-osm-w1240605725","layer":"bunker","holes":[16],"source":"osm","osm_id":"way/1240605725","osm_version":1,"verified":false}},{"type":"Feature","geometry":{"type":"Polygon","coordinates":[[[-87.955935,41.678737],[-87.95594,41.678726],[-87.95594,41.67871],[-87.955936,41.6787],[-87.955923,41.678697],[-87.955907,41.678697],[-87.955889,41.678701],[-87.955876,41.678707],[-87.955867,41.678714],[-87.955858,41.678729],[-87.955852,41.678741],[-87.955843,41.678755],[-87.955833,41.67877],[-87.955826,41.678781],[-87.955829,41.678794],[-87.955838,41.678801],[-87.955853,41.678806],[-87.955866,41.678807],[-87.95588,41.678807],[-87.955891,41.6788],[-87.955898,41.678794],[-87.955903,41.678784],[-87.955906,41.678773],[-87.9559,41.678765],[-87.955895,41.678759],[-87.955896,41.678752],[-87.955906,41.67875],[-87.955916,41.678749],[-87.955927,41.678747],[-87.955935,41.678737]]]},"properties":{"feature_id":"bunker-osm-w1240605726","layer":"bunker","holes":[16],"source":"osm","osm_id":"way/1240605726","osm_version":1,"verified":false}},{"type":"Feature","geometry":{"type":"Polygon","coordinates":[[[-87.955504,41.67859],[-87.95549,41.678579],[-87.955473,41.678572],[-87.955453,41.678565],[-87.955427,41.678563],[-87.955401,41.678566],[-87.955384,41.678569],[-87.955367,41.678575],[-87.955353,41.678588],[-87.95535,41.678601],[-87.955345,41.678615],[-87.955346,41.678629],[-87.955352,41.678642],[-87.955362,41.678651],[-87.955376,41.678658],[-87.955396,41.678663],[-87.955409,41.678666],[-87.955424,41.678665],[-87.955435,41.678659],[-87.955438,41.678653],[-87.955437,41.678646],[-87.955432,41.67864],[-87.95543,41.678636],[-87.955433,41.678628],[-87.95544,41.678623],[-87.955451,41.67862],[-87.955467,41.678624],[-87.955472,41.678635],[-87.95547,41.678646],[-87.955471,41.678654],[-87.955479,41.67866],[-87.955494,41.678661],[-87.955508,41.678655],[-87.955518,41.678649],[-87.955524,41.678641],[-87.955528,41.678633],[-87.955528,41.678623],[-87.955525,41.678611],[-87.955515,41.6786],[-87.955504,41.67859]]]},"properties":{"feature_id":"bunker-osm-w1240605727","layer":"bunker","holes":[16],"source":"osm","osm_id":"way/1240605727","osm_version":1,"verified":false}},{"type":"Feature","geometry":{"type":"Polygon","coordinates":[[[-87.954267,41.676432],[-87.954257,41.676419],[-87.954248,41.676412],[-87.954234,41.676405],[-87.954213,41.676401],[-87.954191,41.676406],[-87.954174,41.676422],[-87.954166,41.676442],[-87.954163,41.676456],[-87.954164,41.676473],[-87.954155,41.676487],[-87.954153,41.676503],[-87.95416,41.676518],[-87.954171,41.676528],[-87.954189,41.676532],[-87.954202,41.676538],[-87.954207,41.67655],[-87.954202,41.676563],[-87.954203,41.676579],[-87.954216,41.676588],[-87.954234,41.676588],[-87.954246,41.676584],[-87.954257,41.67657],[-87.954266,41.676557],[-87.954273,41.676542],[-87.954278,41.676528],[-87.954278,41.676513],[-87.954265,41.676503],[-87.954253,41.676493],[-87.954253,41.676478],[-87.954264,41.676469],[-87.954271,41.676456],[-87.954273,41.676441],[-87.954267,41.676432]]]},"properties":{"feature_id":"bunker-osm-w1240622110","layer":"bunker","holes":[18],"source":"osm","osm_id":"way/1240622110","osm_version":1,"verified":false}},{"type":"Feature","geometry":{"type":"Polygon","coordinates":[[[-87.954629,41.676463],[-87.954617,41.676447],[-87.954611,41.676431],[-87.954609,41.676415],[-87.954606,41.676399],[-87.954596,41.676382],[-87.954583,41.676371],[-87.954566,41.676363],[-87.954549,41.676361],[-87.95453,41.676365],[-87.954516,41.676373],[-87.954507,41.676384],[-87.954505,41.6764],[-87.954508,41.676415],[-87.954517,41.676427],[-87.954523,41.67644],[-87.954517,41.676453],[-87.954513,41.676466],[-87.954516,41.676484],[-87.954522,41.6765],[-87.954533,41.67651],[-87.954544,41.676525],[-87.954554,41.67654],[-87.954548,41.676554],[-87.954538,41.676566],[-87.954536,41.676586],[-87.954543,41.676599],[-87.954554,41.67661],[-87.954567,41.676616],[-87.954589,41.676619],[-87.954604,41.676617],[-87.954621,41.676617],[-87.954642,41.676621],[-87.954658,41.67662],[-87.954676,41.676616],[-87.954687,41.676605],[-87.954693,41.676591],[-87.954693,41.676573],[-87.954688,41.676556],[-87.954676,41.676545],[-87.954662,41.676537],[-87.954649,41.67653],[-87.954637,41.676521],[-87.954633,41.676507],[-87.954635,41.676496],[-87.954639,41.676485],[-87.954639,41.676472],[-87.954629,41.676463]]]},"properties":{"feature_id":"bunker-osm-w1240622111","layer":"bunker","holes":[18],"source":"osm","osm_id":"way/1240622111","osm_version":1,"verified":false}},{"type":"Feature","geometry":{"type":"Polygon","coordinates":[[[-87.948955,41.676641],[-87.948944,41.676638],[-87.948933,41.676633],[-87.948928,41.676628],[-87.948917,41.676623],[-87.948902,41.676621],[-87.948891,41.676623],[-87.948882,41.676629],[-87.948874,41.676636],[-87.94886,41.676638],[-87.948842,41.676642],[-87.948828,41.676645],[-87.948817,41.676649],[-87.94881,41.676657],[-87.948811,41.676665],[-87.948818,41.676673],[-87.948831,41.676677],[-87.948843,41.676683],[-87.948848,41.676691],[-87.948845,41.676702],[-87.948837,41.676709],[-87.948826,41.676713],[-87.948807,41.676712],[-87.948788,41.676707],[-87.948776,41.676703],[-87.948764,41.6767],[-87.948751,41.676701],[-87.94874,41.676705],[-87.948729,41.67671],[-87.948719,41.676718],[-87.94871,41.676728],[-87.948708,41.676738],[-87.948712,41.676749],[-87.948718,41.676755],[-87.948728,41.676758],[-87.948741,41.676757],[-87.948747,41.676751],[-87.948756,41.676745],[-87.948768,41.67674],[-87.948782,41.676737],[-87.948794,41.676741],[-87.948798,41.676751],[-87.948795,41.676763],[-87.948784,41.676771],[-87.948773,41.676778],[-87.948761,41.676783],[-87.948748,41.676789],[-87.948744,41.676797],[-87.948745,41.676809],[-87.948751,41.67682],[-87.948761,41.676824],[-87.948771,41.676829],[-87.948784,41.676831],[-87.948799,41.676829],[-87.948807,41.676818],[-87.948808,41.676808],[-87.948808,41.676799],[-87.948812,41.67679],[-87.948821,41.676785],[-87.948835,41.676782],[-87.948845,41.676789],[-87.948861,41.67679],[-87.948872,41.676784],[-87.948876,41.676774],[-87.948875,41.676764],[-87.948869,41.676755],[-87.948865,41.676747],[-87.948863,41.676737],[-87.948866,41.676729],[-87.948872,41.676722],[-87.948885,41.676721],[-87.948894,41.676724],[-87.948904,41.676718],[-87.94891,41.676707],[-87.948912,41.676695],[-87.948917,41.676683],[-87.948927,41.676678],[-87.948944,41.67668],[-87.948949,41.676694],[-87.948951,41.676705],[-87.948948,41.676714],[-87.948942,41.676725],[-87.948943,41.676736],[-87.948951,41.676743],[-87.948962,41.676744],[-87.948975,41.676743],[-87.948986,41.676738],[-87.948996,41.67673],[-87.949006,41.676721],[-87.949001,41.676706],[-87.948999,41.676695],[-87.949,41.676684],[-87.949006,41.676671],[-87.949001,41.676661],[-87.948996,41.676653],[-87.948984,41.676648],[-87.948969,41.676645],[-87.948955,41.676641]]]},"properties":{"feature_id":"bunker-osm-w1507938365","layer":"bunker","holes":[1],"source":"osm","osm_id":"way/1507938365","osm_version":1,"verified":false}},{"type":"Feature","geometry":{"type":"Polygon","coordinates":[[[-87.948561,41.676824],[-87.948545,41.676825],[-87.948533,41.676832],[-87.948524,41.676839],[-87.948512,41.676843],[-87.948495,41.676843],[-87.948479,41.676847],[-87.948469,41.676857],[-87.948469,41.676867],[-87.948481,41.676877],[-87.948493,41.676881],[-87.948496,41.676896],[-87.948489,41.676906],[-87.948477,41.676915],[-87.948463,41.676918],[-87.948451,41.676913],[-87.948434,41.67691],[-87.948422,41.676913],[-87.948412,41.676919],[-87.948402,41.676928],[-87.948388,41.676933],[-87.948382,41.676941],[-87.948386,41.676951],[-87.948389,41.676962],[-87.94838,41.67697],[-87.948368,41.676977],[-87.948352,41.676977],[-87.948336,41.676981],[-87.948329,41.676991],[-87.948321,41.676999],[-87.948309,41.677006],[-87.948305,41.677014],[-87.948308,41.677026],[-87.948318,41.677031],[-87.948329,41.67703],[-87.948338,41.677024],[-87.948349,41.677026],[-87.948359,41.677032],[-87.94836,41.677042],[-87.948356,41.677053],[-87.948344,41.677059],[-87.948329,41.677057],[-87.948313,41.677058],[-87.94831,41.677069],[-87.948312,41.677085],[-87.94832,41.677095],[-87.948334,41.677103],[-87.948353,41.677107],[-87.948373,41.677109],[-87.948389,41.677108],[-87.948407,41.677102],[-87.948421,41.677096],[-87.948432,41.677085],[-87.948434,41.677073],[-87.948435,41.677061],[-87.948437,41.677051],[-87.948432,41.677041],[-87.94842,41.677033],[-87.948414,41.677024],[-87.948412,41.677012],[-87.948413,41.676997],[-87.948422,41.676988],[-87.948433,41.676981],[-87.948443,41.676976],[-87.948448,41.676969],[-87.948462,41.676963],[-87.94847,41.676973],[-87.948473,41.676986],[-87.948471,41.677],[-87.948466,41.677013],[-87.948472,41.677023],[-87.948484,41.67703],[-87.948491,41.677039],[-87.948502,41.677041],[-87.948513,41.677039],[-87.948526,41.677035],[-87.948537,41.677023],[-87.948544,41.677016],[-87.948553,41.677011],[-87.948557,41.677003],[-87.948553,41.67699],[-87.948546,41.676982],[-87.948535,41.676976],[-87.948524,41.676969],[-87.948516,41.676963],[-87.948505,41.676954],[-87.948505,41.676943],[-87.948513,41.676933],[-87.948527,41.676921],[-87.948543,41.67692],[-87.948561,41.676924],[-87.948571,41.676932],[-87.948575,41.676945],[-87.948577,41.676958],[-87.948587,41.676968],[-87.948601,41.676969],[-87.948619,41.676968],[-87.94863,41.676961],[-87.948637,41.676952],[-87.94864,41.676942],[-87.948647,41.676934],[-87.948647,41.676923],[-87.948643,41.676913],[-87.948634,41.676906],[-87.948618,41.676901],[-87.9486,41.6769],[-87.948581,41.676899],[-87.948567,41.676896],[-87.948557,41.67689],[-87.948553,41.67688],[-87.94856,41.676869],[-87.948571,41.676864],[-87.948587,41.676862],[-87.948597,41.676858],[-87.948603,41.676852],[-87.948604,41.676842],[-87.9486,41.676833],[-87.94859,41.676828],[-87.948576,41.676824],[-87.948561,41.676824]]]},"properties":{"feature_id":"bunker-osm-w1507938366","layer":"bunker","holes":[1],"source":"osm","osm_id":"way/1507938366","osm_version":1,"verified":false}},{"type":"Feature","geometry":{"type":"Polygon","coordinates":[[[-87.948049,41.676883],[-87.948046,41.6769],[-87.94804,41.676916],[-87.94803,41.676931],[-87.948018,41.676939],[-87.948002,41.676947],[-87.947985,41.67695],[-87.947965,41.676949],[-87.947949,41.676945],[-87.947934,41.676937],[-87.947924,41.676925],[-87.947923,41.676914],[-87.947924,41.6769],[-87.94793,41.676889],[-87.947942,41.676882],[-87.94796,41.67688],[-87.947979,41.67688],[-87.947995,41.676877],[-87.948007,41.676868],[-87.948008,41.676854],[-87.947999,41.676843],[-87.947983,41.676838],[-87.947963,41.676836],[-87.947956,41.676829],[-87.947956,41.676818],[-87.947961,41.676807],[-87.947969,41.676796],[-87.947981,41.676787],[-87.947994,41.676787],[-87.948005,41.676794],[-87.948015,41.676801],[-87.94803,41.676801],[-87.94804,41.676791],[-87.948046,41.676778],[-87.948037,41.676769],[-87.948026,41.676764],[-87.948026,41.676754],[-87.948033,41.676745],[-87.948051,41.676743],[-87.948069,41.676746],[-87.948081,41.676752],[-87.948092,41.676763],[-87.948095,41.676779],[-87.94809,41.676796],[-87.948084,41.67681],[-87.948074,41.676825],[-87.948063,41.676838],[-87.948055,41.676852],[-87.948049,41.676867],[-87.948049,41.676883]]]},"properties":{"feature_id":"bunker-osm-w1507938367","layer":"bunker","holes":[1],"source":"osm","osm_id":"way/1507938367","osm_version":1,"verified":false}},{"type":"Feature","geometry":{"type":"Polygon","coordinates":[[[-87.947709,41.677997],[-87.94772,41.678001],[-87.947729,41.678011],[-87.94773,41.678023],[-87.947728,41.678032],[-87.947732,41.67804],[-87.947738,41.678047],[-87.947738,41.678058],[-87.94773,41.67807],[-87.947719,41.678078],[-87.947705,41.678084],[-87.947688,41.678085],[-87.947675,41.678083],[-87.947668,41.678074],[-87.947666,41.678063],[-87.947666,41.678052],[-87.947661,41.678045],[-87.947644,41.678042],[-87.947631,41.678049],[-87.947622,41.678058],[-87.947618,41.67807],[-87.947622,41.678081],[-87.947629,41.678087],[-87.947631,41.678096],[-87.947637,41.678105],[-87.947647,41.678111],[-87.947647,41.678121],[-87.947647,41.67813],[-87.947649,41.67814],[-87.947653,41.678146],[-87.94765,41.678155],[-87.947645,41.678164],[-87.947641,41.678177],[-87.947638,41.678187],[-87.947624,41.678191],[-87.947614,41.678196],[-87.947607,41.678202],[-87.947594,41.678204],[-87.947581,41.678205],[-87.947567,41.67821],[-87.947551,41.67821],[-87.947539,41.678203],[-87.947527,41.678195],[-87.947524,41.678186],[-87.947527,41.678178],[-87.947538,41.678173],[-87.94755,41.678173],[-87.94756,41.678168],[-87.947565,41.678156],[-87.94757,41.678149],[-87.947577,41.678141],[-87.947581,41.678132],[-87.947571,41.678125],[-87.947554,41.67812],[-87.947538,41.678124],[-87.947528,41.678135],[-87.947514,41.678146],[-87.947504,41.67815],[-87.947491,41.678147],[-87.947484,41.678139],[-87.947482,41.67813],[-87.947484,41.678122],[-87.947492,41.678115],[-87.947499,41.678107],[-87.9475,41.678101],[-87.94751,41.678093],[-87.947521,41.678091],[-87.947537,41.678089],[-87.947553,41.678085],[-87.947564,41.678078],[-87.947574,41.67807],[-87.947579,41.678059],[-87.947582,41.678047],[-87.947588,41.678035],[-87.947603,41.678022],[-87.947618,41.678011],[-87.947637,41.678003],[-87.947659,41.677994],[-87.947672,41.677992],[-87.947691,41.677993],[-87.947709,41.677997]]]},"properties":{"feature_id":"bunker-osm-w1507938368","layer":"bunker","holes":[1],"source":"osm","osm_id":"way/1507938368","osm_version":1,"verified":false}},{"type":"Feature","geometry":{"type":"Polygon","coordinates":[[[-87.947913,41.67802],[-87.947904,41.678026],[-87.9479,41.678033],[-87.947892,41.678041],[-87.947879,41.678047],[-87.947864,41.678051],[-87.947856,41.678058],[-87.947853,41.678072],[-87.947859,41.678082],[-87.947866,41.678089],[-87.947874,41.678092],[-87.947885,41.678091],[-87.947892,41.678085],[-87.947895,41.678077],[-87.947902,41.678071],[-87.947913,41.678068],[-87.947926,41.678065],[-87.947938,41.678065],[-87.947948,41.678073],[-87.947949,41.678083],[-87.947944,41.678095],[-87.947936,41.678105],[-87.947924,41.678113],[-87.94791,41.678115],[-87.947895,41.678114],[-87.947883,41.678119],[-87.947882,41.67813],[-87.94789,41.678142],[-87.9479,41.678149],[-87.947915,41.678151],[-87.947926,41.678149],[-87.947931,41.678141],[-87.947937,41.678131],[-87.947949,41.67813],[-87.947959,41.678138],[-87.947968,41.678144],[-87.947979,41.678143],[-87.947986,41.678139],[-87.947991,41.67813],[-87.947986,41.678124],[-87.947976,41.678118],[-87.94797,41.678108],[-87.947968,41.678096],[-87.947973,41.678088],[-87.947984,41.678082],[-87.947999,41.678081],[-87.948011,41.678087],[-87.948019,41.678094],[-87.948022,41.678105],[-87.948027,41.678115],[-87.948037,41.678115],[-87.948044,41.678111],[-87.948051,41.678101],[-87.948053,41.678091],[-87.94805,41.67808],[-87.948042,41.678071],[-87.948033,41.678064],[-87.948021,41.678058],[-87.94801,41.678053],[-87.948001,41.678047],[-87.94799,41.678041],[-87.947975,41.678037],[-87.947963,41.678032],[-87.94796,41.678023],[-87.947951,41.678015],[-87.947939,41.67801],[-87.947924,41.678013],[-87.947913,41.67802]]]},"properties":{"feature_id":"bunker-osm-w1507938369","layer":"bunker","holes":[1],"source":"osm","osm_id":"way/1507938369","osm_version":1,"verified":false}},{"type":"Feature","geometry":{"type":"Polygon","coordinates":[[[-87.947977,41.678176],[-87.947963,41.67818],[-87.947947,41.678183],[-87.947925,41.678185],[-87.947903,41.678187],[-87.947883,41.678191],[-87.947871,41.678198],[-87.947862,41.678209],[-87.947861,41.678221],[-87.947867,41.678233],[-87.947876,41.678239],[-87.947889,41.678239],[-87.947896,41.678232],[-87.947906,41.678232],[-87.947916,41.67824],[-87.947913,41.678248],[-87.947917,41.678257],[-87.947931,41.678259],[-87.947946,41.678258],[-87.947952,41.678252],[-87.947955,41.678242],[-87.947949,41.678235],[-87.947942,41.678228],[-87.94794,41.678219],[-87.947943,41.67821],[-87.947954,41.678202],[-87.947966,41.678199],[-87.947982,41.678198],[-87.947993,41.678206],[-87.947994,41.67822],[-87.947987,41.678229],[-87.947989,41.678239],[-87.948,41.678246],[-87.948014,41.678248],[-87.948029,41.678244],[-87.948038,41.678239],[-87.948045,41.678231],[-87.948047,41.678217],[-87.948043,41.678206],[-87.948034,41.678195],[-87.948029,41.678187],[-87.948023,41.678178],[-87.948016,41.678171],[-87.948003,41.67817],[-87.947989,41.678171],[-87.947977,41.678176]]]},"properties":{"feature_id":"bunker-osm-w1507938370","layer":"bunker","holes":[1],"source":"osm","osm_id":"way/1507938370","osm_version":1,"verified":false}},{"type":"Feature","geometry":{"type":"Polygon","coordinates":[[[-87.947852,41.679122],[-87.947846,41.679111],[-87.947832,41.679107],[-87.947823,41.679096],[-87.947823,41.679084],[-87.947823,41.679071],[-87.947818,41.679062],[-87.947809,41.679054],[-87.947798,41.679047],[-87.947787,41.679037],[-87.947782,41.679025],[-87.947779,41.679012],[-87.947762,41.679005],[-87.947747,41.679002],[-87.947729,41.678994],[-87.947722,41.678982],[-87.947709,41.678971],[-87.947688,41.678971],[-87.947675,41.678974],[-87.94766,41.678984],[-87.947644,41.678991],[-87.947631,41.678997],[-87.947624,41.679005],[-87.947631,41.679016],[-87.947635,41.679025],[-87.947626,41.679035],[-87.947618,41.679043],[-87.947626,41.679054],[-87.947635,41.679062],[-87.947652,41.679065],[-87.947663,41.679062],[-87.947675,41.679055],[-87.947677,41.67904],[-87.947677,41.679026],[-87.947685,41.679018],[-87.947701,41.679015],[-87.947716,41.67902],[-87.947722,41.679033],[-87.947724,41.679043],[-87.947732,41.679056],[-87.947729,41.679066],[-87.947717,41.679077],[-87.947702,41.679083],[-87.947682,41.679086],[-87.947674,41.679096],[-87.947679,41.679109],[-87.947687,41.679121],[-87.9477,41.679128],[-87.947716,41.679132],[-87.947732,41.679128],[-87.947744,41.67912],[-87.947749,41.679113],[-87.947754,41.679102],[-87.947759,41.679091],[-87.947767,41.679084],[-87.947781,41.679083],[-87.947789,41.679092],[-87.947792,41.679103],[-87.947794,41.679116],[-87.947787,41.679129],[-87.947779,41.679141],[-87.947769,41.679148],[-87.947758,41.679152],[-87.947742,41.679152],[-87.947734,41.679158],[-87.947734,41.679168],[-87.94774,41.67918],[-87.947752,41.679192],[-87.947768,41.679198],[-87.947788,41.679199],[-87.947799,41.679198],[-87.94781,41.679187],[-87.947812,41.679176],[-87.947813,41.679164],[-87.947816,41.679153],[-87.947829,41.679149],[-87.94784,41.679147],[-87.947849,41.679135],[-87.947852,41.679122]]]},"properties":{"feature_id":"bunker-osm-w1507938371","layer":"bunker","holes":[2],"source":"osm","osm_id":"way/1507938371","osm_version":1,"verified":false}},{"type":"Feature","geometry":{"type":"Polygon","coordinates":[[[-87.943331,41.680944],[-87.943342,41.680936],[-87.943348,41.680927],[-87.943349,41.680915],[-87.943346,41.6809],[-87.943342,41.680885],[-87.943332,41.68087],[-87.943324,41.680862],[-87.943311,41.680854],[-87.943299,41.68085],[-87.943282,41.680848],[-87.943267,41.68085],[-87.943255,41.680853],[-87.943247,41.680861],[-87.943247,41.68087],[-87.943257,41.680876],[-87.943264,41.680885],[-87.943254,41.680892],[-87.943243,41.680896],[-87.943227,41.680902],[-87.943209,41.680906],[-87.943195,41.680907],[-87.94318,41.680912],[-87.943173,41.680923],[-87.943173,41.680935],[-87.943179,41.680944],[-87.94319,41.680946],[-87.943197,41.680941],[-87.94321,41.68094],[-87.943215,41.680952],[-87.943211,41.680962],[-87.943207,41.680973],[-87.943193,41.680975],[-87.94318,41.68098],[-87.943174,41.680987],[-87.943175,41.681001],[-87.943179,41.681014],[-87.943188,41.681022],[-87.943205,41.681029],[-87.943219,41.681026],[-87.943229,41.68102],[-87.943237,41.681012],[-87.943242,41.681001],[-87.943243,41.68099],[-87.94325,41.680981],[-87.943254,41.680971],[-87.943251,41.68096],[-87.943247,41.68095],[-87.943247,41.680938],[-87.943249,41.680927],[-87.943255,41.680917],[-87.94327,41.680909],[-87.943282,41.680906],[-87.943294,41.680911],[-87.943299,41.680921],[-87.943293,41.680932],[-87.943294,41.680946],[-87.943304,41.680953],[-87.943318,41.680953],[-87.943331,41.680944]]]},"properties":{"feature_id":"bunker-osm-w1507938372","layer":"bunker","holes":[3],"source":"osm","osm_id":"way/1507938372","osm_version":1,"verified":false}},{"type":"Feature","geometry":{"type":"Polygon","coordinates":[[[-87.943462,41.681029],[-87.943459,41.681017],[-87.943455,41.68101],[-87.943444,41.681004],[-87.943426,41.681004],[-87.94341,41.681005],[-87.943403,41.680998],[-87.943402,41.680985],[-87.943397,41.680978],[-87.943381,41.680974],[-87.943362,41.680975],[-87.943345,41.680982],[-87.94334,41.680992],[-87.943345,41.680999],[-87.943359,41.681003],[-87.943359,41.681014],[-87.943349,41.681022],[-87.943331,41.681027],[-87.943316,41.681025],[-87.943306,41.681019],[-87.943287,41.681017],[-87.943276,41.681024],[-87.94327,41.681035],[-87.943273,41.681043],[-87.943279,41.681048],[-87.94329,41.681047],[-87.943301,41.68105],[-87.943309,41.681059],[-87.94331,41.68107],[-87.9433,41.68108],[-87.943283,41.681082],[-87.943266,41.681078],[-87.94325,41.681081],[-87.943243,41.681091],[-87.94325,41.681103],[-87.94326,41.681114],[-87.943276,41.681123],[-87.94329,41.681124],[-87.943304,41.681122],[-87.943318,41.68112],[-87.943324,41.681112],[-87.943323,41.681104],[-87.943324,41.681096],[-87.943335,41.681089],[-87.943342,41.681081],[-87.943345,41.681066],[-87.943353,41.681053],[-87.943362,41.681039],[-87.943374,41.681035],[-87.943392,41.681034],[-87.943404,41.681039],[-87.943406,41.681053],[-87.943402,41.681068],[-87.9434,41.681077],[-87.943405,41.681087],[-87.94342,41.68109],[-87.943433,41.681088],[-87.943442,41.681079],[-87.943447,41.681071],[-87.943457,41.681062],[-87.943464,41.681053],[-87.943465,41.681041],[-87.943462,41.681029]]]},"properties":{"feature_id":"bunker-osm-w1507938373","layer":"bunker","holes":[3],"source":"osm","osm_id":"way/1507938373","osm_version":1,"verified":false}},{"type":"Feature","geometry":{"type":"Polygon","coordinates":[[[-87.943921,41.68043],[-87.94394,41.680421],[-87.943954,41.680408],[-87.943956,41.680394],[-87.943954,41.680379],[-87.943946,41.680372],[-87.943932,41.680366],[-87.943916,41.680363],[-87.943898,41.680367],[-87.943891,41.680376],[-87.943891,41.68039],[-87.943891,41.680403],[-87.943877,41.680411],[-87.94386,41.68041],[-87.94385,41.680403],[-87.943839,41.680398],[-87.943817,41.680397],[-87.943807,41.680403],[-87.9438,41.680414],[-87.943805,41.680427],[-87.943811,41.680435],[-87.943828,41.68044],[-87.94384,41.680447],[-87.943843,41.680458],[-87.943834,41.68047],[-87.943832,41.680483],[-87.94384,41.680494],[-87.943853,41.680497],[-87.943866,41.680496],[-87.943876,41.680489],[-87.943884,41.680477],[-87.943883,41.680459],[-87.943888,41.680445],[-87.943896,41.680436],[-87.943907,41.680432],[-87.943921,41.68043]]]},"properties":{"feature_id":"bunker-osm-w1507938374","layer":"bunker","holes":[3],"source":"osm","osm_id":"way/1507938374","osm_version":1,"verified":false}},{"type":"Feature","geometry":{"type":"Polygon","coordinates":[[[-87.943732,41.680575],[-87.943727,41.680586],[-87.943721,41.6806],[-87.943713,41.680612],[-87.943699,41.680618],[-87.943684,41.680618],[-87.943666,41.680613],[-87.943656,41.680604],[-87.943649,41.68059],[-87.943649,41.680576],[-87.94366,41.68057],[-87.943676,41.680568],[-87.943687,41.680564],[-87.943694,41.680557],[-87.943699,41.680547],[-87.943694,41.680539],[-87.943681,41.680539],[-87.943668,41.680542],[-87.943652,41.680544],[-87.943632,41.680539],[-87.943628,41.680531],[-87.943622,41.680519],[-87.943615,41.680509],[-87.943619,41.680498],[-87.94363,41.680491],[-87.943653,41.68049],[-87.943671,41.680493],[-87.943686,41.680502],[-87.943703,41.68051],[-87.943719,41.680513],[-87.94373,41.680506],[-87.943734,41.680492],[-87.943724,41.680481],[-87.943707,41.680473],[-87.943689,41.680469],[-87.943676,41.680463],[-87.943667,41.680455],[-87.94367,41.680443],[-87.94368,41.680434],[-87.9437,41.68043],[-87.94372,41.680432],[-87.943739,41.680441],[-87.94375,41.68045],[-87.943758,41.680466],[-87.943773,41.680478],[-87.943781,41.680493],[-87.943779,41.680505],[-87.943767,41.680517],[-87.943754,41.680526],[-87.943745,41.680536],[-87.943741,41.68055],[-87.943736,41.680567],[-87.943732,41.680575]]]},"properties":{"feature_id":"bunker-osm-w1507938375","layer":"bunker","holes":[3],"source":"osm","osm_id":"way/1507938375","osm_version":1,"verified":false}},{"type":"Feature","geometry":{"type":"Polygon","coordinates":[[[-87.946276,41.680191],[-87.946265,41.680187],[-87.946252,41.680186],[-87.946239,41.68019],[-87.94623,41.680196],[-87.94623,41.680203],[-87.946231,41.680214],[-87.946224,41.680222],[-87.946212,41.680226],[-87.946198,41.68023],[-87.946185,41.68023],[-87.946177,41.680224],[-87.946178,41.680215],[-87.946184,41.680206],[-87.946185,41.680196],[-87.946171,41.68019],[-87.946159,41.680187],[-87.946148,41.680186],[-87.946139,41.680191],[-87.946133,41.680202],[-87.946129,41.680211],[-87.94612,41.68022],[-87.946115,41.68023],[-87.946117,41.680241],[-87.946123,41.68025],[-87.946134,41.680254],[-87.946147,41.680255],[-87.946156,41.680259],[-87.946165,41.680263],[-87.946177,41.680264],[-87.946189,41.68026],[-87.946199,41.680254],[-87.946214,41.680252],[-87.946227,41.680253],[-87.946239,41.680255],[-87.946247,41.680251],[-87.946252,41.680242],[-87.946262,41.680239],[-87.946276,41.680237],[-87.946282,41.680228],[-87.946282,41.680219],[-87.946286,41.680211],[-87.946285,41.680199],[-87.946276,41.680191]]]},"properties":{"feature_id":"bunker-osm-w1507956572","layer":"bunker","holes":[4],"source":"osm","osm_id":"way/1507956572","osm_version":1,"verified":false}},{"type":"Feature","geometry":{"type":"Polygon","coordinates":[[[-87.946058,41.680466],[-87.94606,41.680478],[-87.946063,41.680488],[-87.946072,41.680498],[-87.946084,41.680502],[-87.946098,41.680505],[-87.946107,41.680502],[-87.946115,41.680494],[-87.946125,41.68049],[-87.94614,41.680488],[-87.946155,41.680491],[-87.946169,41.680494],[-87.946182,41.680494],[-87.946195,41.680489],[-87.946202,41.680481],[-87.946207,41.680469],[-87.946205,41.680461],[-87.946201,41.68045],[-87.946193,41.680442],[-87.946183,41.680436],[-87.946171,41.680435],[-87.946158,41.68044],[-87.946153,41.680449],[-87.946145,41.680459],[-87.946136,41.680467],[-87.946122,41.68047],[-87.946108,41.68047],[-87.946096,41.680465],[-87.946089,41.680457],[-87.946084,41.680448],[-87.946075,41.680441],[-87.946071,41.680431],[-87.946073,41.680421],[-87.94608,41.680415],[-87.946098,41.680412],[-87.946111,41.680417],[-87.946125,41.680417],[-87.94614,41.680415],[-87.946151,41.680408],[-87.946154,41.6804],[-87.946152,41.68039],[-87.946145,41.680381],[-87.946133,41.680375],[-87.946121,41.680374],[-87.946111,41.680379],[-87.946107,41.680389],[-87.946098,41.680395],[-87.946084,41.680398],[-87.946069,41.680395],[-87.946065,41.680383],[-87.946057,41.680378],[-87.946042,41.680382],[-87.946034,41.680387],[-87.946026,41.680395],[-87.946021,41.680406],[-87.946024,41.680417],[-87.946031,41.680426],[-87.94604,41.680436],[-87.946046,41.680444],[-87.946056,41.680454],[-87.946058,41.680466]]]},"properties":{"feature_id":"bunker-osm-w1507956573","layer":"bunker","holes":[4],"source":"osm","osm_id":"way/1507956573","osm_version":1,"verified":false}},{"type":"Feature","geometry":{"type":"Polygon","coordinates":[[[-87.945228,41.68059],[-87.945232,41.680599],[-87.945241,41.680607],[-87.945257,41.680611],[-87.945269,41.680606],[-87.945282,41.680598],[-87.945296,41.680594],[-87.945311,41.680594],[-87.945327,41.680595],[-87.945342,41.680591],[-87.945353,41.680582],[-87.945362,41.680576],[-87.945374,41.680571],[-87.945383,41.680562],[-87.94538,41.680551],[-87.945375,41.680543],[-87.945368,41.680537],[-87.945357,41.680534],[-87.945343,41.680535],[-87.945334,41.680541],[-87.945329,41.68055],[-87.94532,41.68056],[-87.945307,41.680567],[-87.945291,41.680567],[-87.945279,41.680561],[-87.945273,41.680552],[-87.945267,41.680542],[-87.945268,41.680531],[-87.945274,41.680522],[-87.945286,41.680514],[-87.945299,41.680512],[-87.945315,41.680508],[-87.945324,41.6805],[-87.945324,41.68049],[-87.945317,41.680483],[-87.945307,41.680475],[-87.945294,41.680469],[-87.945277,41.680467],[-87.945265,41.680468],[-87.945252,41.680474],[-87.945249,41.680484],[-87.945249,41.680497],[-87.945246,41.680508],[-87.945238,41.680518],[-87.945225,41.680525],[-87.94521,41.680528],[-87.945195,41.680533],[-87.94519,41.680542],[-87.945193,41.680553],[-87.9452,41.680563],[-87.945212,41.680573],[-87.945221,41.680581],[-87.945228,41.68059]]]},"properties":{"feature_id":"bunker-osm-w1507956574","layer":"bunker","holes":[4],"source":"osm","osm_id":"way/1507956574","osm_version":1,"verified":false}},{"type":"Feature","geometry":{"type":"Polygon","coordinates":[[[-87.944979,41.680623],[-87.944969,41.680632],[-87.944958,41.680638],[-87.94495,41.680646],[-87.944951,41.68066],[-87.944964,41.680672],[-87.944975,41.680677],[-87.944991,41.680679],[-87.94501,41.680679],[-87.945023,41.680675],[-87.945038,41.680667],[-87.945049,41.680659],[-87.945068,41.680656],[-87.945092,41.680655],[-87.945108,41.680652],[-87.945125,41.680649],[-87.945145,41.680649],[-87.945158,41.680649],[-87.945168,41.680644],[-87.945177,41.680637],[-87.945183,41.680625],[-87.945183,41.680613],[-87.945174,41.6806],[-87.945165,41.680591],[-87.945156,41.680586],[-87.945142,41.68058],[-87.945127,41.68058],[-87.945112,41.680586],[-87.945106,41.680595],[-87.945097,41.680607],[-87.945087,41.680617],[-87.945078,41.680622],[-87.945055,41.680627],[-87.945041,41.680631],[-87.945028,41.680629],[-87.945024,41.680618],[-87.945031,41.680609],[-87.945043,41.6806],[-87.945054,41.680594],[-87.945061,41.680587],[-87.945061,41.680576],[-87.945058,41.680567],[-87.945048,41.680562],[-87.945032,41.680562],[-87.945021,41.680566],[-87.945008,41.680577],[-87.945,41.68059],[-87.944995,41.6806],[-87.944989,41.680612],[-87.944979,41.680623]]]},"properties":{"feature_id":"bunker-osm-w1507956575","layer":"bunker","holes":[4],"source":"osm","osm_id":"way/1507956575","osm_version":1,"verified":false}},{"type":"Feature","geometry":{"type":"Polygon","coordinates":[[[-87.945351,41.680852],[-87.945342,41.680859],[-87.945327,41.680867],[-87.945311,41.680869],[-87.945296,41.680872],[-87.945284,41.680883],[-87.945273,41.680895],[-87.945259,41.680898],[-87.945239,41.680899],[-87.945222,41.680901],[-87.945208,41.680907],[-87.945199,41.680919],[-87.945195,41.680931],[-87.945186,41.680939],[-87.945169,41.680946],[-87.945156,41.680951],[-87.945151,41.680962],[-87.945155,41.680973],[-87.945165,41.680978],[-87.945179,41.680977],[-87.945194,41.680972],[-87.945207,41.680974],[-87.945219,41.680978],[-87.945232,41.680987],[-87.945247,41.680992],[-87.945259,41.68099],[-87.945269,41.680986],[-87.945276,41.680977],[-87.945276,41.680969],[-87.945271,41.680963],[-87.945259,41.680959],[-87.945248,41.680958],[-87.94524,41.680953],[-87.945238,41.680943],[-87.945242,41.680935],[-87.945255,41.68093],[-87.945269,41.680923],[-87.945284,41.680924],[-87.945296,41.680927],[-87.945309,41.680936],[-87.945313,41.680947],[-87.945322,41.680957],[-87.945342,41.68096],[-87.945353,41.680958],[-87.945365,41.680951],[-87.945373,41.680944],[-87.945375,41.680934],[-87.94537,41.680926],[-87.945358,41.680924],[-87.945344,41.680921],[-87.94534,41.680913],[-87.945343,41.6809],[-87.945354,41.680893],[-87.945372,41.680892],[-87.945386,41.680899],[-87.945401,41.680903],[-87.945414,41.680902],[-87.945421,41.680896],[-87.945427,41.680888],[-87.945427,41.680876],[-87.945423,41.680869],[-87.945417,41.680859],[-87.945409,41.680851],[-87.9454,41.680845],[-87.945386,41.68084],[-87.945372,41.680839],[-87.945358,41.680843],[-87.945351,41.680852]]]},"properties":{"feature_id":"bunker-osm-w1507956576","layer":"bunker","holes":[4],"source":"osm","osm_id":"way/1507956576","osm_version":1,"verified":false}},{"type":"Feature","geometry":{"type":"Polygon","coordinates":[[[-87.941631,41.682429],[-87.941625,41.682424],[-87.94162,41.682419],[-87.941621,41.682409],[-87.941624,41.682399],[-87.941622,41.682391],[-87.941617,41.682382],[-87.94161,41.682378],[-87.941598,41.682375],[-87.941587,41.682378],[-87.941574,41.68238],[-87.941561,41.682379],[-87.941546,41.682374],[-87.941534,41.682369],[-87.941527,41.682362],[-87.94152,41.682355],[-87.941506,41.682355],[-87.941494,41.682359],[-87.941477,41.682364],[-87.94146,41.682365],[-87.941446,41.682362],[-87.941434,41.682357],[-87.941416,41.682358],[-87.941404,41.682365],[-87.941404,41.682376],[-87.941406,41.682386],[-87.9414,41.682393],[-87.941385,41.682401],[-87.941373,41.682404],[-87.941359,41.682408],[-87.941345,41.682415],[-87.941339,41.682422],[-87.941336,41.682432],[-87.941338,41.682442],[-87.941342,41.68245],[-87.941352,41.682458],[-87.941365,41.682463],[-87.941383,41.682465],[-87.9414,41.682463],[-87.941416,41.682458],[-87.941422,41.682449],[-87.941421,41.682439],[-87.941416,41.682431],[-87.941415,41.682422],[-87.941419,41.682413],[-87.94143,41.682404],[-87.941446,41.682399],[-87.941461,41.682396],[-87.941477,41.682392],[-87.941487,41.682399],[-87.941496,41.682408],[-87.941496,41.682418],[-87.941487,41.682427],[-87.941473,41.68243],[-87.941463,41.682434],[-87.941458,41.682447],[-87.941459,41.68246],[-87.941466,41.682467],[-87.941476,41.682468],[-87.941489,41.682464],[-87.941497,41.682458],[-87.941506,41.682457],[-87.94152,41.682458],[-87.941533,41.682458],[-87.941542,41.682454],[-87.941543,41.682445],[-87.941537,41.682439],[-87.941533,41.682432],[-87.941536,41.68242],[-87.941546,41.682414],[-87.941556,41.68241],[-87.941569,41.68241],[-87.94158,41.682418],[-87.941583,41.682427],[-87.941578,41.682438],[-87.941574,41.682445],[-87.941581,41.682454],[-87.941593,41.682458],[-87.941607,41.68246],[-87.941617,41.682458],[-87.941626,41.682453],[-87.941634,41.682447],[-87.941637,41.682439],[-87.941631,41.682429]]]},"properties":{"feature_id":"bunker-osm-w1507956577","layer":"bunker","holes":[5],"source":"osm","osm_id":"way/1507956577","osm_version":1,"verified":false}},{"type":"Feature","geometry":{"type":"Polygon","coordinates":[[[-87.941869,41.682457],[-87.941862,41.682453],[-87.941855,41.682446],[-87.94185,41.682441],[-87.94184,41.682437],[-87.941831,41.682433],[-87.941823,41.682428],[-87.941811,41.682427],[-87.941801,41.682432],[-87.94179,41.682437],[-87.941782,41.682444],[-87.941783,41.682453],[-87.941792,41.682461],[-87.941801,41.682465],[-87.941811,41.682472],[-87.941818,41.682479],[-87.941818,41.682489],[-87.941808,41.682494],[-87.941795,41.682496],[-87.941784,41.682496],[-87.941769,41.682492],[-87.94176,41.682485],[-87.941752,41.682478],[-87.941734,41.682476],[-87.941718,41.682481],[-87.941708,41.682485],[-87.941708,41.682494],[-87.941711,41.682503],[-87.941716,41.682509],[-87.94173,41.682508],[-87.941741,41.682512],[-87.941744,41.68252],[-87.941743,41.682526],[-87.941733,41.682529],[-87.941723,41.682534],[-87.941722,41.682542],[-87.941724,41.68255],[-87.941736,41.682554],[-87.941749,41.682555],[-87.941761,41.682557],[-87.941769,41.682552],[-87.941774,41.682543],[-87.941774,41.682536],[-87.941782,41.682529],[-87.94179,41.682526],[-87.941802,41.682528],[-87.941812,41.682527],[-87.941821,41.682525],[-87.941832,41.682529],[-87.941838,41.682536],[-87.94183,41.682544],[-87.941819,41.682549],[-87.941816,41.682558],[-87.941819,41.682566],[-87.941828,41.682568],[-87.941838,41.682568],[-87.941847,41.682566],[-87.941857,41.682562],[-87.941867,41.682557],[-87.941878,41.68255],[-87.941886,41.682544],[-87.941892,41.682535],[-87.941892,41.682525],[-87.941885,41.682518],[-87.941875,41.682513],[-87.941867,41.682506],[-87.941866,41.682499],[-87.94186,41.682493],[-87.941862,41.682486],[-87.941872,41.682479],[-87.941877,41.682472],[-87.941877,41.682464],[-87.941869,41.682457]]]},"properties":{"feature_id":"bunker-osm-w1507956578","layer":"bunker","holes":[5],"source":"osm","osm_id":"way/1507956578","osm_version":1,"verified":false}},{"type":"Feature","geometry":{"type":"Polygon","coordinates":[[[-87.941817,41.682633],[-87.941807,41.68263],[-87.941794,41.682629],[-87.941778,41.682627],[-87.941768,41.682628],[-87.941757,41.682631],[-87.941747,41.682634],[-87.941731,41.682634],[-87.941721,41.682629],[-87.941708,41.682624],[-87.941697,41.68262],[-87.941684,41.682616],[-87.941669,41.682617],[-87.94166,41.682624],[-87.94165,41.682635],[-87.941646,41.682644],[-87.941646,41.682657],[-87.941648,41.682669],[-87.941654,41.682677],[-87.941667,41.68268],[-87.941681,41.682682],[-87.941695,41.682682],[-87.941701,41.682678],[-87.941704,41.68267],[-87.941711,41.682662],[-87.941723,41.682658],[-87.941735,41.682656],[-87.941751,41.68266],[-87.941761,41.682658],[-87.941774,41.682659],[-87.941785,41.682664],[-87.941792,41.682671],[-87.941789,41.682679],[-87.941774,41.682684],[-87.941763,41.682689],[-87.941761,41.682701],[-87.941771,41.682708],[-87.941787,41.68271],[-87.941801,41.682708],[-87.941811,41.682707],[-87.941821,41.682698],[-87.941824,41.682689],[-87.941831,41.68268],[-87.941838,41.682675],[-87.941848,41.682669],[-87.941852,41.682658],[-87.941847,41.682648],[-87.941842,41.682641],[-87.941834,41.682636],[-87.941817,41.682633]]]},"properties":{"feature_id":"bunker-osm-w1507956579","layer":"bunker","holes":[5],"source":"osm","osm_id":"way/1507956579","osm_version":1,"verified":false}},{"type":"Feature","geometry":{"type":"Polygon","coordinates":[[[-87.94266,41.682234],[-87.942659,41.682242],[-87.942657,41.682252],[-87.94265,41.682261],[-87.942642,41.682269],[-87.942629,41.682278],[-87.942613,41.682281],[-87.942599,41.682284],[-87.942585,41.682286],[-87.942573,41.682291],[-87.942563,41.682297],[-87.942553,41.682301],[-87.94254,41.6823],[-87.942531,41.682293],[-87.942524,41.682282],[-87.942524,41.682269],[-87.942526,41.682259],[-87.942533,41.68225],[-87.942543,41.682247],[-87.942557,41.682251],[-87.942574,41.682254],[-87.94259,41.682253],[-87.942603,41.682248],[-87.94261,41.682239],[-87.94261,41.682229],[-87.942603,41.682221],[-87.942588,41.682218],[-87.942576,41.682217],[-87.942564,41.682219],[-87.942551,41.682216],[-87.942543,41.68221],[-87.942543,41.6822],[-87.942547,41.682189],[-87.942554,41.682181],[-87.942566,41.682174],[-87.94258,41.682174],[-87.942594,41.682179],[-87.942609,41.682188],[-87.942621,41.682193],[-87.942632,41.682195],[-87.942642,41.682192],[-87.94265,41.682183],[-87.942652,41.682169],[-87.942649,41.682159],[-87.942639,41.682152],[-87.942625,41.682148],[-87.942614,41.682144],[-87.942604,41.682139],[-87.942605,41.682131],[-87.942609,41.682122],[-87.94262,41.682116],[-87.942632,41.682109],[-87.942644,41.682108],[-87.942657,41.682113],[-87.942662,41.682125],[-87.942668,41.682133],[-87.942684,41.682136],[-87.942694,41.682133],[-87.942707,41.682135],[-87.942713,41.682143],[-87.942714,41.682153],[-87.94271,41.682163],[-87.94271,41.682173],[-87.942717,41.682183],[-87.942724,41.682188],[-87.942725,41.682198],[-87.942714,41.682208],[-87.942701,41.682211],[-87.942687,41.682213],[-87.942672,41.682217],[-87.942664,41.682223],[-87.94266,41.682234]]]},"properties":{"feature_id":"bunker-osm-w1507956580","layer":"bunker","holes":[4],"source":"osm","osm_id":"way/1507956580","osm_version":1,"verified":false}},{"type":"Feature","geometry":{"type":"Polygon","coordinates":[[[-87.943668,41.682277],[-87.943655,41.682282],[-87.943637,41.682282],[-87.943625,41.682279],[-87.943608,41.682277],[-87.943587,41.682276],[-87.943571,41.682272],[-87.94355,41.682272],[-87.943534,41.682275],[-87.943515,41.682279],[-87.943504,41.682287],[-87.943497,41.682298],[-87.943494,41.682314],[-87.943495,41.68233],[-87.943496,41.682343],[-87.943504,41.682352],[-87.943514,41.682359],[-87.943525,41.68236],[-87.943541,41.682361],[-87.943552,41.682358],[-87.943562,41.682352],[-87.943568,41.682344],[-87.943571,41.682333],[-87.943571,41.682325],[-87.943571,41.682315],[-87.943582,41.68231],[-87.943594,41.682311],[-87.943605,41.682308],[-87.943616,41.682309],[-87.943625,41.682316],[-87.943626,41.682328],[-87.943625,41.68234],[-87.943618,41.682348],[-87.943615,41.682357],[-87.94362,41.682364],[-87.943633,41.682368],[-87.943645,41.682369],[-87.943655,41.682371],[-87.943666,41.682367],[-87.943674,41.682362],[-87.943675,41.682349],[-87.943672,41.682338],[-87.943676,41.682327],[-87.943687,41.682319],[-87.943699,41.682319],[-87.943714,41.682321],[-87.943722,41.682326],[-87.943722,41.682338],[-87.943719,41.682349],[-87.943722,41.682359],[-87.943729,41.682365],[-87.943741,41.682368],[-87.943756,41.682366],[-87.943769,41.68236],[-87.943783,41.682353],[-87.943789,41.682347],[-87.943793,41.682338],[-87.943792,41.682323],[-87.943787,41.682312],[-87.943782,41.682303],[-87.943776,41.682296],[-87.94377,41.682288],[-87.943762,41.682281],[-87.943751,41.682276],[-87.94374,41.682272],[-87.943729,41.68227],[-87.943713,41.68227],[-87.943696,41.68227],[-87.943682,41.682273],[-87.943668,41.682277]]]},"properties":{"feature_id":"bunker-osm-w1507956581","layer":"bunker","holes":[5],"source":"osm","osm_id":"way/1507956581","osm_version":1,"verified":false}},{"type":"Feature","geometry":{"type":"Polygon","coordinates":[[[-87.944074,41.682232],[-87.944059,41.682232],[-87.944046,41.682228],[-87.944032,41.682226],[-87.944014,41.682227],[-87.943998,41.682229],[-87.943984,41.68223],[-87.943967,41.682232],[-87.943954,41.682237],[-87.943944,41.682241],[-87.943929,41.682245],[-87.943912,41.682245],[-87.943898,41.682242],[-87.943881,41.682238],[-87.943864,41.682238],[-87.943852,41.682242],[-87.943844,41.682253],[-87.943844,41.682264],[-87.943847,41.682275],[-87.943853,41.682281],[-87.943863,41.682283],[-87.943877,41.682282],[-87.94389,41.682277],[-87.943904,41.682279],[-87.943914,41.682283],[-87.943916,41.682295],[-87.943907,41.682303],[-87.943894,41.682306],[-87.943887,41.682312],[-87.943885,41.682321],[-87.943885,41.682329],[-87.94389,41.682338],[-87.943902,41.682344],[-87.943917,41.682347],[-87.94393,41.682344],[-87.943937,41.682335],[-87.943941,41.682325],[-87.94395,41.682318],[-87.943964,41.682319],[-87.943975,41.682319],[-87.943989,41.682311],[-87.943992,41.6823],[-87.943987,41.682291],[-87.943978,41.682283],[-87.94398,41.682275],[-87.943989,41.682266],[-87.944004,41.682263],[-87.944028,41.682261],[-87.944041,41.682267],[-87.944044,41.682279],[-87.944044,41.682291],[-87.944054,41.682299],[-87.944067,41.682301],[-87.944077,41.682301],[-87.944085,41.682299],[-87.944089,41.682289],[-87.944088,41.682282],[-87.944093,41.682277],[-87.944103,41.682278],[-87.944117,41.682285],[-87.944128,41.682284],[-87.944135,41.68228],[-87.944138,41.68227],[-87.944133,41.682261],[-87.944129,41.682254],[-87.944132,41.682243],[-87.944143,41.682237],[-87.944158,41.682237],[-87.944169,41.682231],[-87.944185,41.682235],[-87.944194,41.68224],[-87.944206,41.682239],[-87.944215,41.682237],[-87.944228,41.682231],[-87.944237,41.682226],[-87.944242,41.682217],[-87.944244,41.682208],[-87.944241,41.682196],[-87.944237,41.682182],[-87.944229,41.682176],[-87.944221,41.682168],[-87.94421,41.682165],[-87.944198,41.682165],[-87.944184,41.682166],[-87.944175,41.682172],[-87.944168,41.682185],[-87.944158,41.682196],[-87.944146,41.682198],[-87.944134,41.682195],[-87.944121,41.682196],[-87.944108,41.682205],[-87.944098,41.682216],[-87.944088,41.682227],[-87.944074,41.682232]]]},"properties":{"feature_id":"bunker-osm-w1507956582","layer":"bunker","holes":[5],"source":"osm","osm_id":"way/1507956582","osm_version":1,"verified":false}},{"type":"Feature","geometry":{"type":"Polygon","coordinates":[[[-87.944184,41.681879],[-87.94417,41.681882],[-87.94416,41.681887],[-87.944149,41.681892],[-87.944138,41.681901],[-87.944129,41.681909],[-87.944112,41.681912],[-87.944099,41.681911],[-87.944088,41.681906],[-87.94408,41.681899],[-87.944076,41.68189],[-87.944072,41.68188],[-87.944076,41.681872],[-87.944087,41.681867],[-87.9441,41.681866],[-87.944123,41.681867],[-87.944132,41.681867],[-87.944139,41.68186],[-87.944136,41.681849],[-87.944127,41.681845],[-87.94411,41.681843],[-87.944096,41.681843],[-87.944086,41.681836],[-87.944082,41.681827],[-87.944083,41.681816],[-87.94409,41.681809],[-87.944103,41.681805],[-87.944118,41.681804],[-87.944133,41.681808],[-87.944145,41.681816],[-87.944155,41.681823],[-87.944171,41.68183],[-87.944185,41.681833],[-87.944202,41.681833],[-87.944213,41.681829],[-87.944222,41.681819],[-87.944219,41.68181],[-87.944208,41.681804],[-87.944192,41.681802],[-87.944175,41.6818],[-87.944161,41.681796],[-87.944152,41.681787],[-87.944156,41.681777],[-87.944169,41.681765],[-87.944184,41.681761],[-87.944198,41.681762],[-87.944214,41.681765],[-87.944226,41.681771],[-87.944237,41.681779],[-87.944251,41.681783],[-87.944266,41.681782],[-87.944278,41.681776],[-87.944282,41.681765],[-87.944279,41.681756],[-87.944266,41.681752],[-87.944262,41.681741],[-87.94427,41.681732],[-87.944285,41.681726],[-87.944299,41.681723],[-87.944316,41.681724],[-87.944332,41.681726],[-87.944341,41.681731],[-87.944346,41.681738],[-87.944345,41.681748],[-87.944345,41.681756],[-87.944351,41.681762],[-87.944361,41.681764],[-87.944375,41.681764],[-87.944385,41.681768],[-87.94439,41.681774],[-87.944392,41.681781],[-87.94439,41.681789],[-87.944385,41.681795],[-87.944378,41.681802],[-87.944366,41.681807],[-87.944353,41.68181],[-87.944343,41.68181],[-87.944339,41.681804],[-87.944335,41.681795],[-87.944327,41.681789],[-87.944314,41.681787],[-87.944301,41.68179],[-87.944289,41.681799],[-87.944288,41.681809],[-87.94429,41.681818],[-87.944287,41.681827],[-87.944276,41.681835],[-87.944266,41.681839],[-87.944253,41.681842],[-87.94424,41.681845],[-87.944228,41.681853],[-87.944218,41.681861],[-87.944211,41.681869],[-87.944199,41.681874],[-87.944184,41.681879]]]},"properties":{"feature_id":"bunker-osm-w1507974164","layer":"bunker","holes":[5],"source":"osm","osm_id":"way/1507974164","osm_version":1,"verified":false}},{"type":"Feature","geometry":{"type":"Polygon","coordinates":[[[-87.944616,41.681675],[-87.944601,41.681671],[-87.944585,41.681673],[-87.944566,41.681679],[-87.94455,41.681688],[-87.944535,41.681697],[-87.944522,41.681705],[-87.944507,41.681715],[-87.944491,41.681725],[-87.944476,41.681734],[-87.944461,41.681736],[-87.944443,41.681732],[-87.944431,41.681724],[-87.944429,41.681715],[-87.944436,41.681706],[-87.944447,41.681697],[-87.944465,41.681693],[-87.944478,41.681683],[-87.944478,41.681672],[-87.944468,41.681666],[-87.944447,41.681663],[-87.944431,41.681665],[-87.944416,41.681671],[-87.944403,41.68168],[-87.944391,41.681683],[-87.944374,41.681681],[-87.944367,41.681667],[-87.944366,41.681654],[-87.944377,41.681642],[-87.944392,41.681634],[-87.944411,41.681631],[-87.944428,41.681632],[-87.944449,41.681633],[-87.944467,41.681633],[-87.944487,41.68163],[-87.944508,41.681629],[-87.94453,41.681633],[-87.944549,41.681636],[-87.94457,41.681633],[-87.944586,41.681627],[-87.944595,41.68162],[-87.944605,41.681606],[-87.944621,41.681597],[-87.944638,41.681594],[-87.944662,41.681596],[-87.944677,41.681602],[-87.944689,41.681613],[-87.944695,41.681623],[-87.944696,41.681637],[-87.944692,41.681651],[-87.944679,41.681664],[-87.944671,41.681674],[-87.944658,41.681681],[-87.944643,41.681685],[-87.944628,41.681682],[-87.944616,41.681675]]]},"properties":{"feature_id":"bunker-osm-w1507974165","layer":"bunker","holes":[5],"source":"osm","osm_id":"way/1507974165","osm_version":1,"verified":false}},{"type":"Feature","geometry":{"type":"Polygon","coordinates":[[[-87.940207,41.684055],[-87.940192,41.684051],[-87.940178,41.684048],[-87.940153,41.684048],[-87.940142,41.684051],[-87.940129,41.684057],[-87.940119,41.684062],[-87.940113,41.684072],[-87.940116,41.684084],[-87.940126,41.684092],[-87.940141,41.684096],[-87.940159,41.684098],[-87.940172,41.684103],[-87.940188,41.684113],[-87.940195,41.684124],[-87.940195,41.684137],[-87.940185,41.684144],[-87.940168,41.684142],[-87.940159,41.684134],[-87.940148,41.684127],[-87.94013,41.684128],[-87.94012,41.684132],[-87.940108,41.68414],[-87.940106,41.684152],[-87.940108,41.684161],[-87.940108,41.684175],[-87.940101,41.68419],[-87.940095,41.684204],[-87.940094,41.684219],[-87.9401,41.684232],[-87.94011,41.684242],[-87.940128,41.684247],[-87.940143,41.684246],[-87.940153,41.684242],[-87.940158,41.684232],[-87.940155,41.684216],[-87.940148,41.684208],[-87.940143,41.684196],[-87.940141,41.684184],[-87.940154,41.684177],[-87.940171,41.684178],[-87.940179,41.684189],[-87.940186,41.684203],[-87.940195,41.684211],[-87.940204,41.684211],[-87.940212,41.684204],[-87.940213,41.684192],[-87.940215,41.684181],[-87.940222,41.68417],[-87.94023,41.684161],[-87.940238,41.68415],[-87.940244,41.684139],[-87.940246,41.684123],[-87.940246,41.684108],[-87.940245,41.684092],[-87.940241,41.684078],[-87.940233,41.68407],[-87.940223,41.68406],[-87.940207,41.684055]]]},"properties":{"feature_id":"bunker-osm-w1507974166","layer":"bunker","holes":[6],"source":"osm","osm_id":"way/1507974166","osm_version":1,"verified":false}},{"type":"Feature","geometry":{"type":"Polygon","coordinates":[[[-87.940493,41.68416],[-87.940504,41.684167],[-87.940513,41.684174],[-87.940517,41.68418],[-87.940512,41.684189],[-87.940498,41.684192],[-87.940484,41.684193],[-87.940473,41.684197],[-87.940465,41.684207],[-87.940467,41.68422],[-87.940477,41.684227],[-87.94049,41.684232],[-87.9405,41.68423],[-87.940512,41.684222],[-87.940527,41.684219],[-87.940537,41.684228],[-87.940544,41.684239],[-87.940554,41.684247],[-87.940565,41.684251],[-87.940577,41.684247],[-87.940584,41.684236],[-87.940585,41.684228],[-87.940593,41.684219],[-87.940608,41.68422],[-87.940621,41.68422],[-87.940634,41.684215],[-87.940637,41.684204],[-87.940634,41.684194],[-87.940628,41.684189],[-87.940617,41.684185],[-87.940602,41.684185],[-87.94059,41.684188],[-87.940578,41.684192],[-87.940567,41.684193],[-87.940556,41.684188],[-87.940554,41.68418],[-87.940561,41.684172],[-87.940563,41.684164],[-87.940557,41.684157],[-87.940546,41.684152],[-87.940534,41.684147],[-87.940534,41.684139],[-87.940541,41.684132],[-87.940554,41.684132],[-87.940566,41.684137],[-87.940576,41.68414],[-87.940583,41.684141],[-87.940591,41.684136],[-87.940594,41.684128],[-87.94059,41.684117],[-87.940581,41.684108],[-87.940568,41.6841],[-87.940552,41.684098],[-87.940537,41.684099],[-87.940522,41.684102],[-87.940506,41.684105],[-87.940492,41.684107],[-87.940475,41.684106],[-87.940463,41.684104],[-87.940454,41.684097],[-87.940457,41.684087],[-87.940467,41.684082],[-87.940482,41.684081],[-87.940498,41.684078],[-87.940507,41.684073],[-87.940507,41.684059],[-87.940499,41.684053],[-87.940485,41.68405],[-87.940469,41.684051],[-87.940451,41.684054],[-87.940438,41.684059],[-87.940425,41.68406],[-87.940413,41.684056],[-87.9404,41.684052],[-87.94039,41.684053],[-87.940381,41.684058],[-87.940374,41.684068],[-87.940375,41.684077],[-87.940379,41.684086],[-87.940388,41.68409],[-87.940402,41.684093],[-87.940408,41.6841],[-87.940407,41.68411],[-87.940396,41.684116],[-87.940388,41.684123],[-87.940384,41.684133],[-87.940389,41.684142],[-87.940396,41.684149],[-87.940405,41.684157],[-87.940416,41.684163],[-87.940429,41.684163],[-87.940438,41.684159],[-87.940443,41.684151],[-87.940443,41.684142],[-87.940449,41.684133],[-87.940459,41.684132],[-87.940473,41.684135],[-87.940482,41.684141],[-87.940487,41.684151],[-87.940493,41.68416]]]},"properties":{"feature_id":"bunker-osm-w1507974167","layer":"bunker","holes":[6],"source":"osm","osm_id":"way/1507974167","osm_version":1,"verified":false}},{"type":"Feature","geometry":{"type":"Polygon","coordinates":[[[-87.940546,41.684377],[-87.940537,41.684371],[-87.940529,41.684364],[-87.94052,41.68436],[-87.940509,41.684359],[-87.940496,41.684361],[-87.940487,41.684364],[-87.940481,41.684372],[-87.940476,41.684382],[-87.940468,41.684388],[-87.940456,41.684394],[-87.940442,41.684393],[-87.940428,41.684391],[-87.940413,41.684391],[-87.940404,41.684396],[-87.940397,41.684406],[-87.940389,41.684413],[-87.940374,41.684418],[-87.940358,41.684422],[-87.940343,41.684429],[-87.940334,41.684438],[-87.940331,41.684449],[-87.940334,41.684458],[-87.940341,41.684466],[-87.94035,41.684468],[-87.940359,41.684468],[-87.940368,41.684462],[-87.940375,41.684455],[-87.940386,41.684448],[-87.940396,41.684446],[-87.940408,41.684447],[-87.940414,41.684456],[-87.940407,41.684469],[-87.940407,41.684479],[-87.940416,41.684486],[-87.940428,41.684489],[-87.940442,41.684484],[-87.94045,41.684479],[-87.940458,41.684469],[-87.940461,41.684457],[-87.94046,41.684447],[-87.940459,41.684438],[-87.940458,41.684426],[-87.940461,41.684412],[-87.940468,41.684407],[-87.940479,41.684403],[-87.940499,41.684404],[-87.940513,41.68441],[-87.940524,41.684418],[-87.940536,41.684424],[-87.940549,41.684425],[-87.94056,41.684422],[-87.940566,41.684415],[-87.940566,41.684404],[-87.940564,41.684395],[-87.94056,41.684388],[-87.940554,41.684382],[-87.940546,41.684377]]]},"properties":{"feature_id":"bunker-osm-w1507974168","layer":"bunker","holes":[6],"source":"osm","osm_id":"way/1507974168","osm_version":1,"verified":false}},{"type":"Feature","geometry":{"type":"Polygon","coordinates":[[[-87.942068,41.682992],[-87.942053,41.682995],[-87.942036,41.682999],[-87.942022,41.683006],[-87.942006,41.683009],[-87.941987,41.683008],[-87.941979,41.683],[-87.941973,41.68299],[-87.941969,41.682979],[-87.941962,41.68297],[-87.941962,41.68296],[-87.941969,41.682952],[-87.941979,41.682945],[-87.941999,41.682944],[-87.942008,41.682948],[-87.942013,41.682957],[-87.942013,41.682967],[-87.942027,41.682972],[-87.942041,41.682971],[-87.942053,41.682966],[-87.942063,41.682959],[-87.94207,41.682949],[-87.94207,41.682935],[-87.942077,41.682926],[-87.942091,41.68292],[-87.94211,41.682919],[-87.942125,41.682926],[-87.942135,41.682936],[-87.942138,41.682949],[-87.942133,41.682961],[-87.942127,41.682971],[-87.942114,41.682981],[-87.942099,41.682987],[-87.942085,41.682991],[-87.942068,41.682992]]]},"properties":{"feature_id":"bunker-osm-w1507974169","layer":"bunker","holes":[7],"source":"osm","osm_id":"way/1507974169","osm_version":1,"verified":false}},{"type":"Feature","geometry":{"type":"Polygon","coordinates":[[[-87.94235,41.682939],[-87.942334,41.682941],[-87.942315,41.682944],[-87.942301,41.682948],[-87.942284,41.682952],[-87.942261,41.682953],[-87.94225,41.682947],[-87.942248,41.682933],[-87.942255,41.682924],[-87.942267,41.682921],[-87.942275,41.682916],[-87.942273,41.682907],[-87.94226,41.682901],[-87.942254,41.682891],[-87.942257,41.682881],[-87.942264,41.682873],[-87.942278,41.682867],[-87.942295,41.682863],[-87.942307,41.682864],[-87.942319,41.682869],[-87.942325,41.682881],[-87.942326,41.682889],[-87.94233,41.6829],[-87.942338,41.682908],[-87.942353,41.682911],[-87.942368,41.682908],[-87.942378,41.682897],[-87.942383,41.682892],[-87.942399,41.682885],[-87.942412,41.682886],[-87.942427,41.682891],[-87.942435,41.682901],[-87.94244,41.682913],[-87.942437,41.682925],[-87.94243,41.682935],[-87.942419,41.682942],[-87.942401,41.682943],[-87.942388,41.682939],[-87.942368,41.682938],[-87.94235,41.682939]]]},"properties":{"feature_id":"bunker-osm-w1507974170","layer":"bunker","holes":[7],"source":"osm","osm_id":"way/1507974170","osm_version":1,"verified":false}},{"type":"Feature","geometry":{"type":"Polygon","coordinates":[[[-87.943713,41.683161],[-87.943709,41.683169],[-87.943704,41.683179],[-87.943695,41.683185],[-87.943685,41.683187],[-87.943676,41.683185],[-87.943669,41.683178],[-87.943671,41.68317],[-87.943675,41.683165],[-87.943676,41.683158],[-87.94367,41.683154],[-87.943658,41.683154],[-87.943648,41.683158],[-87.943639,41.683165],[-87.943636,41.683173],[-87.943639,41.683182],[-87.943641,41.683191],[-87.943639,41.683199],[-87.943631,41.683206],[-87.943621,41.683213],[-87.943617,41.683221],[-87.943621,41.683229],[-87.943629,41.683235],[-87.943637,41.683242],[-87.943643,41.683251],[-87.943653,41.683256],[-87.943664,41.683256],[-87.943672,41.683255],[-87.943679,41.683248],[-87.94368,41.683239],[-87.943675,41.683234],[-87.94367,41.683227],[-87.943669,41.68322],[-87.943673,41.683214],[-87.943685,41.683211],[-87.943698,41.68321],[-87.943711,41.683215],[-87.943725,41.683221],[-87.943739,41.683221],[-87.943751,41.683218],[-87.943759,41.683211],[-87.943765,41.683201],[-87.943763,41.683192],[-87.943762,41.683184],[-87.943759,41.683175],[-87.943755,41.683168],[-87.943749,41.68316],[-87.943741,41.683155],[-87.943733,41.683152],[-87.943719,41.683153],[-87.943713,41.683161]]]},"properties":{"feature_id":"bunker-osm-w1507974171","layer":"bunker","holes":[7],"source":"osm","osm_id":"way/1507974171","osm_version":1,"verified":false}},{"type":"Feature","geometry":{"type":"Polygon","coordinates":[[[-87.943757,41.682962],[-87.943749,41.682966],[-87.94374,41.682971],[-87.943727,41.682974],[-87.943715,41.682972],[-87.943704,41.682969],[-87.943698,41.682962],[-87.943701,41.682954],[-87.943715,41.682949],[-87.943725,41.682943],[-87.943731,41.682937],[-87.943733,41.682929],[-87.943727,41.68292],[-87.943717,41.682916],[-87.943706,41.682914],[-87.943696,41.682909],[-87.943684,41.682907],[-87.943671,41.682907],[-87.943658,41.682914],[-87.943651,41.68292],[-87.943643,41.682926],[-87.94364,41.682934],[-87.943642,41.682944],[-87.943644,41.682954],[-87.943642,41.682962],[-87.943649,41.682974],[-87.943656,41.682982],[-87.943668,41.682988],[-87.943674,41.682996],[-87.943672,41.683007],[-87.943674,41.683016],[-87.943683,41.683023],[-87.943692,41.683023],[-87.943703,41.683019],[-87.943704,41.683012],[-87.943699,41.683006],[-87.943701,41.683],[-87.943706,41.682994],[-87.943718,41.682993],[-87.943731,41.682996],[-87.943739,41.683003],[-87.943743,41.683012],[-87.943752,41.683018],[-87.943761,41.683024],[-87.943772,41.683026],[-87.943785,41.683027],[-87.943792,41.683021],[-87.943798,41.683015],[-87.943797,41.683004],[-87.943798,41.682996],[-87.943803,41.682989],[-87.943804,41.68298],[-87.9438,41.68297],[-87.943792,41.682967],[-87.943782,41.682963],[-87.94377,41.682961],[-87.943757,41.682962]]]},"properties":{"feature_id":"bunker-osm-w1507974172","layer":"bunker","holes":[7],"source":"osm","osm_id":"way/1507974172","osm_version":1,"verified":false}},{"type":"Feature","geometry":{"type":"Polygon","coordinates":[[[-87.943489,41.683207],[-87.94349,41.683217],[-87.943486,41.683225],[-87.943476,41.683231],[-87.943463,41.683236],[-87.94345,41.683236],[-87.943442,41.68323],[-87.943434,41.683224],[-87.943422,41.683219],[-87.94341,41.68322],[-87.943403,41.683225],[-87.943403,41.683235],[-87.943406,41.683242],[-87.943395,41.683248],[-87.943382,41.683247],[-87.943369,41.683243],[-87.943362,41.683238],[-87.943352,41.683229],[-87.943345,41.683221],[-87.943338,41.683212],[-87.943337,41.683204],[-87.943336,41.683193],[-87.94334,41.683183],[-87.943348,41.683171],[-87.943357,41.683158],[-87.943369,41.683146],[-87.943379,41.683141],[-87.943389,41.683133],[-87.943402,41.68313],[-87.943417,41.683132],[-87.94343,41.683136],[-87.943436,41.683146],[-87.943432,41.683155],[-87.94342,41.683158],[-87.943404,41.683161],[-87.94339,41.683166],[-87.94338,41.683174],[-87.943377,41.683181],[-87.943381,41.683193],[-87.943393,41.683197],[-87.943405,41.683194],[-87.943417,41.683192],[-87.943431,41.683192],[-87.943442,41.683186],[-87.943449,41.683177],[-87.943453,41.683168],[-87.943461,41.683161],[-87.943472,41.683161],[-87.943482,41.683167],[-87.943488,41.68318],[-87.943491,41.683195],[-87.943489,41.683207]]]},"properties":{"feature_id":"bunker-osm-w1507974173","layer":"bunker","holes":[7],"source":"osm","osm_id":"way/1507974173","osm_version":1,"verified":false}},{"type":"Feature","geometry":{"type":"Polygon","coordinates":[[[-87.943455,41.682956],[-87.943445,41.682966],[-87.943434,41.682973],[-87.943421,41.682978],[-87.943406,41.68298],[-87.943394,41.682979],[-87.943384,41.682976],[-87.94338,41.682969],[-87.943383,41.682961],[-87.943391,41.682954],[-87.943397,41.682947],[-87.943395,41.682938],[-87.943387,41.682933],[-87.943376,41.68293],[-87.943358,41.682929],[-87.943345,41.68293],[-87.943334,41.682933],[-87.94332,41.682939],[-87.943309,41.682946],[-87.9433,41.682957],[-87.943297,41.682968],[-87.943293,41.68298],[-87.943285,41.682991],[-87.943275,41.682999],[-87.943272,41.683013],[-87.943272,41.683026],[-87.943278,41.683037],[-87.943289,41.683047],[-87.943301,41.683054],[-87.943316,41.683061],[-87.943332,41.683064],[-87.943352,41.683066],[-87.943369,41.683065],[-87.943377,41.683056],[-87.943378,41.683046],[-87.943371,41.683038],[-87.943359,41.683035],[-87.943344,41.683033],[-87.943336,41.683027],[-87.943329,41.683019],[-87.943333,41.683011],[-87.943343,41.683005],[-87.94336,41.683004],[-87.943375,41.683009],[-87.943385,41.683017],[-87.943397,41.68302],[-87.943411,41.683018],[-87.943425,41.683018],[-87.943436,41.683025],[-87.943453,41.683027],[-87.943466,41.683024],[-87.943474,41.683017],[-87.94348,41.68301],[-87.943482,41.682999],[-87.943481,41.682989],[-87.943488,41.682978],[-87.943491,41.68297],[-87.943492,41.682959],[-87.943487,41.682953],[-87.943477,41.682949],[-87.943464,41.682949],[-87.943455,41.682956]]]},"properties":{"feature_id":"bunker-osm-w1507974174","layer":"bunker","holes":[7],"source":"osm","osm_id":"way/1507974174","osm_version":1,"verified":false}},{"type":"Feature","geometry":{"type":"Polygon","coordinates":[[[-87.946965,41.681238],[-87.946961,41.681246],[-87.946955,41.681252],[-87.946946,41.681255],[-87.946937,41.681254],[-87.946927,41.681253],[-87.946915,41.681255],[-87.946909,41.68126],[-87.9469,41.681264],[-87.946889,41.681264],[-87.946879,41.681262],[-87.94687,41.681258],[-87.946866,41.681252],[-87.94686,41.681246],[-87.946853,41.681242],[-87.946846,41.681236],[-87.94684,41.681231],[-87.946831,41.681226],[-87.946824,41.681217],[-87.946819,41.681206],[-87.946816,41.681194],[-87.946815,41.681185],[-87.946819,41.681177],[-87.946831,41.681171],[-87.946842,41.681168],[-87.946857,41.681169],[-87.946863,41.681176],[-87.946862,41.681183],[-87.94686,41.681189],[-87.946862,41.681197],[-87.94687,41.681202],[-87.946881,41.681208],[-87.946891,41.68121],[-87.946899,41.681207],[-87.946903,41.681195],[-87.946907,41.681184],[-87.94691,41.681174],[-87.946915,41.68117],[-87.946925,41.681165],[-87.946935,41.681167],[-87.946945,41.681172],[-87.946955,41.681176],[-87.946966,41.681179],[-87.946975,41.681185],[-87.946979,41.681193],[-87.946981,41.681201],[-87.946986,41.681208],[-87.946988,41.681215],[-87.946986,41.681222],[-87.946981,41.681228],[-87.946972,41.681231],[-87.946965,41.681238]]]},"properties":{"feature_id":"bunker-osm-w1507976771","layer":"bunker","holes":[8],"source":"osm","osm_id":"way/1507976771","osm_version":1,"verified":false}},{"type":"Feature","geometry":{"type":"Polygon","coordinates":[[[-87.94696,41.68137],[-87.946958,41.681361],[-87.946956,41.681352],[-87.94695,41.681345],[-87.946944,41.681335],[-87.946944,41.681327],[-87.946949,41.68132],[-87.946957,41.681315],[-87.946966,41.681311],[-87.946975,41.681306],[-87.946978,41.681299],[-87.946985,41.681293],[-87.946995,41.681291],[-87.947003,41.681289],[-87.947014,41.681283],[-87.947022,41.681279],[-87.947033,41.681282],[-87.947039,41.681288],[-87.947045,41.681295],[-87.947051,41.681302],[-87.947054,41.68131],[-87.947053,41.681318],[-87.947051,41.681327],[-87.947048,41.681334],[-87.947045,41.681339],[-87.947037,41.681342],[-87.947028,41.681342],[-87.947018,41.681341],[-87.947007,41.681343],[-87.947,41.681351],[-87.947002,41.68136],[-87.947009,41.681366],[-87.947014,41.681374],[-87.947022,41.681378],[-87.947031,41.681378],[-87.947038,41.681373],[-87.947047,41.681372],[-87.947056,41.681377],[-87.947061,41.681386],[-87.947062,41.681395],[-87.947058,41.681402],[-87.947049,41.681409],[-87.947037,41.681412],[-87.947024,41.681415],[-87.947011,41.681417],[-87.946996,41.681419],[-87.946983,41.681419],[-87.946975,41.681417],[-87.946969,41.68141],[-87.946968,41.681403],[-87.946968,41.681396],[-87.946968,41.681389],[-87.946964,41.681381],[-87.94696,41.68137]]]},"properties":{"feature_id":"bunker-osm-w1507976772","layer":"bunker","holes":[8],"source":"osm","osm_id":"way/1507976772","osm_version":1,"verified":false}},{"type":"Feature","geometry":{"type":"Polygon","coordinates":[[[-87.946821,41.681622],[-87.946835,41.68162],[-87.946853,41.681618],[-87.94687,41.681616],[-87.946888,41.681613],[-87.946902,41.681606],[-87.946911,41.681598],[-87.94692,41.681587],[-87.946926,41.681577],[-87.94693,41.681567],[-87.946929,41.681558],[-87.946933,41.681547],[-87.946934,41.681537],[-87.946925,41.681529],[-87.946915,41.681524],[-87.946911,41.681513],[-87.946901,41.681506],[-87.94689,41.681504],[-87.946877,41.681505],[-87.946868,41.681509],[-87.946863,41.681519],[-87.946868,41.681529],[-87.946863,41.68154],[-87.946858,41.681546],[-87.946854,41.681559],[-87.946848,41.681568],[-87.946839,41.681575],[-87.946825,41.681579],[-87.946808,41.681586],[-87.946797,41.681592],[-87.946782,41.681593],[-87.94677,41.681591],[-87.946757,41.681586],[-87.946748,41.681583],[-87.946734,41.68158],[-87.94673,41.681574],[-87.946728,41.681564],[-87.946734,41.681555],[-87.946743,41.681551],[-87.946759,41.68155],[-87.946774,41.681548],[-87.946787,41.681545],[-87.946797,41.681541],[-87.946803,41.68153],[-87.946801,41.681518],[-87.946802,41.681508],[-87.946814,41.681502],[-87.946818,41.681491],[-87.946813,41.681484],[-87.946798,41.681481],[-87.946787,41.681475],[-87.946775,41.681468],[-87.946763,41.681465],[-87.946745,41.681468],[-87.946734,41.681475],[-87.946736,41.681488],[-87.946737,41.681499],[-87.946734,41.681509],[-87.946718,41.681515],[-87.9467,41.68152],[-87.946684,41.681518],[-87.946675,41.681509],[-87.946673,41.681497],[-87.946678,41.681486],[-87.946683,41.681476],[-87.946695,41.681468],[-87.946707,41.681463],[-87.946709,41.681452],[-87.946707,41.681442],[-87.946692,41.681437],[-87.946672,41.681439],[-87.946651,41.681439],[-87.946637,41.68144],[-87.946627,41.681444],[-87.946617,41.68145],[-87.94662,41.681458],[-87.946624,41.681471],[-87.94662,41.681481],[-87.946613,41.681487],[-87.946604,41.68149],[-87.946594,41.681486],[-87.946583,41.68148],[-87.946572,41.681482],[-87.946566,41.681488],[-87.946566,41.681498],[-87.946569,41.681512],[-87.946574,41.681525],[-87.946577,41.681537],[-87.946585,41.681548],[-87.946595,41.681555],[-87.946606,41.681563],[-87.94662,41.681567],[-87.946636,41.681572],[-87.946652,41.681575],[-87.946666,41.681578],[-87.946684,41.681585],[-87.946698,41.681598],[-87.946714,41.681604],[-87.946737,41.681609],[-87.946746,41.681618],[-87.946758,41.681628],[-87.946771,41.681631],[-87.946784,41.681628],[-87.946803,41.681624],[-87.946821,41.681622]]]},"properties":{"feature_id":"bunker-osm-w1507976773","layer":"bunker","holes":[8],"source":"osm","osm_id":"way/1507976773","osm_version":1,"verified":false}},{"type":"Feature","geometry":{"type":"Polygon","coordinates":[[[-87.945968,41.68185],[-87.945979,41.681858],[-87.945985,41.681866],[-87.945986,41.68188],[-87.94598,41.68189],[-87.945969,41.681897],[-87.945954,41.681901],[-87.945942,41.681907],[-87.945938,41.681917],[-87.945947,41.68193],[-87.945944,41.681943],[-87.945937,41.681956],[-87.945927,41.681963],[-87.945913,41.681968],[-87.945899,41.681968],[-87.945884,41.681965],[-87.945873,41.681961],[-87.945862,41.681951],[-87.945861,41.68194],[-87.945866,41.681931],[-87.945878,41.681925],[-87.945894,41.68192],[-87.945904,41.681913],[-87.945907,41.681901],[-87.945904,41.681893],[-87.945891,41.68189],[-87.945877,41.681891],[-87.945863,41.681899],[-87.94585,41.681897],[-87.945839,41.681891],[-87.945832,41.681879],[-87.945829,41.681866],[-87.94583,41.681854],[-87.945837,41.681843],[-87.945847,41.681834],[-87.945858,41.681831],[-87.945873,41.681833],[-87.945882,41.68184],[-87.945896,41.681841],[-87.945909,41.681841],[-87.945919,41.681832],[-87.945916,41.68182],[-87.945902,41.681816],[-87.945885,41.681808],[-87.94588,41.681798],[-87.94588,41.681783],[-87.945889,41.681769],[-87.945898,41.681758],[-87.945913,41.681745],[-87.945926,41.681737],[-87.945947,41.681732],[-87.945962,41.681733],[-87.945979,41.681739],[-87.945982,41.681751],[-87.945976,41.68176],[-87.945967,41.681768],[-87.945963,41.681777],[-87.945968,41.681789],[-87.945981,41.68179],[-87.945995,41.681782],[-87.946001,41.681767],[-87.946013,41.681757],[-87.946027,41.681749],[-87.946045,41.681753],[-87.946055,41.681761],[-87.946058,41.681773],[-87.946056,41.681784],[-87.946047,41.681791],[-87.946034,41.681796],[-87.946024,41.681803],[-87.946024,41.681815],[-87.946024,41.681827],[-87.946013,41.681836],[-87.945996,41.681835],[-87.945988,41.681826],[-87.945973,41.681823],[-87.945958,41.681827],[-87.945958,41.68184],[-87.945968,41.68185]]]},"properties":{"feature_id":"bunker-osm-w1507976774","layer":"bunker","holes":[8],"source":"osm","osm_id":"way/1507976774","osm_version":1,"verified":false}},{"type":"Feature","geometry":{"type":"Polygon","coordinates":[[[-87.949059,41.678767],[-87.949053,41.678784],[-87.949049,41.678798],[-87.949045,41.678813],[-87.949043,41.67883],[-87.949039,41.678848],[-87.949035,41.678867],[-87.949032,41.678886],[-87.949023,41.678899],[-87.949014,41.678915],[-87.949004,41.678931],[-87.948995,41.678944],[-87.948988,41.678963],[-87.948994,41.678974],[-87.949009,41.678983],[-87.949028,41.678986],[-87.949047,41.678986],[-87.949063,41.678978],[-87.949073,41.678972],[-87.949079,41.678963],[-87.949079,41.678955],[-87.949073,41.678948],[-87.949062,41.678947],[-87.949052,41.678942],[-87.949052,41.678932],[-87.949058,41.678922],[-87.949066,41.678913],[-87.949078,41.678912],[-87.949092,41.678913],[-87.94911,41.678915],[-87.94913,41.678911],[-87.949143,41.678901],[-87.949146,41.678889],[-87.949146,41.678876],[-87.94914,41.678869],[-87.949133,41.678865],[-87.94912,41.678865],[-87.949109,41.678868],[-87.949096,41.678869],[-87.949089,41.678863],[-87.949088,41.67885],[-87.949089,41.67884],[-87.949095,41.67883],[-87.949104,41.678822],[-87.949108,41.678809],[-87.949115,41.678799],[-87.949131,41.678794],[-87.949143,41.678788],[-87.949156,41.678782],[-87.949157,41.678767],[-87.94915,41.678753],[-87.949137,41.678744],[-87.949119,41.678737],[-87.949102,41.678735],[-87.949083,41.678739],[-87.94907,41.678746],[-87.949065,41.678756],[-87.949059,41.678767]]]},"properties":{"feature_id":"bunker-osm-w1508000708","layer":"bunker","holes":[9],"source":"osm","osm_id":"way/1508000708","osm_version":1,"verified":false}},{"type":"Feature","geometry":{"type":"Polygon","coordinates":[[[-87.950121,41.677187],[-87.950114,41.677194],[-87.950102,41.677201],[-87.950086,41.677207],[-87.950067,41.677208],[-87.950055,41.677208],[-87.950041,41.677214],[-87.950029,41.677222],[-87.950016,41.677228],[-87.950013,41.677237],[-87.95002,41.677246],[-87.950035,41.677248],[-87.950048,41.677247],[-87.950067,41.677245],[-87.950081,41.677248],[-87.950086,41.677259],[-87.950081,41.677269],[-87.950067,41.677277],[-87.95005,41.67728],[-87.95004,41.67729],[-87.950026,41.677293],[-87.950013,41.67729],[-87.950005,41.67728],[-87.949995,41.677274],[-87.94998,41.67727],[-87.949965,41.67727],[-87.949958,41.677276],[-87.949966,41.67729],[-87.949975,41.677301],[-87.949979,41.677314],[-87.949969,41.67732],[-87.949951,41.677321],[-87.949942,41.677315],[-87.949929,41.67731],[-87.949915,41.677307],[-87.949899,41.677311],[-87.949889,41.677319],[-87.949883,41.677331],[-87.949887,41.677343],[-87.949885,41.677353],[-87.949874,41.677359],[-87.949857,41.67736],[-87.949837,41.67736],[-87.949826,41.677355],[-87.949813,41.677348],[-87.949806,41.677337],[-87.949804,41.677325],[-87.949806,41.677316],[-87.949815,41.677309],[-87.949826,41.677306],[-87.949836,41.677297],[-87.949837,41.677286],[-87.949833,41.677277],[-87.949824,41.677271],[-87.949812,41.677263],[-87.949812,41.677254],[-87.949815,41.677241],[-87.949811,41.677231],[-87.949814,41.677218],[-87.949826,41.677212],[-87.949848,41.67721],[-87.949867,41.67721],[-87.94988,41.677218],[-87.949883,41.67723],[-87.949883,41.677243],[-87.949875,41.677255],[-87.949872,41.677265],[-87.949876,41.677276],[-87.949891,41.677279],[-87.949904,41.677278],[-87.949919,41.67727],[-87.949924,41.677257],[-87.949928,41.677243],[-87.949928,41.677226],[-87.949924,41.677216],[-87.949922,41.677204],[-87.949928,41.677196],[-87.949951,41.677193],[-87.949963,41.677196],[-87.949963,41.677206],[-87.94997,41.677213],[-87.949981,41.677214],[-87.949992,41.67721],[-87.950004,41.677204],[-87.950011,41.677197],[-87.950017,41.677183],[-87.950025,41.677175],[-87.950037,41.677165],[-87.950043,41.677156],[-87.95005,41.677145],[-87.950067,41.677139],[-87.950089,41.677138],[-87.950108,41.677143],[-87.950119,41.677152],[-87.950127,41.677163],[-87.950127,41.677179],[-87.950121,41.677187]]]},"properties":{"feature_id":"bunker-osm-w1508000709","layer":"bunker","holes":[9],"source":"osm","osm_id":"way/1508000709","osm_version":1,"verified":false}},{"type":"Feature","geometry":{"type":"Polygon","coordinates":[[[-87.950348,41.676688],[-87.950344,41.676697],[-87.950343,41.676706],[-87.950346,41.676716],[-87.95034,41.676728],[-87.950336,41.67674],[-87.95033,41.676748],[-87.950322,41.676756],[-87.950312,41.67676],[-87.950303,41.676768],[-87.950293,41.676775],[-87.95028,41.676779],[-87.950261,41.676779],[-87.950248,41.676781],[-87.950232,41.676789],[-87.950221,41.676799],[-87.950216,41.676808],[-87.950216,41.676821],[-87.950215,41.676835],[-87.950206,41.676843],[-87.950191,41.676844],[-87.950176,41.676842],[-87.950165,41.676834],[-87.950159,41.676828],[-87.950149,41.676821],[-87.950143,41.676816],[-87.950143,41.676808],[-87.950149,41.676801],[-87.950162,41.676795],[-87.950169,41.676787],[-87.950169,41.676778],[-87.950163,41.676771],[-87.950153,41.676769],[-87.950143,41.676764],[-87.950144,41.676758],[-87.950153,41.676753],[-87.950163,41.676748],[-87.950174,41.676747],[-87.950186,41.67675],[-87.95019,41.676756],[-87.950193,41.676763],[-87.9502,41.676768],[-87.950212,41.67677],[-87.950224,41.67677],[-87.95023,41.676763],[-87.950232,41.676753],[-87.950231,41.676745],[-87.950233,41.676738],[-87.950226,41.67673],[-87.950218,41.676725],[-87.950209,41.67672],[-87.950206,41.676715],[-87.950208,41.67671],[-87.950218,41.676704],[-87.950228,41.6767],[-87.950239,41.676699],[-87.95025,41.676702],[-87.950258,41.676707],[-87.950262,41.676715],[-87.950263,41.676728],[-87.950267,41.676734],[-87.950275,41.67674],[-87.950287,41.676744],[-87.950295,41.676743],[-87.950304,41.676734],[-87.950304,41.676724],[-87.950304,41.676714],[-87.950302,41.676704],[-87.950302,41.676695],[-87.950296,41.676687],[-87.950286,41.676682],[-87.950281,41.676676],[-87.950283,41.676667],[-87.950295,41.676662],[-87.950308,41.676661],[-87.950321,41.676663],[-87.950332,41.676666],[-87.950341,41.676672],[-87.95035,41.676679],[-87.950348,41.676688]]]},"properties":{"feature_id":"bunker-osm-w1508000710","layer":"bunker","holes":[9],"source":"osm","osm_id":"way/1508000710","osm_version":1,"verified":false}},{"type":"Feature","geometry":{"type":"Polygon","coordinates":[[[-87.950041,41.676526],[-87.950029,41.676517],[-87.950014,41.676512],[-87.949991,41.676511],[-87.949974,41.676517],[-87.949961,41.676523],[-87.949959,41.676533],[-87.949964,41.676546],[-87.949957,41.676559],[-87.949942,41.676562],[-87.94993,41.676558],[-87.949919,41.676552],[-87.949901,41.676557],[-87.949887,41.676567],[-87.949881,41.676581],[-87.949887,41.676594],[-87.949894,41.676609],[-87.9499,41.676624],[-87.949907,41.676636],[-87.94991,41.676651],[-87.949916,41.676661],[-87.949914,41.676677],[-87.949908,41.676694],[-87.949908,41.67671],[-87.949911,41.676721],[-87.94992,41.676735],[-87.949934,41.676739],[-87.949952,41.67674],[-87.949967,41.676741],[-87.949982,41.676738],[-87.949997,41.676737],[-87.950017,41.676737],[-87.950024,41.676725],[-87.950026,41.676708],[-87.950024,41.676701],[-87.950017,41.676693],[-87.950003,41.676692],[-87.949986,41.676694],[-87.949971,41.676691],[-87.949962,41.676686],[-87.949958,41.676673],[-87.949963,41.676662],[-87.949972,41.676655],[-87.949987,41.67665],[-87.950003,41.676653],[-87.950017,41.676652],[-87.950026,41.676645],[-87.950031,41.676634],[-87.95003,41.676623],[-87.950025,41.676612],[-87.950012,41.676609],[-87.949994,41.676611],[-87.949981,41.676618],[-87.949967,41.676624],[-87.949951,41.676625],[-87.94994,41.676621],[-87.949934,41.67661],[-87.949938,41.676598],[-87.949957,41.676587],[-87.949977,41.676578],[-87.949993,41.676574],[-87.950012,41.676572],[-87.950027,41.676567],[-87.950041,41.67656],[-87.950047,41.676549],[-87.950048,41.676536],[-87.950041,41.676526]]]},"properties":{"feature_id":"bunker-osm-w1508000711","layer":"bunker","holes":[9],"source":"osm","osm_id":"way/1508000711","osm_version":1,"verified":false}},{"type":"Feature","geometry":{"type":"Polygon","coordinates":[[[-87.949811,41.6786],[-87.949801,41.678615],[-87.949797,41.678627],[-87.949797,41.678651],[-87.949802,41.67867],[-87.949801,41.678688],[-87.949791,41.6787],[-87.949781,41.678711],[-87.949783,41.678725],[-87.949784,41.678736],[-87.949772,41.678749],[-87.949749,41.678748],[-87.94973,41.678745],[-87.94971,41.678738],[-87.949699,41.678729],[-87.949694,41.678717],[-87.949697,41.678705],[-87.949706,41.678698],[-87.949727,41.678694],[-87.949742,41.678689],[-87.949754,41.678678],[-87.949755,41.678664],[-87.949748,41.678653],[-87.949724,41.678652],[-87.949709,41.678658],[-87.949693,41.678655],[-87.949681,41.678646],[-87.949685,41.678629],[-87.949697,41.678619],[-87.949711,41.678615],[-87.949731,41.678613],[-87.94975,41.678608],[-87.949764,41.678597],[-87.949771,41.678584],[-87.949774,41.678568],[-87.949764,41.678563],[-87.949743,41.678566],[-87.949731,41.678574],[-87.949713,41.678573],[-87.949706,41.678563],[-87.94971,41.678547],[-87.949718,41.678534],[-87.949735,41.678525],[-87.949757,41.678519],[-87.94978,41.67852],[-87.949802,41.678524],[-87.949815,41.678532],[-87.949824,41.678545],[-87.949827,41.678566],[-87.949821,41.678586],[-87.949811,41.6786]]]},"properties":{"feature_id":"bunker-osm-w1508000712","layer":"bunker","holes":[10],"source":"osm","osm_id":"way/1508000712","osm_version":1,"verified":false}},{"type":"Feature","geometry":{"type":"Polygon","coordinates":[[[-87.949898,41.678946],[-87.949905,41.678959],[-87.949914,41.678968],[-87.949928,41.678982],[-87.949936,41.678993],[-87.949934,41.679006],[-87.949924,41.679016],[-87.949908,41.679016],[-87.949892,41.67902],[-87.949887,41.679033],[-87.949882,41.679045],[-87.949868,41.679051],[-87.949849,41.679048],[-87.949837,41.679041],[-87.94983,41.679032],[-87.94983,41.679017],[-87.949836,41.679007],[-87.949844,41.678998],[-87.949854,41.678986],[-87.949855,41.678971],[-87.949844,41.678961],[-87.949824,41.678961],[-87.949812,41.678969],[-87.94981,41.678983],[-87.949799,41.678994],[-87.94978,41.678992],[-87.949765,41.678982],[-87.949755,41.678966],[-87.949753,41.678955],[-87.949757,41.678945],[-87.94977,41.678935],[-87.949787,41.678929],[-87.949795,41.678918],[-87.949789,41.678904],[-87.949768,41.678903],[-87.94975,41.678913],[-87.949728,41.678921],[-87.949706,41.678911],[-87.949702,41.678899],[-87.949708,41.678884],[-87.949717,41.678874],[-87.949736,41.678865],[-87.949753,41.678858],[-87.949766,41.678854],[-87.94977,41.678844],[-87.949764,41.678833],[-87.949747,41.678832],[-87.949731,41.678838],[-87.949717,41.678845],[-87.949702,41.678845],[-87.949693,41.678838],[-87.94969,41.678825],[-87.949697,41.67881],[-87.949703,41.678796],[-87.949714,41.678789],[-87.949733,41.678784],[-87.949748,41.678784],[-87.94977,41.678789],[-87.949785,41.678795],[-87.949799,41.67881],[-87.949807,41.678826],[-87.949811,41.678845],[-87.949815,41.678862],[-87.949823,41.678876],[-87.949835,41.678889],[-87.94985,41.678898],[-87.94986,41.678908],[-87.949868,41.678921],[-87.949874,41.67893],[-87.949885,41.678938],[-87.949898,41.678946]]]},"properties":{"feature_id":"bunker-osm-w1508000713","layer":"bunker","holes":[10],"source":"osm","osm_id":"way/1508000713","osm_version":1,"verified":false}},{"type":"Feature","geometry":{"type":"Polygon","coordinates":[[[-87.950141,41.67918],[-87.950138,41.679169],[-87.950133,41.679161],[-87.950125,41.679153],[-87.950111,41.679152],[-87.950094,41.679153],[-87.950083,41.679161],[-87.950076,41.679167],[-87.950068,41.67918],[-87.950062,41.679192],[-87.950052,41.6792],[-87.95004,41.679207],[-87.950027,41.679212],[-87.950016,41.679221],[-87.950011,41.679235],[-87.95001,41.679246],[-87.95,41.679255],[-87.950004,41.679268],[-87.950014,41.679278],[-87.950029,41.679284],[-87.950044,41.679285],[-87.950055,41.679281],[-87.950063,41.679274],[-87.950075,41.679272],[-87.950088,41.679272],[-87.9501,41.679272],[-87.950109,41.679267],[-87.950111,41.679258],[-87.950104,41.679251],[-87.950091,41.679246],[-87.950081,41.679241],[-87.950078,41.67923],[-87.950081,41.679219],[-87.950091,41.679209],[-87.950107,41.679205],[-87.95012,41.679212],[-87.950128,41.679224],[-87.950136,41.679235],[-87.950148,41.679241],[-87.950168,41.679239],[-87.950177,41.679231],[-87.950181,41.679219],[-87.950176,41.679208],[-87.950167,41.679203],[-87.950156,41.679199],[-87.950145,41.679194],[-87.950141,41.67918]]]},"properties":{"feature_id":"bunker-osm-w1508000714","layer":"bunker","holes":[10],"source":"osm","osm_id":"way/1508000714","osm_version":1,"verified":false}},{"type":"Feature","geometry":{"type":"Polygon","coordinates":[[[-87.950403,41.679116],[-87.95039,41.679106],[-87.950374,41.6791],[-87.950354,41.679095],[-87.950334,41.679094],[-87.950313,41.679096],[-87.950296,41.6791],[-87.950282,41.679109],[-87.950272,41.679119],[-87.950264,41.679131],[-87.950257,41.679143],[-87.950258,41.679155],[-87.950259,41.679167],[-87.95027,41.679173],[-87.950285,41.67917],[-87.950294,41.679163],[-87.950309,41.679162],[-87.95032,41.679169],[-87.950321,41.67918],[-87.950315,41.679192],[-87.950302,41.679199],[-87.950288,41.679204],[-87.950276,41.679211],[-87.950279,41.679224],[-87.950292,41.679231],[-87.950301,41.679236],[-87.950307,41.679244],[-87.950322,41.679247],[-87.950339,41.679247],[-87.950355,41.679245],[-87.950362,41.679236],[-87.950372,41.679228],[-87.950386,41.679222],[-87.950389,41.679209],[-87.950383,41.679198],[-87.950369,41.679194],[-87.950362,41.679188],[-87.950356,41.679178],[-87.950353,41.679164],[-87.950356,41.679152],[-87.950366,41.679144],[-87.950381,41.679143],[-87.950393,41.679151],[-87.950412,41.679152],[-87.950419,41.679146],[-87.95042,41.679136],[-87.950416,41.679125],[-87.950403,41.679116]]]},"properties":{"feature_id":"bunker-osm-w1508000715","layer":"bunker","holes":[10],"source":"osm","osm_id":"way/1508000715","osm_version":1,"verified":false}},{"type":"Feature","geometry":{"type":"Polygon","coordinates":[[[-87.950276,41.679421],[-87.950262,41.679417],[-87.950243,41.679412],[-87.950228,41.679408],[-87.950207,41.679404],[-87.950189,41.679402],[-87.950168,41.6794],[-87.950153,41.679404],[-87.950141,41.679414],[-87.950141,41.679427],[-87.950149,41.679434],[-87.950163,41.679436],[-87.95018,41.679434],[-87.950198,41.679436],[-87.950205,41.679444],[-87.950202,41.679457],[-87.950188,41.679463],[-87.950188,41.679476],[-87.950198,41.679485],[-87.950213,41.679487],[-87.950227,41.679487],[-87.950237,41.679483],[-87.950242,41.679476],[-87.950245,41.679466],[-87.950242,41.679458],[-87.950245,41.67945],[-87.950255,41.679446],[-87.950272,41.679449],[-87.950282,41.679459],[-87.950288,41.679471],[-87.950295,41.679482],[-87.950308,41.679484],[-87.950322,41.679482],[-87.950332,41.679475],[-87.950339,41.679467],[-87.950342,41.679455],[-87.950339,41.679444],[-87.950329,41.679436],[-87.950317,41.679432],[-87.9503,41.679427],[-87.950276,41.679421]]]},"properties":{"feature_id":"bunker-osm-w1508000716","layer":"bunker","holes":[10],"source":"osm","osm_id":"way/1508000716","osm_version":1,"verified":false}},{"type":"Feature","geometry":{"type":"Polygon","coordinates":[[[-87.953972,41.683769],[-87.95397,41.683757],[-87.953965,41.683747],[-87.953958,41.683739],[-87.953948,41.683735],[-87.953931,41.683735],[-87.95392,41.683738],[-87.953905,41.683739],[-87.953886,41.683737],[-87.953872,41.683731],[-87.953858,41.68373],[-87.953846,41.683732],[-87.953834,41.683737],[-87.953826,41.683747],[-87.953828,41.683758],[-87.953835,41.683767],[-87.953846,41.683776],[-87.953851,41.683787],[-87.953847,41.683799],[-87.953848,41.683812],[-87.953854,41.683825],[-87.953861,41.683834],[-87.953875,41.68384],[-87.95389,41.683842],[-87.953904,41.683851],[-87.953912,41.683861],[-87.953929,41.683868],[-87.953952,41.683868],[-87.953965,41.683862],[-87.953976,41.68385],[-87.953977,41.683833],[-87.953966,41.683825],[-87.95395,41.683819],[-87.953933,41.683818],[-87.953916,41.683817],[-87.953904,41.683813],[-87.953895,41.683803],[-87.953895,41.683792],[-87.953905,41.683783],[-87.953918,41.683779],[-87.953934,41.68378],[-87.95395,41.683783],[-87.953965,41.683781],[-87.953972,41.683769]]]},"properties":{"feature_id":"bunker-osm-w1508003006","layer":"bunker","holes":[11],"source":"osm","osm_id":"way/1508003006","osm_version":1,"verified":false}},{"type":"Feature","geometry":{"type":"Polygon","coordinates":[[[-87.953532,41.683842],[-87.953526,41.683835],[-87.953512,41.683831],[-87.953496,41.683833],[-87.953479,41.683838],[-87.953466,41.683846],[-87.953457,41.683854],[-87.953452,41.683866],[-87.953454,41.683882],[-87.953459,41.683901],[-87.953466,41.683915],[-87.953473,41.683925],[-87.953488,41.683936],[-87.953499,41.683944],[-87.953512,41.683949],[-87.953526,41.683953],[-87.953544,41.683954],[-87.953567,41.683954],[-87.953579,41.683946],[-87.953588,41.683938],[-87.953586,41.683921],[-87.953576,41.683912],[-87.953558,41.683911],[-87.953543,41.683914],[-87.953527,41.683913],[-87.953517,41.683908],[-87.95351,41.683899],[-87.953508,41.683887],[-87.953516,41.683878],[-87.953529,41.683877],[-87.953545,41.683883],[-87.953559,41.683879],[-87.953563,41.68387],[-87.953559,41.683861],[-87.953548,41.683856],[-87.953539,41.683851],[-87.953532,41.683842]]]},"properties":{"feature_id":"bunker-osm-w1508003007","layer":"bunker","holes":[11],"source":"osm","osm_id":"way/1508003007","osm_version":1,"verified":false}},{"type":"Feature","geometry":{"type":"Polygon","coordinates":[[[-87.95363,41.683627],[-87.953608,41.683633],[-87.953586,41.683633],[-87.953561,41.683638],[-87.953543,41.683646],[-87.953539,41.683659],[-87.953537,41.683673],[-87.953526,41.683684],[-87.953525,41.683699],[-87.953537,41.683709],[-87.953552,41.683711],[-87.95357,41.683714],[-87.95358,41.683724],[-87.95358,41.683739],[-87.953586,41.683751],[-87.9536,41.683756],[-87.953618,41.683756],[-87.953634,41.683751],[-87.953647,41.683744],[-87.953652,41.683733],[-87.953644,41.683722],[-87.95363,41.683715],[-87.953617,41.683709],[-87.953607,41.683698],[-87.953606,41.68369],[-87.953608,41.683674],[-87.953621,41.683671],[-87.953635,41.683674],[-87.953647,41.683671],[-87.953665,41.683675],[-87.953674,41.68369],[-87.953681,41.683699],[-87.953688,41.683711],[-87.9537,41.683714],[-87.953712,41.683712],[-87.953729,41.683706],[-87.953734,41.683695],[-87.953732,41.683681],[-87.953721,41.68367],[-87.953711,41.683657],[-87.953705,41.683646],[-87.953707,41.683632],[-87.953703,41.683618],[-87.953687,41.683611],[-87.953669,41.683608],[-87.953653,41.683611],[-87.953645,41.683621],[-87.95363,41.683627]]]},"properties":{"feature_id":"bunker-osm-w1508003008","layer":"bunker","holes":[11],"source":"osm","osm_id":"way/1508003008","osm_version":1,"verified":false}},{"type":"Feature","geometry":{"type":"Polygon","coordinates":[[[-87.953329,41.683511],[-87.953313,41.683504],[-87.953293,41.683495],[-87.953285,41.683485],[-87.953284,41.683472],[-87.953295,41.68346],[-87.953313,41.68346],[-87.953328,41.683461],[-87.953344,41.683458],[-87.953348,41.683446],[-87.953348,41.683432],[-87.953343,41.683423],[-87.953325,41.683416],[-87.953305,41.683419],[-87.953282,41.683426],[-87.953266,41.68342],[-87.953255,41.683407],[-87.953254,41.683392],[-87.953261,41.683381],[-87.95328,41.683378],[-87.953293,41.683375],[-87.953294,41.68336],[-87.953284,41.683347],[-87.953273,41.68334],[-87.953253,41.683339],[-87.953239,41.683339],[-87.953223,41.68333],[-87.953203,41.683325],[-87.953183,41.683328],[-87.953167,41.683337],[-87.953155,41.683347],[-87.953137,41.683348],[-87.953116,41.683349],[-87.953098,41.683359],[-87.953093,41.683375],[-87.953096,41.683395],[-87.953105,41.683407],[-87.953111,41.68342],[-87.953116,41.683433],[-87.953125,41.683444],[-87.953144,41.683448],[-87.953158,41.683443],[-87.953162,41.683428],[-87.953155,41.683413],[-87.953161,41.683399],[-87.953176,41.683397],[-87.953191,41.683406],[-87.953201,41.683419],[-87.953205,41.68344],[-87.953197,41.683454],[-87.953193,41.683472],[-87.953197,41.683487],[-87.953212,41.683497],[-87.953228,41.683503],[-87.953238,41.683514],[-87.953243,41.683529],[-87.953255,41.683536],[-87.953273,41.683538],[-87.953293,41.683537],[-87.953308,41.683545],[-87.953323,41.683553],[-87.953338,41.683551],[-87.953348,41.683545],[-87.953357,41.683535],[-87.953356,41.683523],[-87.953348,41.683515],[-87.953329,41.683511]]]},"properties":{"feature_id":"bunker-osm-w1508003009","layer":"bunker","holes":[11],"source":"osm","osm_id":"way/1508003009","osm_version":1,"verified":false}},{"type":"Feature","geometry":{"type":"Polygon","coordinates":[[[-87.952743,41.683359],[-87.95274,41.683343],[-87.952733,41.683329],[-87.952724,41.683317],[-87.952711,41.683308],[-87.952694,41.683305],[-87.952671,41.683308],[-87.952654,41.683312],[-87.952636,41.683318],[-87.952626,41.683331],[-87.952629,41.683349],[-87.952625,41.683366],[-87.952612,41.683378],[-87.952598,41.683389],[-87.952583,41.683401],[-87.952581,41.683416],[-87.952589,41.683431],[-87.952603,41.683438],[-87.95262,41.683441],[-87.95264,41.683437],[-87.952643,41.683421],[-87.952645,41.683405],[-87.952652,41.683393],[-87.952661,41.683384],[-87.952674,41.683381],[-87.95269,41.683384],[-87.952703,41.683399],[-87.952707,41.683416],[-87.952708,41.683433],[-87.952704,41.683447],[-87.952693,41.683465],[-87.952686,41.683484],[-87.952683,41.683501],[-87.952697,41.683511],[-87.952718,41.683513],[-87.952736,41.683512],[-87.952754,41.683506],[-87.952764,41.683499],[-87.952769,41.683486],[-87.952765,41.68347],[-87.952756,41.683458],[-87.952754,41.683444],[-87.952761,41.683432],[-87.952771,41.683423],[-87.952776,41.683407],[-87.952776,41.683391],[-87.952767,41.683381],[-87.952752,41.683373],[-87.952743,41.683359]]]},"properties":{"feature_id":"bunker-osm-w1508003010","layer":"bunker","holes":[11],"source":"osm","osm_id":"way/1508003010","osm_version":1,"verified":false}},{"type":"Feature","geometry":{"type":"Polygon","coordinates":[[[-87.952526,41.683152],[-87.952522,41.683168],[-87.952516,41.683179],[-87.952505,41.68319],[-87.95249,41.6832],[-87.952479,41.683208],[-87.952472,41.683223],[-87.952478,41.683237],[-87.95249,41.683245],[-87.952506,41.683246],[-87.952519,41.683242],[-87.952527,41.683233],[-87.952531,41.683219],[-87.952541,41.68321],[-87.952555,41.683206],[-87.952572,41.683208],[-87.952579,41.683222],[-87.952574,41.683239],[-87.952563,41.683252],[-87.952549,41.683261],[-87.952535,41.683272],[-87.952526,41.683286],[-87.952527,41.683302],[-87.952528,41.683318],[-87.952527,41.683331],[-87.952539,41.683338],[-87.952556,41.68334],[-87.952569,41.683336],[-87.952581,41.683326],[-87.952582,41.683311],[-87.952587,41.683295],[-87.952597,41.683279],[-87.952614,41.683271],[-87.952637,41.683267],[-87.952662,41.683264],[-87.952678,41.683259],[-87.952684,41.68325],[-87.952685,41.683236],[-87.952673,41.683226],[-87.952656,41.683214],[-87.95264,41.683203],[-87.952624,41.683193],[-87.952612,41.683179],[-87.952604,41.683161],[-87.952598,41.683148],[-87.952587,41.683135],[-87.952569,41.683128],[-87.952549,41.683128],[-87.952535,41.683137],[-87.952526,41.683152]]]},"properties":{"feature_id":"bunker-osm-w1508003011","layer":"bunker","holes":[11],"source":"osm","osm_id":"way/1508003011","osm_version":1,"verified":false}},{"type":"Feature","geometry":{"type":"Polygon","coordinates":[[[-87.952569,41.681655],[-87.95257,41.681641],[-87.952571,41.681625],[-87.952562,41.681614],[-87.952565,41.681599],[-87.952564,41.681586],[-87.952554,41.681577],[-87.952549,41.681566],[-87.952547,41.681554],[-87.952535,41.681546],[-87.952523,41.681533],[-87.952523,41.681522],[-87.95252,41.681509],[-87.95251,41.681496],[-87.952499,41.68148],[-87.952485,41.68147],[-87.952465,41.681456],[-87.95245,41.681445],[-87.952431,41.681436],[-87.952407,41.681432],[-87.952388,41.681435],[-87.952371,41.681445],[-87.952365,41.681457],[-87.952366,41.681475],[-87.952372,41.681485],[-87.952385,41.681493],[-87.952403,41.681492],[-87.952419,41.681491],[-87.952433,41.681497],[-87.952441,41.681507],[-87.952443,41.681521],[-87.952435,41.681532],[-87.952418,41.68154],[-87.952405,41.681551],[-87.9524,41.681561],[-87.952399,41.681573],[-87.952404,41.681586],[-87.952416,41.681594],[-87.952431,41.681596],[-87.952447,41.68159],[-87.952456,41.681583],[-87.952465,41.681576],[-87.952478,41.681572],[-87.952495,41.681581],[-87.952503,41.681594],[-87.952506,41.681607],[-87.952499,41.681618],[-87.952486,41.681628],[-87.952469,41.681635],[-87.952455,41.68164],[-87.952446,41.681651],[-87.952447,41.681664],[-87.952454,41.681676],[-87.95247,41.68168],[-87.952491,41.681684],[-87.952513,41.681686],[-87.952531,41.681684],[-87.952547,41.681681],[-87.952562,41.681669],[-87.952569,41.681655]]]},"properties":{"feature_id":"bunker-osm-w1508003012","layer":"bunker","holes":[11],"source":"osm","osm_id":"way/1508003012","osm_version":1,"verified":false}},{"type":"Feature","geometry":{"type":"Polygon","coordinates":[[[-87.953039,41.681661],[-87.953028,41.681657],[-87.953015,41.681656],[-87.953006,41.681651],[-87.953001,41.681641],[-87.952991,41.681634],[-87.952978,41.681632],[-87.952963,41.681631],[-87.952951,41.681636],[-87.952942,41.681645],[-87.952938,41.681656],[-87.95294,41.681667],[-87.952941,41.68168],[-87.952936,41.68169],[-87.952929,41.681703],[-87.952925,41.681714],[-87.952922,41.681726],[-87.952922,41.681741],[-87.952927,41.681754],[-87.952933,41.681771],[-87.952936,41.68179],[-87.952931,41.681812],[-87.952921,41.681829],[-87.952914,41.681852],[-87.952914,41.681875],[-87.952918,41.681891],[-87.952926,41.681901],[-87.952938,41.681911],[-87.952956,41.681917],[-87.952972,41.681917],[-87.952985,41.681914],[-87.952994,41.681904],[-87.952992,41.681892],[-87.952986,41.681883],[-87.952975,41.681876],[-87.952966,41.681869],[-87.952964,41.681863],[-87.952972,41.681856],[-87.952986,41.681859],[-87.953,41.681867],[-87.953011,41.681877],[-87.953027,41.681881],[-87.953041,41.681878],[-87.95305,41.681868],[-87.953056,41.681861],[-87.953056,41.681847],[-87.953051,41.681838],[-87.953044,41.68183],[-87.953032,41.681827],[-87.953015,41.681825],[-87.952999,41.681825],[-87.952987,41.68182],[-87.952979,41.681813],[-87.952975,41.681801],[-87.952979,41.681789],[-87.952987,41.681779],[-87.953002,41.681773],[-87.953019,41.681774],[-87.953034,41.681781],[-87.953046,41.681789],[-87.953061,41.68179],[-87.953072,41.681785],[-87.95308,41.681773],[-87.95308,41.68176],[-87.953075,41.681747],[-87.953067,41.68174],[-87.953056,41.681737],[-87.953041,41.681736],[-87.953027,41.681736],[-87.953012,41.681735],[-87.953,41.681731],[-87.952992,41.681722],[-87.952989,41.681711],[-87.952992,41.681701],[-87.953002,41.681695],[-87.953014,41.681696],[-87.953026,41.681701],[-87.95304,41.681701],[-87.953047,41.681694],[-87.953054,41.681685],[-87.953053,41.681675],[-87.953049,41.681668],[-87.953039,41.681661]]]},"properties":{"feature_id":"bunker-osm-w1508003013","layer":"bunker","holes":[11],"source":"osm","osm_id":"way/1508003013","osm_version":1,"verified":false}},{"type":"Feature","geometry":{"type":"Polygon","coordinates":[[[-87.953478,41.685738],[-87.953465,41.68575],[-87.953455,41.685763],[-87.953448,41.685784],[-87.953449,41.685805],[-87.953435,41.685819],[-87.953428,41.685836],[-87.953409,41.685845],[-87.953386,41.685845],[-87.953373,41.685834],[-87.953374,41.685817],[-87.953392,41.685804],[-87.953399,41.685792],[-87.953382,41.685787],[-87.95336,41.68579],[-87.95334,41.685786],[-87.953331,41.685772],[-87.953338,41.685756],[-87.953355,41.685748],[-87.953375,41.685745],[-87.953392,41.685747],[-87.953408,41.68575],[-87.953423,41.685745],[-87.953432,41.685734],[-87.953436,41.685722],[-87.953445,41.685713],[-87.953436,41.6857],[-87.953409,41.685704],[-87.9534,41.685715],[-87.95338,41.685716],[-87.953365,41.685707],[-87.953364,41.685691],[-87.953374,41.68568],[-87.953383,41.685668],[-87.9534,41.685661],[-87.953415,41.685663],[-87.95343,41.685667],[-87.953444,41.685667],[-87.953458,41.685657],[-87.953469,41.685648],[-87.95349,41.685648],[-87.953501,41.685656],[-87.953504,41.685668],[-87.953494,41.685682],[-87.953494,41.685698],[-87.953496,41.685715],[-87.953491,41.685729],[-87.953478,41.685738]]]},"properties":{"feature_id":"bunker-osm-w1508003014","layer":"bunker","holes":[12],"source":"osm","osm_id":"way/1508003014","osm_version":1,"verified":false}},{"type":"Feature","geometry":{"type":"Polygon","coordinates":[[[-87.953222,41.685519],[-87.953205,41.68551],[-87.953197,41.685497],[-87.953183,41.685488],[-87.953166,41.685482],[-87.953145,41.685481],[-87.953125,41.685484],[-87.953109,41.685491],[-87.953104,41.685503],[-87.953109,41.685514],[-87.953123,41.685517],[-87.95314,41.685522],[-87.953154,41.685528],[-87.953155,41.685542],[-87.953144,41.685548],[-87.953131,41.685549],[-87.953118,41.685546],[-87.9531,41.685545],[-87.953084,41.685551],[-87.953076,41.685561],[-87.953073,41.685574],[-87.953068,41.685586],[-87.953065,41.685597],[-87.95307,41.685605],[-87.953081,41.685611],[-87.953096,41.685611],[-87.953105,41.685603],[-87.953114,41.685597],[-87.953129,41.685598],[-87.953136,41.685606],[-87.95315,41.685609],[-87.95316,41.685607],[-87.953166,41.685599],[-87.953165,41.685587],[-87.953163,41.685576],[-87.953167,41.685566],[-87.953177,41.685559],[-87.953192,41.685557],[-87.953211,41.685559],[-87.953226,41.685564],[-87.95323,41.685578],[-87.953219,41.685589],[-87.953203,41.685595],[-87.953203,41.685607],[-87.95321,41.685614],[-87.953226,41.685619],[-87.953241,41.68562],[-87.953261,41.685614],[-87.95327,41.685602],[-87.953272,41.685591],[-87.953276,41.68558],[-87.953288,41.685575],[-87.953297,41.685568],[-87.953299,41.685554],[-87.95329,41.685541],[-87.953278,41.685534],[-87.953261,41.685529],[-87.953241,41.685526],[-87.953222,41.685519]]]},"properties":{"feature_id":"bunker-osm-w1508003015","layer":"bunker","holes":[12],"source":"osm","osm_id":"way/1508003015","osm_version":1,"verified":false}},{"type":"Feature","geometry":{"type":"Polygon","coordinates":[[[-87.956098,41.685813],[-87.956076,41.685813],[-87.956056,41.685818],[-87.956034,41.685814],[-87.956013,41.685807],[-87.955996,41.685797],[-87.955994,41.68578],[-87.956,41.685766],[-87.956013,41.685755],[-87.956031,41.685748],[-87.956044,41.685739],[-87.956051,41.685722],[-87.956066,41.685709],[-87.956085,41.685708],[-87.956109,41.685697],[-87.956128,41.685685],[-87.95615,41.685678],[-87.956173,41.685683],[-87.956183,41.685696],[-87.956184,41.685714],[-87.95617,41.685728],[-87.956154,41.685731],[-87.956135,41.685735],[-87.956119,41.685745],[-87.956098,41.685752],[-87.95609,41.685764],[-87.956095,41.685776],[-87.956116,41.685778],[-87.956139,41.685771],[-87.956155,41.685775],[-87.956162,41.68579],[-87.956151,41.685805],[-87.956127,41.685811],[-87.956098,41.685813]]]},"properties":{"feature_id":"bunker-osm-w1508003727","layer":"bunker","holes":[13],"source":"osm","osm_id":"way/1508003727","osm_version":1,"verified":false}},{"type":"Feature","geometry":{"type":"Polygon","coordinates":[[[-87.955812,41.685872],[-87.955797,41.685885],[-87.955776,41.685897],[-87.955746,41.685902],[-87.955714,41.685904],[-87.955686,41.68591],[-87.955661,41.685925],[-87.95566,41.685945],[-87.955675,41.685962],[-87.955703,41.685972],[-87.955729,41.685977],[-87.955759,41.685978],[-87.955783,41.685971],[-87.955793,41.685959],[-87.955801,41.685942],[-87.955819,41.685934],[-87.95584,41.685933],[-87.955863,41.685927],[-87.955879,41.685917],[-87.955888,41.685899],[-87.955886,41.685883],[-87.955882,41.685868],[-87.95587,41.685859],[-87.955851,41.685852],[-87.955828,41.685855],[-87.955812,41.685872]]]},"properties":{"feature_id":"bunker-osm-w1508003728","layer":"bunker","holes":[13],"source":"osm","osm_id":"way/1508003728","osm_version":1,"verified":false}},{"type":"Feature","geometry":{"type":"Polygon","coordinates":[[[-87.955354,41.685691],[-87.955376,41.685685],[-87.955396,41.685678],[-87.955408,41.685669],[-87.955414,41.685658],[-87.955414,41.685638],[-87.9554,41.685623],[-87.955375,41.685622],[-87.955358,41.685629],[-87.955338,41.685641],[-87.955319,41.685639],[-87.955313,41.685621],[-87.955309,41.685607],[-87.955288,41.685603],[-87.955263,41.685609],[-87.955256,41.68563],[-87.955248,41.685649],[-87.955234,41.685666],[-87.955209,41.68568],[-87.955177,41.685686],[-87.955152,41.685681],[-87.955139,41.685665],[-87.955125,41.685653],[-87.955096,41.685648],[-87.955072,41.685655],[-87.955063,41.685669],[-87.955063,41.68569],[-87.955059,41.685708],[-87.955038,41.685716],[-87.955023,41.68573],[-87.955025,41.68575],[-87.955039,41.685764],[-87.955062,41.685771],[-87.955087,41.685771],[-87.955107,41.685763],[-87.95513,41.685754],[-87.955159,41.68575],[-87.955191,41.685749],[-87.955214,41.685743],[-87.955235,41.685733],[-87.955254,41.685719],[-87.955272,41.685706],[-87.955297,41.685697],[-87.955325,41.685697],[-87.955354,41.685691]]]},"properties":{"feature_id":"bunker-osm-w1508003729","layer":"bunker","holes":[13],"source":"osm","osm_id":"way/1508003729","osm_version":1,"verified":false}},{"type":"Feature","geometry":{"type":"Polygon","coordinates":[[[-87.957339,41.685003],[-87.957349,41.684993],[-87.957352,41.68498],[-87.957343,41.684968],[-87.957329,41.684962],[-87.957311,41.684962],[-87.957296,41.684967],[-87.957282,41.684974],[-87.957272,41.684983],[-87.957269,41.684991],[-87.957276,41.685004],[-87.957281,41.685019],[-87.957276,41.685033],[-87.957262,41.685043],[-87.95724,41.685049],[-87.957219,41.685051],[-87.957205,41.685043],[-87.957205,41.685031],[-87.957208,41.685016],[-87.957206,41.685006],[-87.957194,41.684999],[-87.957173,41.684997],[-87.957156,41.685],[-87.957149,41.685009],[-87.957145,41.685021],[-87.957149,41.685032],[-87.957155,41.685049],[-87.957157,41.68507],[-87.95716,41.685084],[-87.957166,41.685099],[-87.957178,41.685112],[-87.957192,41.685119],[-87.957208,41.685125],[-87.957226,41.685125],[-87.957241,41.68512],[-87.957253,41.685111],[-87.957265,41.685104],[-87.957273,41.685096],[-87.957274,41.685084],[-87.957272,41.685075],[-87.957282,41.685069],[-87.957295,41.685064],[-87.957315,41.685059],[-87.957329,41.685055],[-87.957339,41.685049],[-87.957343,41.685038],[-87.957342,41.685027],[-87.957338,41.685017],[-87.957339,41.685003]]]},"properties":{"feature_id":"bunker-osm-w1508003730","layer":"bunker","holes":[13],"source":"osm","osm_id":"way/1508003730","osm_version":1,"verified":false}},{"type":"Feature","geometry":{"type":"Polygon","coordinates":[[[-87.957446,41.685224],[-87.95747,41.685213],[-87.957487,41.685207],[-87.957518,41.685204],[-87.95753,41.685207],[-87.957553,41.685215],[-87.957565,41.685227],[-87.957564,41.685242],[-87.957554,41.685256],[-87.957537,41.685264],[-87.957519,41.685265],[-87.957498,41.685265],[-87.957484,41.685262],[-87.957469,41.685256],[-87.957447,41.685253],[-87.957432,41.68526],[-87.957419,41.685263],[-87.9574,41.685265],[-87.957394,41.68528],[-87.957405,41.685289],[-87.957421,41.685295],[-87.957423,41.685308],[-87.957415,41.68532],[-87.957399,41.685319],[-87.957383,41.685321],[-87.957369,41.685329],[-87.957351,41.68533],[-87.957337,41.685322],[-87.95733,41.685307],[-87.957327,41.685292],[-87.957329,41.685275],[-87.957333,41.685263],[-87.957346,41.685252],[-87.957361,41.685248],[-87.95738,41.685246],[-87.957394,41.68524],[-87.957408,41.685236],[-87.957428,41.685231],[-87.957446,41.685224]]]},"properties":{"feature_id":"bunker-osm-w1508003731","layer":"bunker","holes":[13],"source":"osm","osm_id":"way/1508003731","osm_version":1,"verified":false}},{"type":"Feature","geometry":{"type":"Polygon","coordinates":[[[-87.955707,41.68483],[-87.955707,41.68482],[-87.955708,41.684809],[-87.955701,41.684801],[-87.955689,41.684797],[-87.955675,41.684797],[-87.955663,41.684793],[-87.955658,41.684783],[-87.955656,41.68477],[-87.955655,41.684761],[-87.955648,41.684754],[-87.955633,41.68475],[-87.95562,41.684752],[-87.955604,41.684756],[-87.955598,41.684766],[-87.955605,41.684777],[-87.955605,41.684787],[-87.955597,41.684795],[-87.955584,41.684798],[-87.955567,41.684796],[-87.955545,41.684796],[-87.955531,41.684801],[-87.955525,41.684812],[-87.955524,41.684826],[-87.95553,41.684834],[-87.955542,41.684842],[-87.955556,41.684845],[-87.955568,41.684844],[-87.955583,41.684841],[-87.955602,41.68484],[-87.955613,41.684845],[-87.955626,41.684855],[-87.955627,41.684865],[-87.955614,41.684875],[-87.955612,41.684884],[-87.955618,41.684896],[-87.955632,41.684903],[-87.955649,41.684904],[-87.955663,41.684902],[-87.955676,41.684897],[-87.955687,41.68489],[-87.955692,41.684877],[-87.955689,41.684865],[-87.955693,41.684857],[-87.955701,41.684851],[-87.955707,41.684843],[-87.955707,41.68483]]]},"properties":{"feature_id":"bunker-osm-w1508009403","layer":"bunker","holes":[14],"source":"osm","osm_id":"way/1508009403","osm_version":1,"verified":false}},{"type":"Feature","geometry":{"type":"Polygon","coordinates":[[[-87.955647,41.685061],[-87.95564,41.685071],[-87.955631,41.685082],[-87.955622,41.685089],[-87.955611,41.685095],[-87.955596,41.685096],[-87.955587,41.685087],[-87.955581,41.685078],[-87.955564,41.685076],[-87.955548,41.685079],[-87.955543,41.685088],[-87.955544,41.685099],[-87.95554,41.685107],[-87.955527,41.685108],[-87.955511,41.685106],[-87.955495,41.685108],[-87.95548,41.685113],[-87.955465,41.685112],[-87.955458,41.685103],[-87.955459,41.685094],[-87.955455,41.685083],[-87.955445,41.685073],[-87.955439,41.685062],[-87.955431,41.685051],[-87.955426,41.685038],[-87.955422,41.685029],[-87.955425,41.685015],[-87.955436,41.685005],[-87.955455,41.685005],[-87.955474,41.685013],[-87.955477,41.685023],[-87.955475,41.685036],[-87.955478,41.685048],[-87.955491,41.685055],[-87.955505,41.685056],[-87.955526,41.685054],[-87.955541,41.685051],[-87.955543,41.68504],[-87.955529,41.685034],[-87.95552,41.685024],[-87.955517,41.685015],[-87.955519,41.685003],[-87.955527,41.684999],[-87.955538,41.685001],[-87.955551,41.685003],[-87.955567,41.685003],[-87.955577,41.685012],[-87.955586,41.685017],[-87.955602,41.685013],[-87.95561,41.685006],[-87.955611,41.684993],[-87.955616,41.684986],[-87.955632,41.684985],[-87.955647,41.684989],[-87.955658,41.684997],[-87.955661,41.685011],[-87.955661,41.685019],[-87.955658,41.685035],[-87.955653,41.685047],[-87.955647,41.685061]]]},"properties":{"feature_id":"bunker-osm-w1508009404","layer":"bunker","holes":[14],"source":"osm","osm_id":"way/1508009404","osm_version":1,"verified":false}},{"type":"Feature","geometry":{"type":"Polygon","coordinates":[[[-87.955334,41.685036],[-87.95532,41.685042],[-87.955304,41.685042],[-87.955291,41.685039],[-87.955276,41.68503],[-87.955259,41.685024],[-87.95524,41.685023],[-87.955221,41.685029],[-87.955213,41.685037],[-87.955209,41.685052],[-87.955204,41.685067],[-87.955209,41.685077],[-87.955221,41.68508],[-87.955232,41.685076],[-87.955245,41.685072],[-87.95526,41.685073],[-87.955259,41.685085],[-87.955248,41.685091],[-87.955245,41.6851],[-87.955254,41.685108],[-87.955272,41.685108],[-87.955284,41.685104],[-87.955291,41.685097],[-87.955296,41.685088],[-87.955302,41.685079],[-87.955316,41.685077],[-87.95533,41.685079],[-87.95534,41.685087],[-87.955338,41.685101],[-87.955341,41.685112],[-87.955352,41.685116],[-87.955362,41.685115],[-87.955371,41.68511],[-87.955383,41.685106],[-87.955397,41.685101],[-87.955406,41.685097],[-87.95541,41.685085],[-87.955402,41.685074],[-87.955393,41.685067],[-87.955386,41.685058],[-87.955382,41.685045],[-87.955381,41.685032],[-87.95538,41.685022],[-87.955374,41.685015],[-87.955358,41.685011],[-87.955343,41.685016],[-87.955341,41.685029],[-87.955334,41.685036]]]},"properties":{"feature_id":"bunker-osm-w1508009405","layer":"bunker","holes":[14],"source":"osm","osm_id":"way/1508009405","osm_version":1,"verified":false}},{"type":"Feature","geometry":{"type":"Polygon","coordinates":[[[-87.955153,41.68496],[-87.955156,41.684973],[-87.955154,41.684988],[-87.955145,41.684995],[-87.955132,41.684999],[-87.955118,41.685008],[-87.955108,41.685017],[-87.955097,41.685025],[-87.955079,41.685026],[-87.955065,41.685025],[-87.955048,41.685021],[-87.955036,41.685013],[-87.955033,41.685003],[-87.955037,41.684994],[-87.955052,41.68499],[-87.955067,41.684991],[-87.955082,41.68499],[-87.955095,41.684985],[-87.955105,41.684977],[-87.955105,41.684963],[-87.955095,41.684951],[-87.955083,41.684943],[-87.955073,41.684939],[-87.955055,41.684941],[-87.955044,41.684951],[-87.955033,41.684958],[-87.955015,41.684962],[-87.955,41.684958],[-87.95499,41.684951],[-87.95498,41.684939],[-87.954976,41.684928],[-87.954978,41.684915],[-87.954982,41.684905],[-87.954988,41.684896],[-87.955,41.68489],[-87.955018,41.684892],[-87.955026,41.6849],[-87.955039,41.684904],[-87.955054,41.684904],[-87.955068,41.684898],[-87.955069,41.684888],[-87.955066,41.684878],[-87.955069,41.684868],[-87.955082,41.684864],[-87.955097,41.684867],[-87.955104,41.684879],[-87.955107,41.684891],[-87.955119,41.684897],[-87.955133,41.684896],[-87.955145,41.684886],[-87.955145,41.684874],[-87.955159,41.684867],[-87.955174,41.684869],[-87.955182,41.684879],[-87.955191,41.684885],[-87.955199,41.684892],[-87.955202,41.684901],[-87.955196,41.68491],[-87.955185,41.684916],[-87.95517,41.684923],[-87.955161,41.684931],[-87.955151,41.684938],[-87.955147,41.684951],[-87.955153,41.68496]]]},"properties":{"feature_id":"bunker-osm-w1508009406","layer":"bunker","holes":[14],"source":"osm","osm_id":"way/1508009406","osm_version":1,"verified":false}},{"type":"Feature","geometry":{"type":"Polygon","coordinates":[[[-87.956225,41.682419],[-87.956222,41.682434],[-87.956218,41.682448],[-87.956212,41.682458],[-87.956201,41.682471],[-87.956186,41.682477],[-87.956167,41.682479],[-87.956147,41.682474],[-87.956131,41.682468],[-87.956114,41.682461],[-87.956101,41.682454],[-87.956089,41.682445],[-87.956081,41.68243],[-87.956081,41.682415],[-87.956081,41.6824],[-87.95608,41.682384],[-87.956081,41.68237],[-87.956091,41.682359],[-87.956105,41.682354],[-87.956125,41.682354],[-87.956137,41.682364],[-87.956139,41.682375],[-87.956139,41.682389],[-87.956143,41.682403],[-87.956155,41.68241],[-87.956168,41.682409],[-87.956176,41.682396],[-87.956178,41.682383],[-87.956181,41.682368],[-87.956178,41.682356],[-87.956172,41.682343],[-87.95616,41.682329],[-87.956154,41.682312],[-87.956164,41.682299],[-87.956177,41.682291],[-87.956192,41.68229],[-87.956211,41.682293],[-87.956223,41.682302],[-87.956229,41.682314],[-87.956232,41.682327],[-87.956232,41.682345],[-87.956224,41.682358],[-87.956218,41.682376],[-87.95622,41.682393],[-87.956225,41.682405],[-87.956225,41.682419]]]},"properties":{"feature_id":"bunker-osm-w1508009407","layer":"bunker","holes":[15],"source":"osm","osm_id":"way/1508009407","osm_version":1,"verified":false}},{"type":"Feature","geometry":{"type":"Polygon","coordinates":[[[-87.956579,41.681853],[-87.956557,41.68185],[-87.95654,41.681854],[-87.956528,41.681863],[-87.956517,41.681878],[-87.956512,41.681895],[-87.956509,41.681913],[-87.956511,41.681932],[-87.956512,41.681947],[-87.956511,41.681967],[-87.956511,41.681986],[-87.956506,41.682005],[-87.956501,41.682023],[-87.956499,41.682043],[-87.956504,41.682057],[-87.956516,41.682074],[-87.956528,41.682084],[-87.956548,41.682094],[-87.956566,41.682099],[-87.956588,41.682098],[-87.956605,41.682097],[-87.956626,41.682092],[-87.956638,41.682085],[-87.956644,41.682073],[-87.956649,41.682058],[-87.95665,41.682043],[-87.956646,41.682029],[-87.956637,41.682021],[-87.956628,41.682015],[-87.956611,41.682017],[-87.9566,41.682029],[-87.956585,41.682035],[-87.956572,41.682036],[-87.956563,41.682026],[-87.956563,41.682012],[-87.956565,41.681999],[-87.95657,41.681985],[-87.956576,41.681978],[-87.956583,41.681968],[-87.956589,41.681959],[-87.956585,41.681943],[-87.956575,41.681938],[-87.956569,41.68193],[-87.956573,41.681917],[-87.956582,41.681908],[-87.956593,41.681899],[-87.956604,41.681889],[-87.956604,41.681877],[-87.956596,41.681864],[-87.956579,41.681853]]]},"properties":{"feature_id":"bunker-osm-w1508009408","layer":"bunker","holes":[15],"source":"osm","osm_id":"way/1508009408","osm_version":1,"verified":false}},{"type":"Feature","geometry":{"type":"Polygon","coordinates":[[[-87.956652,41.68048],[-87.956644,41.680495],[-87.956636,41.680509],[-87.956623,41.680517],[-87.956608,41.680522],[-87.956588,41.680525],[-87.956571,41.680524],[-87.956549,41.680521],[-87.956526,41.680518],[-87.956511,41.680513],[-87.956493,41.680505],[-87.95648,41.680495],[-87.956466,41.680481],[-87.956454,41.680466],[-87.956451,41.680454],[-87.956454,41.680435],[-87.956457,41.680423],[-87.956464,41.680409],[-87.956474,41.680403],[-87.956487,41.680401],[-87.956502,41.680401],[-87.956514,41.680399],[-87.956529,41.680395],[-87.956544,41.680399],[-87.956548,41.680408],[-87.956545,41.680422],[-87.956532,41.68043],[-87.956527,41.68044],[-87.956528,41.680452],[-87.956538,41.680458],[-87.956554,41.680459],[-87.95657,41.680456],[-87.956579,41.680448],[-87.956585,41.680437],[-87.956589,41.680423],[-87.956599,41.680413],[-87.956605,41.680401],[-87.956601,41.680392],[-87.956596,41.680384],[-87.956602,41.680371],[-87.956617,41.680365],[-87.956631,41.680362],[-87.956639,41.680367],[-87.956636,41.680379],[-87.956636,41.680396],[-87.956645,41.680405],[-87.956659,41.680407],[-87.956669,41.680402],[-87.956677,41.680392],[-87.956684,41.68038],[-87.956685,41.680367],[-87.956684,41.680356],[-87.956689,41.680346],[-87.956698,41.68034],[-87.95672,41.680339],[-87.956732,41.680344],[-87.95674,41.680358],[-87.956741,41.680372],[-87.956745,41.680388],[-87.956741,41.680402],[-87.956729,41.680419],[-87.956714,41.680428],[-87.9567,41.680435],[-87.956685,41.680443],[-87.956669,41.68045],[-87.956658,41.680461],[-87.956652,41.68048]]]},"properties":{"feature_id":"bunker-osm-w1508009409","layer":"bunker","holes":[15],"source":"osm","osm_id":"way/1508009409","osm_version":1,"verified":false}},{"type":"Feature","geometry":{"type":"Polygon","coordinates":[[[-87.956065,41.680852],[-87.956052,41.680864],[-87.956034,41.680871],[-87.956002,41.680869],[-87.955979,41.680862],[-87.955962,41.680849],[-87.955954,41.680831],[-87.955952,41.680808],[-87.955961,41.680788],[-87.955977,41.680775],[-87.955997,41.680777],[-87.956013,41.68079],[-87.956011,41.680804],[-87.956017,41.680817],[-87.956038,41.680819],[-87.956049,41.680803],[-87.956052,41.680782],[-87.956048,41.680761],[-87.956045,41.680738],[-87.956048,41.680719],[-87.956064,41.680708],[-87.956091,41.68071],[-87.956112,41.680727],[-87.956123,41.680745],[-87.956131,41.680766],[-87.95612,41.680781],[-87.956103,41.680796],[-87.956091,41.680816],[-87.95608,41.680837],[-87.956065,41.680852]]]},"properties":{"feature_id":"bunker-osm-w1508009410","layer":"bunker","holes":[15],"source":"osm","osm_id":"way/1508009410","osm_version":1,"verified":false}},{"type":"Feature","geometry":{"type":"Polygon","coordinates":[[[-87.954636,41.682403],[-87.954623,41.682399],[-87.954607,41.682402],[-87.954593,41.682407],[-87.954588,41.682416],[-87.954593,41.682427],[-87.954604,41.682434],[-87.954617,41.68244],[-87.954627,41.682449],[-87.954631,41.682462],[-87.954624,41.68247],[-87.954615,41.682484],[-87.954604,41.682491],[-87.954588,41.682499],[-87.954578,41.682506],[-87.954572,41.682517],[-87.954575,41.682528],[-87.954585,41.682535],[-87.954597,41.68254],[-87.954606,41.682539],[-87.954617,41.682533],[-87.95462,41.682523],[-87.954626,41.682513],[-87.954633,41.682508],[-87.954646,41.68251],[-87.954652,41.682521],[-87.954663,41.682525],[-87.954674,41.682521],[-87.954686,41.682514],[-87.954688,41.682506],[-87.954689,41.682492],[-87.954687,41.682482],[-87.954684,41.682468],[-87.954676,41.682457],[-87.954672,41.682447],[-87.95467,41.682432],[-87.954664,41.68242],[-87.954649,41.682408],[-87.954636,41.682403]]]},"properties":{"feature_id":"bunker-osm-w1508009411","layer":"bunker","holes":[16],"source":"osm","osm_id":"way/1508009411","osm_version":1,"verified":false}},{"type":"Feature","geometry":{"type":"Polygon","coordinates":[[[-87.954767,41.682611],[-87.954762,41.682598],[-87.954754,41.682581],[-87.954745,41.682571],[-87.954732,41.682563],[-87.954716,41.682559],[-87.954696,41.68256],[-87.954682,41.682564],[-87.954671,41.682572],[-87.95466,41.68258],[-87.954649,41.682589],[-87.954646,41.682601],[-87.95465,41.682613],[-87.95466,41.682619],[-87.954671,41.682621],[-87.954683,41.682616],[-87.95469,41.68261],[-87.954706,41.682609],[-87.954717,41.682615],[-87.954723,41.682622],[-87.954729,41.682632],[-87.954725,41.682644],[-87.954715,41.68265],[-87.954707,41.682659],[-87.954707,41.682672],[-87.954713,41.682683],[-87.954725,41.68269],[-87.954737,41.682691],[-87.954756,41.682687],[-87.954767,41.682681],[-87.954773,41.682674],[-87.954778,41.682662],[-87.954777,41.682648],[-87.954774,41.682633],[-87.954767,41.682611]]]},"properties":{"feature_id":"bunker-osm-w1508009412","layer":"bunker","holes":[16],"source":"osm","osm_id":"way/1508009412","osm_version":1,"verified":false}},{"type":"Feature","geometry":{"type":"Polygon","coordinates":[[[-87.955727,41.683455],[-87.955732,41.683466],[-87.955732,41.68348],[-87.955725,41.68349],[-87.955713,41.683497],[-87.955699,41.683497],[-87.955684,41.683492],[-87.955672,41.683485],[-87.95567,41.683472],[-87.955662,41.683461],[-87.955655,41.683447],[-87.955651,41.683433],[-87.955642,41.683424],[-87.955624,41.683417],[-87.955607,41.68342],[-87.955601,41.68343],[-87.955607,41.683444],[-87.955616,41.683452],[-87.955623,41.683464],[-87.955617,41.683475],[-87.955603,41.683481],[-87.955587,41.68348],[-87.955576,41.683473],[-87.955566,41.683463],[-87.955557,41.683452],[-87.955547,41.68344],[-87.955544,41.683426],[-87.955545,41.68341],[-87.955548,41.683396],[-87.955558,41.683383],[-87.95557,41.68337],[-87.955588,41.683365],[-87.95561,41.683363],[-87.955631,41.683366],[-87.955652,41.683373],[-87.955671,41.68338],[-87.955693,41.683387],[-87.955714,41.683395],[-87.955726,41.683402],[-87.955733,41.683412],[-87.955729,41.683427],[-87.955722,41.68344],[-87.955727,41.683455]]]},"properties":{"feature_id":"bunker-osm-w1508009413","layer":"bunker","holes":[16],"source":"osm","osm_id":"way/1508009413","osm_version":1,"verified":false}},{"type":"Feature","geometry":{"type":"Polygon","coordinates":[[[-87.955436,41.68351],[-87.95542,41.683504],[-87.955406,41.683501],[-87.955388,41.683498],[-87.955371,41.6835],[-87.955355,41.683508],[-87.955345,41.683521],[-87.955342,41.683536],[-87.955344,41.683553],[-87.955352,41.683562],[-87.955364,41.683565],[-87.955376,41.683562],[-87.955389,41.68355],[-87.955403,41.683546],[-87.955416,41.683549],[-87.955425,41.683558],[-87.955425,41.683576],[-87.955426,41.683589],[-87.955439,41.683598],[-87.955456,41.683601],[-87.95547,41.683594],[-87.95548,41.683588],[-87.955489,41.683578],[-87.955487,41.683564],[-87.955482,41.68355],[-87.955476,41.683539],[-87.955467,41.683529],[-87.955454,41.68352],[-87.955436,41.68351]]]},"properties":{"feature_id":"bunker-osm-w1508009414","layer":"bunker","holes":[16],"source":"osm","osm_id":"way/1508009414","osm_version":1,"verified":false}},{"type":"Feature","geometry":{"type":"Polygon","coordinates":[[[-87.955697,41.68374],[-87.955682,41.683736],[-87.95567,41.68373],[-87.955649,41.683726],[-87.955626,41.683723],[-87.955602,41.683726],[-87.955582,41.683732],[-87.955572,41.683742],[-87.955567,41.683761],[-87.955571,41.683773],[-87.955574,41.683788],[-87.955585,41.683798],[-87.955601,41.683799],[-87.955615,41.683791],[-87.95562,41.683776],[-87.955624,41.683769],[-87.955636,41.683766],[-87.955653,41.683768],[-87.955664,41.683776],[-87.95567,41.683789],[-87.955681,41.683796],[-87.955693,41.683795],[-87.955709,41.683789],[-87.955716,41.683779],[-87.95572,41.683769],[-87.955721,41.683757],[-87.955715,41.683746],[-87.955697,41.68374]]]},"properties":{"feature_id":"bunker-osm-w1508009415","layer":"bunker","holes":[16],"source":"osm","osm_id":"way/1508009415","osm_version":1,"verified":false}},{"type":"Feature","geometry":{"type":"Polygon","coordinates":[[[-87.954489,41.681415],[-87.954479,41.681424],[-87.954473,41.681437],[-87.954467,41.681447],[-87.954452,41.681455],[-87.954441,41.681465],[-87.954444,41.681475],[-87.954457,41.681481],[-87.954471,41.681482],[-87.954485,41.681483],[-87.954493,41.681491],[-87.954493,41.6815],[-87.954485,41.68151],[-87.954475,41.681518],[-87.954466,41.681528],[-87.954458,41.68154],[-87.954444,41.68155],[-87.954432,41.681559],[-87.954413,41.681565],[-87.954393,41.681571],[-87.954372,41.681573],[-87.954345,41.681574],[-87.954322,41.681573],[-87.954307,41.681569],[-87.954283,41.681563],[-87.954261,41.681556],[-87.954245,41.681551],[-87.954229,41.68154],[-87.954216,41.681529],[-87.954204,41.681517],[-87.954198,41.681504],[-87.954199,41.681488],[-87.954209,41.68148],[-87.954223,41.681483],[-87.95423,41.681491],[-87.954235,41.6815],[-87.954246,41.681505],[-87.954259,41.681508],[-87.954267,41.681501],[-87.954267,41.681489],[-87.954255,41.681479],[-87.95425,41.681469],[-87.954258,41.681459],[-87.954274,41.681456],[-87.954297,41.681455],[-87.954314,41.68146],[-87.954322,41.681467],[-87.954326,41.68148],[-87.954326,41.681495],[-87.954322,41.681507],[-87.95432,41.68152],[-87.954325,41.68153],[-87.954338,41.681535],[-87.954355,41.681535],[-87.954372,41.681535],[-87.954381,41.681528],[-87.954386,41.681516],[-87.954381,41.681504],[-87.954377,41.681494],[-87.954377,41.681483],[-87.954381,41.68147],[-87.954377,41.68146],[-87.954365,41.681452],[-87.954365,41.681442],[-87.954371,41.681432],[-87.954381,41.681429],[-87.954397,41.681427],[-87.954408,41.68142],[-87.954411,41.681411],[-87.954409,41.6814],[-87.954399,41.68139],[-87.9544,41.681383],[-87.954401,41.681371],[-87.954389,41.681363],[-87.954388,41.681353],[-87.954391,41.681341],[-87.954402,41.681336],[-87.954418,41.68134],[-87.954428,41.681347],[-87.954436,41.681357],[-87.95444,41.681367],[-87.954449,41.681372],[-87.954462,41.681371],[-87.954469,41.681361],[-87.954471,41.681349],[-87.954466,41.681336],[-87.954458,41.681326],[-87.954448,41.681316],[-87.954438,41.681302],[-87.954427,41.681296],[-87.954421,41.681285],[-87.954422,41.681276],[-87.954434,41.681265],[-87.954448,41.68126],[-87.954468,41.68126],[-87.954486,41.681264],[-87.9545,41.681273],[-87.954511,41.681284],[-87.954519,41.681296],[-87.954527,41.681311],[-87.95453,41.681324],[-87.95453,41.68134],[-87.95453,41.681353],[-87.954526,41.681367],[-87.954522,41.681378],[-87.954516,41.681389],[-87.954511,41.681399],[-87.954499,41.681408],[-87.954489,41.681415]]]},"properties":{"feature_id":"bunker-osm-w1508018769","layer":"bunker","holes":[17],"source":"osm","osm_id":"way/1508018769","osm_version":1,"verified":false}},{"type":"Feature","geometry":{"type":"Polygon","coordinates":[[[-87.954092,41.681298],[-87.954086,41.681309],[-87.954072,41.68132],[-87.954054,41.681324],[-87.954037,41.68132],[-87.954027,41.681313],[-87.954017,41.681306],[-87.954005,41.681289],[-87.953998,41.681274],[-87.953997,41.681257],[-87.953998,41.681247],[-87.954005,41.681237],[-87.954017,41.681226],[-87.954033,41.681221],[-87.95405,41.681223],[-87.954055,41.681231],[-87.954055,41.681241],[-87.954054,41.681251],[-87.954059,41.681257],[-87.954072,41.68126],[-87.954086,41.681256],[-87.954096,41.681246],[-87.954102,41.681235],[-87.954104,41.681224],[-87.954104,41.68121],[-87.954108,41.681197],[-87.954121,41.681191],[-87.954139,41.681189],[-87.954155,41.681191],[-87.95417,41.681196],[-87.95418,41.681204],[-87.954186,41.681219],[-87.954185,41.68123],[-87.954182,41.681243],[-87.954174,41.681251],[-87.954161,41.681259],[-87.954145,41.681263],[-87.95413,41.681267],[-87.954114,41.681274],[-87.954103,41.681284],[-87.954092,41.681298]]]},"properties":{"feature_id":"bunker-osm-w1508018770","layer":"bunker","holes":[17],"source":"osm","osm_id":"way/1508018770","osm_version":1,"verified":false}},{"type":"Feature","geometry":{"type":"Polygon","coordinates":[[[-87.953877,41.682071],[-87.953865,41.682089],[-87.953867,41.682108],[-87.95387,41.682126],[-87.953867,41.682141],[-87.953857,41.682154],[-87.953843,41.682162],[-87.953823,41.682166],[-87.953806,41.682163],[-87.953788,41.682157],[-87.953776,41.682143],[-87.953772,41.682129],[-87.953769,41.682116],[-87.953774,41.6821],[-87.953781,41.682093],[-87.953798,41.682091],[-87.953808,41.682087],[-87.953817,41.682077],[-87.953819,41.682066],[-87.953808,41.682053],[-87.953795,41.682039],[-87.953784,41.682029],[-87.953777,41.682014],[-87.953778,41.682002],[-87.953785,41.68199],[-87.9538,41.681978],[-87.95382,41.681982],[-87.953829,41.681994],[-87.953836,41.682007],[-87.953848,41.682018],[-87.953861,41.682017],[-87.953869,41.682008],[-87.953872,41.681993],[-87.953869,41.681979],[-87.953861,41.681967],[-87.953849,41.681952],[-87.953842,41.681937],[-87.953853,41.681921],[-87.953868,41.681914],[-87.953892,41.681915],[-87.953907,41.681922],[-87.953917,41.681937],[-87.953922,41.681954],[-87.953921,41.681968],[-87.953917,41.68198],[-87.953923,41.681991],[-87.953928,41.682003],[-87.953926,41.682017],[-87.953921,41.68203],[-87.95391,41.682038],[-87.953896,41.68205],[-87.953883,41.682061],[-87.953877,41.682071]]]},"properties":{"feature_id":"bunker-osm-w1508018771","layer":"bunker","holes":[18],"source":"osm","osm_id":"way/1508018771","osm_version":1,"verified":false}},{"type":"Feature","geometry":{"type":"Polygon","coordinates":[[[-87.95384,41.682396],[-87.953841,41.682408],[-87.953843,41.682421],[-87.953843,41.682433],[-87.953839,41.682446],[-87.953833,41.682457],[-87.953824,41.682465],[-87.953813,41.682471],[-87.953795,41.682473],[-87.95378,41.68247],[-87.953772,41.682463],[-87.953761,41.682457],[-87.953753,41.682452],[-87.953738,41.682447],[-87.953726,41.68244],[-87.953717,41.682429],[-87.953709,41.682418],[-87.953708,41.682406],[-87.95371,41.682398],[-87.953715,41.682389],[-87.953725,41.682385],[-87.953739,41.682386],[-87.953751,41.682393],[-87.953761,41.682401],[-87.95377,41.682406],[-87.953781,41.682406],[-87.953792,41.6824],[-87.953798,41.682389],[-87.953796,41.682379],[-87.953786,41.682369],[-87.953771,41.682361],[-87.953762,41.682354],[-87.95376,41.682345],[-87.953765,41.682334],[-87.953778,41.682329],[-87.953794,41.682332],[-87.953804,41.68233],[-87.953815,41.682317],[-87.95381,41.682301],[-87.953799,41.682293],[-87.953786,41.682289],[-87.953778,41.682283],[-87.953769,41.682273],[-87.953765,41.682261],[-87.953767,41.682245],[-87.953775,41.682237],[-87.953796,41.682231],[-87.953814,41.682231],[-87.953826,41.682235],[-87.953841,41.682242],[-87.953854,41.68225],[-87.953865,41.68226],[-87.953869,41.682273],[-87.953871,41.682288],[-87.953871,41.682302],[-87.953871,41.682313],[-87.953868,41.682324],[-87.953863,41.682334],[-87.953861,41.682343],[-87.953859,41.682355],[-87.95385,41.682362],[-87.953843,41.68237],[-87.953839,41.682384],[-87.95384,41.682396]]]},"properties":{"feature_id":"bunker-osm-w1508018772","layer":"bunker","holes":[18],"source":"osm","osm_id":"way/1508018772","osm_version":1,"verified":false}},{"type":"Feature","geometry":{"type":"Polygon","coordinates":[[[-87.953831,41.682701],[-87.953825,41.682713],[-87.953814,41.682727],[-87.953802,41.682735],[-87.953786,41.682741],[-87.953768,41.682742],[-87.953748,41.682742],[-87.953725,41.682738],[-87.953711,41.682731],[-87.953702,41.682723],[-87.953696,41.682712],[-87.953694,41.682701],[-87.953694,41.682688],[-87.953702,41.682678],[-87.953714,41.682673],[-87.953727,41.682678],[-87.953738,41.682685],[-87.953749,41.68269],[-87.953761,41.682689],[-87.953773,41.682683],[-87.953776,41.682671],[-87.953768,41.682662],[-87.953759,41.682654],[-87.953747,41.682645],[-87.953735,41.682638],[-87.953731,41.682627],[-87.953737,41.682615],[-87.953752,41.682609],[-87.953765,41.682605],[-87.953772,41.682596],[-87.953771,41.682582],[-87.953759,41.682571],[-87.953748,41.682561],[-87.953742,41.682548],[-87.953745,41.682536],[-87.953757,41.682526],[-87.953775,41.682522],[-87.953797,41.682523],[-87.953812,41.682528],[-87.953824,41.682538],[-87.953831,41.682549],[-87.953834,41.682567],[-87.95383,41.682578],[-87.953828,41.682596],[-87.953832,41.68261],[-87.953839,41.682622],[-87.953845,41.682638],[-87.953848,41.682651],[-87.953845,41.682665],[-87.953839,41.682684],[-87.953831,41.682701]]]},"properties":{"feature_id":"bunker-osm-w1508018773","layer":"bunker","holes":[17],"source":"osm","osm_id":"way/1508018773","osm_version":1,"verified":false}},{"type":"Feature","geometry":{"type":"Polygon","coordinates":[[[-87.952893,41.679506],[-87.952885,41.679517],[-87.952878,41.679525],[-87.952865,41.67953],[-87.952853,41.679529],[-87.952842,41.679525],[-87.952832,41.679521],[-87.952815,41.679518],[-87.952805,41.679513],[-87.952797,41.679505],[-87.952796,41.679496],[-87.952801,41.679486],[-87.952809,41.679481],[-87.952824,41.679481],[-87.952832,41.679485],[-87.952843,41.679489],[-87.952856,41.67949],[-87.952862,41.679486],[-87.952864,41.679475],[-87.952862,41.679466],[-87.952856,41.679458],[-87.952846,41.679451],[-87.952834,41.679446],[-87.952825,41.67944],[-87.952825,41.679428],[-87.95283,41.679416],[-87.952839,41.679408],[-87.952854,41.679402],[-87.952872,41.679401],[-87.952893,41.679403],[-87.952908,41.679412],[-87.952912,41.679421],[-87.952914,41.679435],[-87.952911,41.679448],[-87.952913,41.679458],[-87.952916,41.67947],[-87.952909,41.679482],[-87.952903,41.679494],[-87.952893,41.679506]]]},"properties":{"feature_id":"bunker-osm-w1508018774","layer":"bunker","holes":[18],"source":"osm","osm_id":"way/1508018774","osm_version":1,"verified":false}},{"type":"Feature","geometry":{"type":"Polygon","coordinates":[[[-87.952892,41.6798],[-87.952893,41.679816],[-87.952891,41.679831],[-87.952888,41.679846],[-87.952882,41.679862],[-87.952872,41.679875],[-87.952856,41.679886],[-87.952839,41.67989],[-87.95282,41.67989],[-87.9528,41.679886],[-87.952792,41.679875],[-87.952785,41.679861],[-87.952775,41.679854],[-87.952757,41.679846],[-87.952745,41.679837],[-87.952734,41.679826],[-87.952729,41.679813],[-87.952732,41.679802],[-87.952742,41.679795],[-87.952759,41.679793],[-87.952775,41.679798],[-87.952784,41.679808],[-87.952792,41.679817],[-87.952803,41.679823],[-87.952816,41.679823],[-87.952831,41.679815],[-87.952835,41.6798],[-87.952828,41.679789],[-87.952815,41.679781],[-87.952798,41.679772],[-87.952779,41.679762],[-87.952765,41.679755],[-87.952756,41.679746],[-87.95275,41.679734],[-87.95275,41.679722],[-87.952753,41.679711],[-87.952763,41.679704],[-87.952778,41.679704],[-87.952792,41.679714],[-87.952802,41.679724],[-87.952815,41.679731],[-87.952835,41.679735],[-87.952842,41.679726],[-87.952842,41.679711],[-87.952829,41.6797],[-87.952817,41.679689],[-87.952804,41.679674],[-87.952802,41.67966],[-87.952814,41.679649],[-87.952834,41.679645],[-87.952852,41.679645],[-87.952869,41.679649],[-87.952883,41.679658],[-87.952888,41.679672],[-87.952889,41.679685],[-87.952889,41.679701],[-87.952888,41.679718],[-87.952886,41.679734],[-87.952882,41.679752],[-87.952885,41.67977],[-87.952889,41.679785],[-87.952892,41.6798]]]},"properties":{"feature_id":"bunker-osm-w1508018775","layer":"bunker","holes":[18],"source":"osm","osm_id":"way/1508018775","osm_version":1,"verified":false}},{"type":"Feature","geometry":{"type":"Polygon","coordinates":[[[-87.953351,41.679642],[-87.953337,41.679646],[-87.953325,41.679651],[-87.953311,41.679657],[-87.953298,41.679662],[-87.953281,41.679662],[-87.953265,41.679664],[-87.953251,41.679661],[-87.953241,41.679657],[-87.953234,41.679649],[-87.953231,41.679636],[-87.953235,41.679625],[-87.953237,41.679612],[-87.953235,41.679601],[-87.953228,41.679592],[-87.953225,41.679581],[-87.95323,41.67957],[-87.953235,41.679555],[-87.953237,41.679543],[-87.95323,41.679531],[-87.953221,41.67952],[-87.953211,41.67951],[-87.953201,41.679497],[-87.953194,41.679488],[-87.953189,41.679478],[-87.953191,41.679464],[-87.953199,41.679454],[-87.953214,41.679445],[-87.953231,41.679439],[-87.953245,41.679434],[-87.953263,41.679435],[-87.953277,41.679442],[-87.953288,41.67945],[-87.953292,41.679465],[-87.953287,41.679474],[-87.953276,41.679481],[-87.953269,41.67949],[-87.953267,41.679504],[-87.953275,41.679511],[-87.953288,41.679513],[-87.9533,41.679509],[-87.953312,41.679503],[-87.953328,41.679504],[-87.953339,41.679509],[-87.953348,41.679521],[-87.953345,41.679531],[-87.953339,41.67954],[-87.953327,41.679546],[-87.95331,41.67955],[-87.953298,41.679559],[-87.953292,41.679565],[-87.95329,41.679579],[-87.95329,41.679591],[-87.953288,41.679599],[-87.953293,41.679607],[-87.953307,41.679613],[-87.953318,41.679613],[-87.95333,41.679609],[-87.95334,41.6796],[-87.953348,41.67959],[-87.953359,41.679578],[-87.953367,41.679571],[-87.95338,41.679567],[-87.953394,41.679565],[-87.953407,41.679573],[-87.953412,41.679582],[-87.953413,41.679593],[-87.953407,41.679603],[-87.953404,41.679615],[-87.953398,41.679625],[-87.953389,41.679632],[-87.953377,41.679638],[-87.953364,41.679641],[-87.953351,41.679642]]]},"properties":{"feature_id":"bunker-osm-w1508018776","layer":"bunker","holes":[18],"source":"osm","osm_id":"way/1508018776","osm_version":1,"verified":false}},{"type":"Feature","geometry":{"type":"Polygon","coordinates":[[[-87.953454,41.678269],[-87.953444,41.678272],[-87.953436,41.67828],[-87.953429,41.678292],[-87.953423,41.678302],[-87.953415,41.678309],[-87.953404,41.678313],[-87.953387,41.678312],[-87.953372,41.678308],[-87.953357,41.678304],[-87.953347,41.678299],[-87.953342,41.678291],[-87.953343,41.678281],[-87.953353,41.678275],[-87.953359,41.678269],[-87.953361,41.678261],[-87.953356,41.678252],[-87.953344,41.678246],[-87.953331,41.678245],[-87.953323,41.678241],[-87.953317,41.678234],[-87.953313,41.678223],[-87.953308,41.678215],[-87.953311,41.678206],[-87.95332,41.6782],[-87.953329,41.678197],[-87.953336,41.678187],[-87.953338,41.678174],[-87.953328,41.678168],[-87.953321,41.678163],[-87.953318,41.678152],[-87.95332,41.678142],[-87.953329,41.678134],[-87.953342,41.678128],[-87.953356,41.678125],[-87.95337,41.678124],[-87.953384,41.678123],[-87.953394,41.678129],[-87.9534,41.678138],[-87.953405,41.678151],[-87.953402,41.67816],[-87.953398,41.678166],[-87.953387,41.678173],[-87.953381,41.67818],[-87.953376,41.678191],[-87.953374,41.6782],[-87.95337,41.678208],[-87.953369,41.678221],[-87.953375,41.67823],[-87.953381,41.678238],[-87.953386,41.67825],[-87.953393,41.678255],[-87.953404,41.678257],[-87.953416,41.678256],[-87.953423,41.678246],[-87.953428,41.678235],[-87.953436,41.678228],[-87.953451,41.678226],[-87.953461,41.678232],[-87.953468,41.678239],[-87.953471,41.678248],[-87.953471,41.678257],[-87.953466,41.678265],[-87.953454,41.678269]]]},"properties":{"feature_id":"bunker-osm-w1508018777","layer":"bunker","holes":[18],"source":"osm","osm_id":"way/1508018777","osm_version":1,"verified":false}},{"type":"Feature","geometry":{"type":"Polygon","coordinates":[[[-87.947822,41.678101],[-87.947835,41.678112],[-87.947845,41.678128],[-87.947846,41.678147],[-87.947841,41.678167],[-87.947837,41.678185],[-87.947834,41.678205],[-87.947834,41.678221],[-87.94784,41.678238],[-87.947851,41.67825],[-87.947868,41.678265],[-87.947883,41.678279],[-87.947889,41.678297],[-87.947884,41.678312],[-87.947873,41.678323],[-87.947851,41.678333],[-87.947832,41.678334],[-87.947809,41.678335],[-87.94778,41.678333],[-87.947758,41.678327],[-87.947737,41.678324],[-87.947715,41.678322],[-87.947685,41.678322],[-87.947657,41.678322],[-87.947634,41.67832],[-87.94761,41.678316],[-87.947592,41.678306],[-87.947576,41.678294],[-87.947567,41.678279],[-87.947564,41.678262],[-87.947568,41.678248],[-87.947582,41.678235],[-87.9476,41.678225],[-87.947624,41.678218],[-87.947646,41.678207],[-87.947664,41.678191],[-87.947677,41.678174],[-87.947684,41.678149],[-87.947694,41.678129],[-87.947701,41.678117],[-87.947717,41.678106],[-87.947735,41.678096],[-87.947756,41.67809],[-87.947785,41.678088],[-87.947808,41.678093],[-87.947822,41.678101]]]},"properties":{"feature_id":"green-osm-w1240073848","layer":"green","holes":[1],"source":"osm","osm_id":"way/1240073848","osm_version":2,"verified":false}},{"type":"Feature","geometry":{"type":"Polygon","coordinates":[[[-87.947676,41.679154],[-87.94769,41.679167],[-87.947707,41.679179],[-87.947722,41.679192],[-87.947736,41.679206],[-87.947742,41.679221],[-87.947743,41.679236],[-87.947738,41.679249],[-87.947727,41.67926],[-87.947713,41.679267],[-87.947693,41.679274],[-87.94767,41.679274],[-87.947646,41.679271],[-87.947623,41.679265],[-87.9476,41.67926],[-87.947574,41.679255],[-87.947549,41.67925],[-87.947523,41.679246],[-87.9475,41.679246],[-87.947477,41.679249],[-87.947454,41.679255],[-87.947428,41.67926],[-87.947406,41.67926],[-87.947385,41.679256],[-87.947368,41.679245],[-87.947358,41.67923],[-87.947355,41.679214],[-87.947356,41.679198],[-87.947363,41.679185],[-87.947374,41.679173],[-87.947392,41.679164],[-87.947415,41.679157],[-87.947436,41.67915],[-87.947455,41.679139],[-87.94747,41.679124],[-87.947479,41.679109],[-87.947488,41.679092],[-87.947498,41.679078],[-87.947512,41.679066],[-87.947532,41.679057],[-87.947553,41.679052],[-87.947577,41.679052],[-87.947601,41.679058],[-87.947616,41.679068],[-87.947633,41.679082],[-87.947644,41.6791],[-87.947648,41.679108],[-87.947655,41.679122],[-87.947663,41.679138],[-87.947676,41.679154]]]},"properties":{"feature_id":"green-osm-w1240073855","layer":"green","holes":[2],"source":"osm","osm_id":"way/1240073855","osm_version":3,"verified":false}},{"type":"Feature","geometry":{"type":"Polygon","coordinates":[[[-87.946464,41.680223],[-87.946454,41.680234],[-87.946444,41.68025],[-87.946443,41.680267],[-87.946444,41.68029],[-87.946444,41.680313],[-87.946439,41.680335],[-87.946432,41.680357],[-87.94642,41.680379],[-87.946405,41.680394],[-87.946376,41.680411],[-87.946346,41.680423],[-87.946325,41.680433],[-87.94631,41.680447],[-87.946297,41.680459],[-87.946276,41.680466],[-87.946255,41.680466],[-87.946238,41.680457],[-87.946221,41.680445],[-87.946205,41.680427],[-87.94619,41.68041],[-87.946178,41.680395],[-87.946167,41.680369],[-87.946167,41.680346],[-87.946171,41.680327],[-87.94618,41.680312],[-87.946195,41.680296],[-87.946214,41.680286],[-87.94624,41.680279],[-87.946261,41.680271],[-87.94628,41.680263],[-87.946294,41.680249],[-87.946306,41.68023],[-87.946313,41.680211],[-87.946325,41.680189],[-87.946337,41.680168],[-87.94635,41.680151],[-87.946366,41.68014],[-87.946385,41.680133],[-87.946408,41.680131],[-87.946433,41.680135],[-87.946453,41.680145],[-87.946467,41.680155],[-87.946476,41.68017],[-87.946483,41.680187],[-87.94648,41.680201],[-87.946472,41.680214],[-87.946464,41.680223]]]},"properties":{"feature_id":"green-osm-w1240077940","layer":"green","holes":[4],"source":"osm","osm_id":"way/1240077940","osm_version":2,"verified":false}},{"type":"Feature","geometry":{"type":"Polygon","coordinates":[[[-87.94156,41.682648],[-87.941534,41.682652],[-87.941508,41.682654],[-87.941469,41.682652],[-87.941437,41.682646],[-87.941404,41.682633],[-87.94137,41.682616],[-87.941343,41.682596],[-87.941319,41.682573],[-87.941302,41.682548],[-87.941295,41.682526],[-87.9413,41.682508],[-87.94131,41.682495],[-87.941328,41.682488],[-87.941347,41.682482],[-87.941371,41.682478],[-87.941395,41.682478],[-87.941414,41.68248],[-87.941436,41.682483],[-87.941462,41.682484],[-87.941491,41.68248],[-87.94152,41.682473],[-87.941553,41.68247],[-87.941585,41.682471],[-87.941612,41.682473],[-87.941633,41.682479],[-87.941656,41.68249],[-87.941671,41.682505],[-87.94168,41.68252],[-87.941688,41.682533],[-87.941693,41.682557],[-87.94169,41.682578],[-87.941681,41.682594],[-87.941662,41.682607],[-87.941634,41.682618],[-87.941615,41.682627],[-87.941598,41.682636],[-87.94156,41.682648]]]},"properties":{"feature_id":"green-osm-w1240077947","layer":"green","holes":[5],"source":"osm","osm_id":"way/1240077947","osm_version":3,"verified":false}},{"type":"Feature","geometry":{"type":"Polygon","coordinates":[[[-87.940387,41.684182],[-87.940407,41.684208],[-87.940425,41.684222],[-87.940444,41.684234],[-87.940468,41.684243],[-87.940492,41.684253],[-87.940512,41.684264],[-87.940524,41.684278],[-87.940529,41.684294],[-87.94052,41.684312],[-87.940502,41.684328],[-87.940473,41.68434],[-87.940436,41.68435],[-87.940405,41.684359],[-87.940383,41.68437],[-87.940362,41.684384],[-87.940339,41.684394],[-87.940322,41.684402],[-87.940304,41.684403],[-87.94029,41.6844],[-87.940275,41.684393],[-87.94026,41.68438],[-87.940247,41.684369],[-87.940231,41.684355],[-87.94021,41.684344],[-87.940187,41.684335],[-87.940167,41.684319],[-87.940156,41.684303],[-87.940156,41.684284],[-87.940166,41.684266],[-87.940183,41.684251],[-87.940199,41.684238],[-87.940219,41.684225],[-87.940238,41.684212],[-87.940249,41.684196],[-87.94026,41.684177],[-87.94027,41.684165],[-87.94029,41.684155],[-87.94031,41.68415],[-87.940333,41.684151],[-87.940354,41.684158],[-87.940373,41.684168],[-87.940387,41.684182]]]},"properties":{"feature_id":"green-osm-w1240079969","layer":"green","holes":[6],"source":"osm","osm_id":"way/1240079969","osm_version":2,"verified":false}},{"type":"Feature","geometry":{"type":"Polygon","coordinates":[[[-87.943672,41.683033],[-87.943691,41.683038],[-87.943714,41.683042],[-87.943739,41.683046],[-87.943759,41.683056],[-87.943775,41.683068],[-87.943786,41.683085],[-87.943785,41.683102],[-87.943775,41.683116],[-87.943757,41.683129],[-87.943738,41.683136],[-87.943712,41.683139],[-87.943693,41.68314],[-87.943674,41.683141],[-87.943656,41.683141],[-87.943636,41.683145],[-87.943621,41.683153],[-87.943612,41.683165],[-87.943606,41.683177],[-87.943596,41.683189],[-87.943582,41.683199],[-87.943566,41.683206],[-87.943547,41.683206],[-87.94353,41.683199],[-87.94352,41.683191],[-87.94351,41.683176],[-87.943502,41.683158],[-87.94349,41.683142],[-87.943474,41.683132],[-87.943455,41.683126],[-87.943433,41.683121],[-87.943413,41.683116],[-87.943397,41.683108],[-87.943392,41.683097],[-87.94339,41.683084],[-87.943395,41.683074],[-87.943405,41.683066],[-87.943415,41.683061],[-87.943427,41.683058],[-87.943449,41.68305],[-87.943466,41.683044],[-87.943479,41.683037],[-87.943492,41.683029],[-87.943502,41.683018],[-87.943508,41.683004],[-87.943514,41.682989],[-87.94352,41.682979],[-87.943531,41.682969],[-87.943542,41.682963],[-87.943557,41.682959],[-87.943575,41.682958],[-87.943592,41.682962],[-87.943608,41.682974],[-87.94362,41.682986],[-87.94363,41.682999],[-87.943641,41.683013],[-87.943654,41.683026],[-87.943672,41.683033]]]},"properties":{"feature_id":"green-osm-w1240082500","layer":"green","holes":[7],"source":"osm","osm_id":"way/1240082500","osm_version":2,"verified":false}},{"type":"Feature","geometry":{"type":"Polygon","coordinates":[[[-87.946861,41.681286],[-87.946847,41.681273],[-87.946833,41.681262],[-87.94681,41.681251],[-87.946787,41.681247],[-87.946765,41.681251],[-87.946745,41.681262],[-87.946732,41.681276],[-87.946713,41.681287],[-87.946685,41.6813],[-87.946655,41.681315],[-87.946627,41.68133],[-87.946608,41.681344],[-87.946592,41.681354],[-87.946582,41.681371],[-87.946582,41.681385],[-87.946587,41.681398],[-87.946595,41.681407],[-87.946607,41.681413],[-87.946631,41.681417],[-87.946654,41.681418],[-87.946666,41.681419],[-87.94669,41.681419],[-87.946722,41.681424],[-87.946741,41.681431],[-87.946767,41.681444],[-87.946785,41.681456],[-87.946805,41.681466],[-87.946825,41.681475],[-87.946847,41.68148],[-87.946867,41.681482],[-87.946891,41.68148],[-87.946909,41.681475],[-87.946923,41.681466],[-87.946932,41.681451],[-87.946937,41.681433],[-87.946936,41.68141],[-87.94693,41.681386],[-87.946922,41.681369],[-87.946914,41.68135],[-87.946899,41.681329],[-87.946881,41.681306],[-87.946861,41.681286]]]},"properties":{"feature_id":"green-osm-w1240082508","layer":"green","holes":[8],"source":"osm","osm_id":"way/1240082508","osm_version":4,"verified":false}},{"type":"Feature","geometry":{"type":"Polygon","coordinates":[[[-87.950284,41.676529],[-87.950267,41.676511],[-87.95025,41.676496],[-87.950228,41.676483],[-87.950202,41.676472],[-87.950171,41.676463],[-87.950134,41.67646],[-87.950107,41.676465],[-87.950083,41.676479],[-87.950074,41.676496],[-87.950075,41.676518],[-87.950078,41.676541],[-87.950079,41.676563],[-87.95008,41.676581],[-87.950075,41.6766],[-87.950063,41.676623],[-87.950053,41.676644],[-87.950048,41.676661],[-87.950048,41.676678],[-87.95005,41.676697],[-87.950065,41.676715],[-87.950079,41.676725],[-87.950102,41.676729],[-87.950129,41.676726],[-87.950149,41.676719],[-87.950166,41.676704],[-87.95018,41.676691],[-87.950199,41.67668],[-87.950217,41.676669],[-87.950235,41.676661],[-87.950258,41.676648],[-87.950273,41.676637],[-87.950288,41.676623],[-87.950298,41.676604],[-87.9503,41.676578],[-87.950296,41.676552],[-87.950284,41.676529]]]},"properties":{"feature_id":"green-osm-w1240082510","layer":"green","holes":[9],"source":"osm","osm_id":"way/1240082510","osm_version":1,"verified":false}},{"type":"Feature","geometry":{"type":"Polygon","coordinates":[[[-87.95044,41.679326],[-87.950442,41.679345],[-87.950447,41.67936],[-87.950457,41.679375],[-87.950468,41.679389],[-87.950474,41.679405],[-87.950474,41.679421],[-87.950467,41.679433],[-87.950454,41.679444],[-87.950439,41.679451],[-87.95042,41.679452],[-87.950399,41.679448],[-87.950379,41.67944],[-87.950363,41.67943],[-87.950346,41.67942],[-87.950324,41.679411],[-87.950303,41.679403],[-87.950283,41.679396],[-87.950259,41.67939],[-87.950234,41.679388],[-87.950205,41.679385],[-87.950181,41.679381],[-87.950159,41.679378],[-87.950136,41.67937],[-87.950112,41.679361],[-87.950095,41.679349],[-87.950083,41.679335],[-87.950081,41.679319],[-87.950085,41.679305],[-87.9501,41.679294],[-87.950119,41.679286],[-87.950142,41.679278],[-87.950161,41.679271],[-87.95018,41.679259],[-87.950195,41.679251],[-87.95021,41.679244],[-87.950231,41.679241],[-87.950252,41.679242],[-87.95027,41.679248],[-87.950282,41.679252],[-87.950293,41.679257],[-87.950314,41.679264],[-87.950331,41.679267],[-87.950349,41.679267],[-87.950368,41.67926],[-87.950381,41.679255],[-87.950397,41.679252],[-87.950415,41.679256],[-87.95043,41.679263],[-87.950438,41.679276],[-87.950443,41.679292],[-87.950442,41.679308],[-87.95044,41.679326]]]},"properties":{"feature_id":"green-osm-w1240086710","layer":"green","holes":[10],"source":"osm","osm_id":"way/1240086710","osm_version":2,"verified":false}},{"type":"Feature","geometry":{"type":"Polygon","coordinates":[[[-87.953799,41.683748],[-87.953785,41.683733],[-87.953768,41.683726],[-87.953747,41.683724],[-87.953723,41.683728],[-87.953701,41.683737],[-87.95368,41.683748],[-87.953664,41.683759],[-87.953641,41.683767],[-87.953619,41.683773],[-87.953601,41.683775],[-87.953585,41.683782],[-87.953569,41.683796],[-87.953561,41.683815],[-87.953564,41.683833],[-87.953573,41.683847],[-87.953584,41.683862],[-87.953596,41.68388],[-87.9536,41.683901],[-87.953605,41.683922],[-87.95361,41.683941],[-87.953618,41.683959],[-87.953635,41.683971],[-87.953656,41.683979],[-87.953685,41.683979],[-87.953708,41.683972],[-87.953732,41.683966],[-87.953751,41.683963],[-87.953773,41.683963],[-87.953793,41.683968],[-87.953814,41.683971],[-87.953838,41.683975],[-87.953859,41.683977],[-87.953876,41.683974],[-87.953897,41.683967],[-87.953917,41.683959],[-87.953925,41.683947],[-87.953929,41.683934],[-87.95392,41.683916],[-87.953911,41.683903],[-87.953896,41.68389],[-87.953879,41.683881],[-87.953861,41.683871],[-87.953847,41.683863],[-87.953833,41.683852],[-87.953827,41.68384],[-87.953821,41.683824],[-87.953817,41.683807],[-87.953815,41.683785],[-87.953809,41.683763],[-87.953799,41.683748]]]},"properties":{"feature_id":"green-osm-w1240086714","layer":"green","holes":[11],"source":"osm","osm_id":"way/1240086714","osm_version":1,"verified":false}},{"type":"Feature","geometry":{"type":"Polygon","coordinates":[[[-87.953305,41.685736],[-87.9533,41.685754],[-87.953306,41.685777],[-87.953319,41.685797],[-87.953333,41.685815],[-87.953346,41.685834],[-87.953354,41.685852],[-87.953352,41.685871],[-87.953342,41.685885],[-87.953328,41.685897],[-87.953308,41.685906],[-87.95329,41.685912],[-87.953269,41.685922],[-87.953257,41.685932],[-87.953242,41.685946],[-87.95323,41.685961],[-87.953212,41.685968],[-87.953189,41.685971],[-87.953168,41.685968],[-87.95315,41.685962],[-87.953134,41.685949],[-87.953124,41.685937],[-87.953119,41.685919],[-87.95312,41.685902],[-87.953128,41.685885],[-87.953137,41.685864],[-87.953136,41.685843],[-87.953132,41.68582],[-87.953112,41.685796],[-87.95309,41.685774],[-87.953063,41.685757],[-87.953036,41.685735],[-87.953023,41.685718],[-87.953014,41.685699],[-87.953016,41.685678],[-87.953024,41.685666],[-87.953038,41.685653],[-87.953055,41.685644],[-87.953076,41.685635],[-87.953098,41.68563],[-87.953123,41.685628],[-87.95315,41.685631],[-87.953171,41.685637],[-87.953203,41.68564],[-87.953228,41.685641],[-87.953247,41.685639],[-87.953268,41.685637],[-87.953288,41.68564],[-87.953307,41.685647],[-87.953321,41.685659],[-87.953324,41.685677],[-87.953322,41.685696],[-87.953311,41.685718],[-87.953305,41.685736]]]},"properties":{"feature_id":"green-osm-w1240090791","layer":"green","holes":[12],"source":"osm","osm_id":"way/1240090791","osm_version":1,"verified":false}},{"type":"Feature","geometry":{"type":"Polygon","coordinates":[[[-87.955545,41.68498],[-87.955526,41.684983],[-87.955502,41.684984],[-87.955476,41.684983],[-87.95545,41.684981],[-87.955425,41.68498],[-87.955399,41.684982],[-87.955376,41.684986],[-87.955355,41.684993],[-87.955332,41.684999],[-87.955307,41.685004],[-87.95528,41.685008],[-87.955254,41.685008],[-87.955232,41.685006],[-87.955215,41.684999],[-87.955203,41.684987],[-87.955195,41.684974],[-87.955192,41.684959],[-87.955195,41.684942],[-87.955204,41.684931],[-87.955219,41.68492],[-87.955234,41.684909],[-87.955245,41.684898],[-87.955258,41.684884],[-87.955264,41.68487],[-87.955272,41.684853],[-87.955278,41.684839],[-87.955291,41.684825],[-87.955303,41.684813],[-87.955317,41.684805],[-87.955335,41.684799],[-87.955355,41.684798],[-87.955375,41.6848],[-87.955395,41.684806],[-87.955417,41.684816],[-87.955434,41.684826],[-87.955453,41.684836],[-87.95547,41.684842],[-87.955494,41.684848],[-87.955516,41.684854],[-87.955533,41.684859],[-87.955553,41.684865],[-87.955568,41.684874],[-87.955583,41.684887],[-87.955596,41.684903],[-87.955605,41.68492],[-87.955607,41.684934],[-87.955603,41.684948],[-87.955594,41.684961],[-87.955583,41.68497],[-87.955564,41.684976],[-87.955545,41.68498]]]},"properties":{"feature_id":"green-osm-w1240094380","layer":"green","holes":[14],"source":"osm","osm_id":"way/1240094380","osm_version":3,"verified":false}},{"type":"Feature","geometry":{"type":"Polygon","coordinates":[[[-87.956719,41.680223],[-87.956708,41.680211],[-87.956695,41.6802],[-87.956677,41.680189],[-87.956669,41.680182],[-87.956644,41.680172],[-87.956624,41.680166],[-87.956607,41.680166],[-87.956578,41.680169],[-87.956559,41.680172],[-87.956536,41.68018],[-87.956515,41.680186],[-87.956492,41.680195],[-87.956473,41.680203],[-87.956453,41.680212],[-87.956436,41.680221],[-87.956419,41.68023],[-87.956403,41.68024],[-87.956391,41.680252],[-87.956379,41.680267],[-87.956372,41.680281],[-87.956368,41.680293],[-87.956367,41.680309],[-87.956369,41.680322],[-87.95637,41.680334],[-87.956373,41.680343],[-87.956379,41.680356],[-87.956388,41.680367],[-87.956397,41.680371],[-87.956415,41.680377],[-87.956427,41.68038],[-87.956444,41.68038],[-87.956461,41.680381],[-87.95648,41.68038],[-87.956498,41.680379],[-87.956513,41.680377],[-87.956526,41.680375],[-87.956543,41.680371],[-87.95656,41.680366],[-87.956572,41.680359],[-87.956587,41.680353],[-87.956598,41.680345],[-87.956612,41.680337],[-87.956627,41.680331],[-87.956645,41.680326],[-87.956661,41.680324],[-87.956681,41.68032],[-87.956692,41.680316],[-87.956704,41.68031],[-87.956715,41.680302],[-87.956723,41.680292],[-87.95673,41.680279],[-87.956732,41.680265],[-87.95673,41.680253],[-87.956727,41.680238],[-87.956719,41.680223]]]},"properties":{"feature_id":"green-osm-w1240101594","layer":"green","holes":[15],"source":"osm","osm_id":"way/1240101594","osm_version":3,"verified":false}},{"type":"Feature","geometry":{"type":"Polygon","coordinates":[[[-87.955738,41.683566],[-87.955747,41.683585],[-87.955758,41.683601],[-87.955768,41.683617],[-87.955785,41.683634],[-87.955799,41.683648],[-87.955809,41.683661],[-87.95582,41.683679],[-87.955827,41.683697],[-87.955828,41.683716],[-87.955818,41.683732],[-87.955806,41.683738],[-87.955788,41.683744],[-87.955771,41.683744],[-87.955753,41.68374],[-87.95574,41.683731],[-87.955722,41.68372],[-87.955701,41.68371],[-87.955677,41.683703],[-87.955652,41.683702],[-87.955631,41.683701],[-87.955602,41.683703],[-87.955581,41.683705],[-87.955557,41.683705],[-87.95554,41.6837],[-87.955525,41.683691],[-87.955515,41.683677],[-87.955518,41.683654],[-87.955524,41.683637],[-87.955527,41.683618],[-87.955526,41.683602],[-87.955522,41.683584],[-87.955517,41.683567],[-87.955511,41.683552],[-87.955505,41.683538],[-87.955503,41.683527],[-87.955508,41.683514],[-87.955524,41.683499],[-87.955547,41.683493],[-87.955568,41.683493],[-87.955596,41.6835],[-87.955617,41.683503],[-87.955636,41.683507],[-87.955663,41.683513],[-87.955686,41.683522],[-87.955705,41.683535],[-87.955725,41.683549],[-87.955738,41.683566]]]},"properties":{"feature_id":"green-osm-w1240101601","layer":"green","holes":[16],"source":"osm","osm_id":"way/1240101601","osm_version":2,"verified":false}},{"type":"Feature","geometry":{"type":"Polygon","coordinates":[[[-87.954387,41.681274],[-87.954397,41.681257],[-87.954407,41.681244],[-87.954407,41.681228],[-87.954403,41.681213],[-87.954393,41.681199],[-87.954378,41.681188],[-87.95436,41.681178],[-87.954337,41.681172],[-87.954314,41.681173],[-87.954289,41.681178],[-87.95427,41.681188],[-87.954254,41.681204],[-87.954241,41.681221],[-87.95422,41.681241],[-87.954202,41.681258],[-87.954178,41.681274],[-87.954156,41.681287],[-87.954131,41.681304],[-87.954116,41.681326],[-87.954104,41.681345],[-87.954105,41.681365],[-87.954116,41.681383],[-87.954134,41.681401],[-87.954153,41.681412],[-87.954175,41.681419],[-87.954195,41.681424],[-87.954222,41.681428],[-87.95425,41.681432],[-87.954277,41.681432],[-87.9543,41.681427],[-87.954323,41.68142],[-87.954342,41.681409],[-87.954353,41.681394],[-87.954362,41.681378],[-87.954368,41.681356],[-87.954368,41.681332],[-87.954369,41.681312],[-87.954376,41.68129],[-87.954387,41.681274]]]},"properties":{"feature_id":"green-osm-w1240106551","layer":"green","holes":[17],"source":"osm","osm_id":"way/1240106551","osm_version":1,"verified":false}},{"type":"Feature","geometry":{"type":"Polygon","coordinates":[[[-87.953285,41.6782],[-87.953286,41.678219],[-87.953291,41.678239],[-87.953299,41.678259],[-87.953308,41.678281],[-87.953317,41.678301],[-87.953317,41.678317],[-87.953315,41.678332],[-87.953304,41.678352],[-87.953284,41.678361],[-87.953254,41.678369],[-87.95323,41.678368],[-87.953205,41.678361],[-87.953185,41.67835],[-87.953171,41.678336],[-87.953162,41.678314],[-87.953157,41.678295],[-87.953153,41.678279],[-87.953144,41.67826],[-87.953132,41.678244],[-87.953115,41.678229],[-87.953095,41.678217],[-87.953074,41.678207],[-87.953055,41.678193],[-87.953042,41.678178],[-87.953033,41.678159],[-87.953032,41.678139],[-87.953039,41.678122],[-87.953063,41.678106],[-87.953082,41.678098],[-87.953112,41.678093],[-87.95314,41.678089],[-87.953161,41.678082],[-87.953182,41.678077],[-87.953204,41.678073],[-87.953229,41.678073],[-87.953246,41.678078],[-87.953262,41.678087],[-87.953276,41.678102],[-87.953285,41.678122],[-87.953289,41.678141],[-87.953288,41.67817],[-87.953285,41.6782]]]},"properties":{"feature_id":"green-osm-w1240106557","layer":"green","holes":[18],"source":"osm","osm_id":"way/1240106557","osm_version":1,"verified":false}},{"type":"Feature","geometry":{"type":"Polygon","coordinates":[[[-87.943151,41.680995],[-87.94316,41.681015],[-87.943165,41.68103],[-87.943174,41.681045],[-87.943186,41.681062],[-87.943199,41.681076],[-87.943215,41.681096],[-87.943229,41.681111],[-87.943243,41.681125],[-87.943257,41.681142],[-87.94326,41.68116],[-87.943253,41.681176],[-87.943239,41.681191],[-87.943222,41.681201],[-87.943201,41.681207],[-87.943179,41.681214],[-87.943152,41.681215],[-87.943125,41.681214],[-87.943102,41.681209],[-87.943083,41.681201],[-87.943063,41.681195],[-87.943043,41.681191],[-87.943025,41.681187],[-87.943006,41.681185],[-87.942983,41.681177],[-87.942964,41.681166],[-87.942954,41.681153],[-87.942948,41.681137],[-87.942944,41.681123],[-87.942944,41.681109],[-87.942947,41.681089],[-87.942953,41.681073],[-87.942961,41.681051],[-87.942968,41.681033],[-87.942975,41.681015],[-87.942984,41.681],[-87.942996,41.680982],[-87.943012,41.680966],[-87.943027,41.680956],[-87.943044,41.68095],[-87.943066,41.680948],[-87.943092,41.680949],[-87.943116,41.680952],[-87.943135,41.680962],[-87.943145,41.680975],[-87.943151,41.680995]]]},"properties":{"feature_id":"green-osm-w1497164385","layer":"green","holes":[3],"source":"osm","osm_id":"way/1497164385","osm_version":2,"verified":false}},{"type":"Feature","geometry":{"type":"Polygon","coordinates":[[[-87.957631,41.685084],[-87.957646,41.6851],[-87.957656,41.685115],[-87.95766,41.68513],[-87.95766,41.685151],[-87.957653,41.685165],[-87.957646,41.685176],[-87.957633,41.685184],[-87.957615,41.685188],[-87.957601,41.685189],[-87.957577,41.685186],[-87.95756,41.68518],[-87.957538,41.685175],[-87.957522,41.685173],[-87.957503,41.685173],[-87.957481,41.685176],[-87.957461,41.685182],[-87.957443,41.68519],[-87.957424,41.685198],[-87.957406,41.685204],[-87.957384,41.685209],[-87.957355,41.685214],[-87.957329,41.685213],[-87.957309,41.685208],[-87.957292,41.685198],[-87.95728,41.685185],[-87.95727,41.685171],[-87.957269,41.685154],[-87.957273,41.685141],[-87.957282,41.685126],[-87.957298,41.685113],[-87.957311,41.6851],[-87.957324,41.685088],[-87.957338,41.685073],[-87.957357,41.685056],[-87.957379,41.685039],[-87.957397,41.685026],[-87.957418,41.685018],[-87.957442,41.685013],[-87.957463,41.68501],[-87.957483,41.685006],[-87.957505,41.685004],[-87.957532,41.685006],[-87.957557,41.685013],[-87.957584,41.685029],[-87.957609,41.685054],[-87.95762,41.685071],[-87.957631,41.685084]]]},"properties":{"feature_id":"green-osm-w1508004770","layer":"green","holes":[13],"source":"osm","osm_id":"way/1508004770","osm_version":1,"verified":false}},{"type":"Feature","geometry":{"type":"Polygon","coordinates":[[[-87.950854,41.675443],[-87.95076,41.675492],[-87.950689,41.675415],[-87.950782,41.675366],[-87.950854,41.675443]]]},"properties":{"feature_id":"tee-osm-w704643624","layer":"tee","holes":[1],"source":"osm","osm_id":"way/704643624","osm_version":2,"verified":false}},{"type":"Feature","geometry":{"type":"Polygon","coordinates":[[[-87.95071,41.675528],[-87.950612,41.675578],[-87.95055,41.67551],[-87.950647,41.67546],[-87.95071,41.675528]]]},"properties":{"feature_id":"tee-osm-w704643625","layer":"tee","holes":[1],"source":"osm","osm_id":"way/704643625","osm_version":2,"verified":false}},{"type":"Feature","geometry":{"type":"Polygon","coordinates":[[[-87.950557,41.675601],[-87.95045,41.675659],[-87.950394,41.675602],[-87.9505,41.675544],[-87.950557,41.675601]]]},"properties":{"feature_id":"tee-osm-w704643626","layer":"tee","holes":[1],"source":"osm","osm_id":"way/704643626","osm_version":2,"verified":false}},{"type":"Feature","geometry":{"type":"Polygon","coordinates":[[[-87.950404,41.675689],[-87.950282,41.675764],[-87.950214,41.675703],[-87.950337,41.675628],[-87.950404,41.675689]]]},"properties":{"feature_id":"tee-osm-w704643627","layer":"tee","holes":[1],"source":"osm","osm_id":"way/704643627","osm_version":2,"verified":false}},{"type":"Feature","geometry":{"type":"Polygon","coordinates":[[[-87.950188,41.675834],[-87.950135,41.675776],[-87.950023,41.675834],[-87.950076,41.675892],[-87.950188,41.675834]]]},"properties":{"feature_id":"tee-osm-w704643628","layer":"tee","holes":[1],"source":"osm","osm_id":"way/704643628","osm_version":2,"verified":false}},{"type":"Feature","geometry":{"type":"Polygon","coordinates":[[[-87.949163,41.677714],[-87.94907,41.6778],[-87.948953,41.677729],[-87.949046,41.677643],[-87.949163,41.677714]]]},"properties":{"feature_id":"tee-osm-w738076163","layer":"tee","holes":[2],"source":"osm","osm_id":"way/738076163","osm_version":2,"verified":false}},{"type":"Feature","geometry":{"type":"Polygon","coordinates":[[[-87.949042,41.677829],[-87.948912,41.677759],[-87.948828,41.677845],[-87.948959,41.677916],[-87.949042,41.677829]]]},"properties":{"feature_id":"tee-osm-w738076164","layer":"tee","holes":[2],"source":"osm","osm_id":"way/738076164","osm_version":2,"verified":false}},{"type":"Feature","geometry":{"type":"Polygon","coordinates":[[[-87.948893,41.677978],[-87.948764,41.677908],[-87.948657,41.678018],[-87.948786,41.678088],[-87.948893,41.677978]]]},"properties":{"feature_id":"tee-osm-w738076165","layer":"tee","holes":[2],"source":"osm","osm_id":"way/738076165","osm_version":2,"verified":false}},{"type":"Feature","geometry":{"type":"Polygon","coordinates":[[[-87.948753,41.678115],[-87.948628,41.678047],[-87.948519,41.678157],[-87.948644,41.678226],[-87.948753,41.678115]]]},"properties":{"feature_id":"tee-osm-w738076166","layer":"tee","holes":[2],"source":"osm","osm_id":"way/738076166","osm_version":2,"verified":false}},{"type":"Feature","geometry":{"type":"Polygon","coordinates":[[[-87.948616,41.678248],[-87.948489,41.678174],[-87.948381,41.678278],[-87.948508,41.678351],[-87.948616,41.678248]]]},"properties":{"feature_id":"tee-osm-w738076167","layer":"tee","holes":[1],"source":"osm","osm_id":"way/738076167","osm_version":2,"verified":false}},{"type":"Feature","geometry":{"type":"Polygon","coordinates":[[[-87.947511,41.679565],[-87.947543,41.679626],[-87.94743,41.67966],[-87.947398,41.679599],[-87.947511,41.679565]]]},"properties":{"feature_id":"tee-osm-w738076946","layer":"tee","holes":[3],"source":"osm","osm_id":"way/738076946","osm_version":2,"verified":false}},{"type":"Feature","geometry":{"type":"Polygon","coordinates":[[[-87.947375,41.679672],[-87.947347,41.679622],[-87.947227,41.679658],[-87.947255,41.679709],[-87.947375,41.679672]]]},"properties":{"feature_id":"tee-osm-w738076947","layer":"tee","holes":[3],"source":"osm","osm_id":"way/738076947","osm_version":2,"verified":false}},{"type":"Feature","geometry":{"type":"Polygon","coordinates":[[[-87.947193,41.679724],[-87.947162,41.679663],[-87.946991,41.679713],[-87.947023,41.679774],[-87.947193,41.679724]]]},"properties":{"feature_id":"tee-osm-w738076948","layer":"tee","holes":[3],"source":"osm","osm_id":"way/738076948","osm_version":2,"verified":false}},{"type":"Feature","geometry":{"type":"Polygon","coordinates":[[[-87.946997,41.679777],[-87.946971,41.67972],[-87.94683,41.679756],[-87.946856,41.679813],[-87.946997,41.679777]]]},"properties":{"feature_id":"tee-osm-w738079340","layer":"tee","holes":[3],"source":"osm","osm_id":"way/738079340","osm_version":2,"verified":false}},{"type":"Feature","geometry":{"type":"Polygon","coordinates":[[[-87.946142,41.68],[-87.946115,41.679933],[-87.945976,41.679964],[-87.946003,41.680031],[-87.946142,41.68]]]},"properties":{"feature_id":"tee-osm-w738079341","layer":"tee","holes":[4],"source":"osm","osm_id":"way/738079341","osm_version":2,"verified":false}},{"type":"Feature","geometry":{"type":"Polygon","coordinates":[[[-87.941868,41.68202],[-87.941821,41.681948],[-87.941716,41.681987],[-87.941763,41.682058],[-87.941868,41.68202]]]},"properties":{"feature_id":"tee-osm-w738081930","layer":"tee","holes":[4],"source":"osm","osm_id":"way/738081930","osm_version":2,"verified":false}},{"type":"Feature","geometry":{"type":"Polygon","coordinates":[[[-87.942014,41.681966],[-87.941968,41.681899],[-87.941854,41.681942],[-87.9419,41.682009],[-87.942014,41.681966]]]},"properties":{"feature_id":"tee-osm-w738081931","layer":"tee","holes":[4],"source":"osm","osm_id":"way/738081931","osm_version":2,"verified":false}},{"type":"Feature","geometry":{"type":"Polygon","coordinates":[[[-87.942248,41.681874],[-87.942205,41.68181],[-87.942041,41.681871],[-87.942084,41.681935],[-87.942248,41.681874]]]},"properties":{"feature_id":"tee-osm-w738081932","layer":"tee","holes":[4],"source":"osm","osm_id":"way/738081932","osm_version":2,"verified":false}},{"type":"Feature","geometry":{"type":"Polygon","coordinates":[[[-87.942505,41.681773],[-87.942463,41.681706],[-87.942347,41.681747],[-87.942389,41.681814],[-87.942505,41.681773]]]},"properties":{"feature_id":"tee-osm-w738081933","layer":"tee","holes":[4],"source":"osm","osm_id":"way/738081933","osm_version":2,"verified":false}},{"type":"Feature","geometry":{"type":"Polygon","coordinates":[[[-87.942798,41.681613],[-87.942753,41.681548],[-87.942603,41.681606],[-87.942648,41.681671],[-87.942798,41.681613]]]},"properties":{"feature_id":"tee-osm-w738081934","layer":"tee","holes":[3],"source":"osm","osm_id":"way/738081934","osm_version":2,"verified":false}},{"type":"Feature","geometry":{"type":"Polygon","coordinates":[[[-87.942983,41.681549],[-87.942967,41.681524],[-87.942955,41.681506],[-87.942941,41.681483],[-87.9428,41.681533],[-87.942842,41.681599],[-87.942983,41.681549]]]},"properties":{"feature_id":"tee-osm-w738081935","layer":"tee","holes":[3],"source":"osm","osm_id":"way/738081935","osm_version":2,"verified":false}},{"type":"Feature","geometry":{"type":"Polygon","coordinates":[[[-87.94368,41.681425],[-87.943637,41.681351],[-87.943502,41.681395],[-87.943546,41.681469],[-87.94368,41.681425]]]},"properties":{"feature_id":"tee-osm-w738081936","layer":"tee","holes":[3],"source":"osm","osm_id":"way/738081936","osm_version":2,"verified":false}},{"type":"Feature","geometry":{"type":"Polygon","coordinates":[[[-87.946623,41.680957],[-87.946544,41.680997],[-87.946479,41.680925],[-87.946558,41.680885],[-87.946623,41.680957]]]},"properties":{"feature_id":"tee-osm-w738084665","layer":"tee","holes":[5],"source":"osm","osm_id":"way/738084665","osm_version":2,"verified":false}},{"type":"Feature","geometry":{"type":"Polygon","coordinates":[[[-87.946514,41.681013],[-87.946418,41.681052],[-87.946364,41.680978],[-87.94646,41.680939],[-87.946514,41.681013]]]},"properties":{"feature_id":"tee-osm-w738084666","layer":"tee","holes":[5],"source":"osm","osm_id":"way/738084666","osm_version":2,"verified":false}},{"type":"Feature","geometry":{"type":"Polygon","coordinates":[[[-87.946383,41.681065],[-87.946332,41.680994],[-87.946205,41.681045],[-87.946256,41.681116],[-87.946383,41.681065]]]},"properties":{"feature_id":"tee-osm-w738084667","layer":"tee","holes":[5],"source":"osm","osm_id":"way/738084667","osm_version":2,"verified":false}},{"type":"Feature","geometry":{"type":"Polygon","coordinates":[[[-87.946226,41.681132],[-87.946172,41.68107],[-87.946041,41.681133],[-87.946094,41.681195],[-87.946226,41.681132]]]},"properties":{"feature_id":"tee-osm-w738084668","layer":"tee","holes":[5],"source":"osm","osm_id":"way/738084668","osm_version":2,"verified":false}},{"type":"Feature","geometry":{"type":"Polygon","coordinates":[[[-87.945963,41.681254],[-87.945903,41.681183],[-87.945765,41.681248],[-87.945824,41.681319],[-87.945963,41.681254]]]},"properties":{"feature_id":"tee-osm-w738084669","layer":"tee","holes":[5],"source":"osm","osm_id":"way/738084669","osm_version":2,"verified":false}},{"type":"Feature","geometry":{"type":"Polygon","coordinates":[[[-87.945799,41.681388],[-87.945749,41.681326],[-87.945642,41.681375],[-87.945693,41.681437],[-87.945799,41.681388]]]},"properties":{"feature_id":"tee-osm-w738084670","layer":"tee","holes":[8],"source":"osm","osm_id":"way/738084670","osm_version":2,"verified":false}},{"type":"Feature","geometry":{"type":"Polygon","coordinates":[[[-87.940853,41.682407],[-87.940667,41.682387],[-87.940688,41.682279],[-87.940874,41.682299],[-87.940853,41.682407]]]},"properties":{"feature_id":"tee-osm-w738092221","layer":"tee","holes":[6],"source":"osm","osm_id":"way/738092221","osm_version":2,"verified":false}},{"type":"Feature","geometry":{"type":"Polygon","coordinates":[[[-87.940847,41.682616],[-87.940631,41.682595],[-87.940654,41.682462],[-87.940871,41.682484],[-87.940847,41.682616]]]},"properties":{"feature_id":"tee-osm-w738092223","layer":"tee","holes":[6],"source":"osm","osm_id":"way/738092223","osm_version":2,"verified":false}},{"type":"Feature","geometry":{"type":"Polygon","coordinates":[[[-87.940813,41.682654],[-87.940622,41.682632],[-87.94059,41.682784],[-87.940782,41.682806],[-87.940813,41.682654]]]},"properties":{"feature_id":"tee-osm-w738092224","layer":"tee","holes":[6],"source":"osm","osm_id":"way/738092224","osm_version":2,"verified":false}},{"type":"Feature","geometry":{"type":"Polygon","coordinates":[[[-87.940746,41.682968],[-87.94077,41.682834],[-87.940588,41.682815],[-87.940563,41.682949],[-87.940746,41.682968]]]},"properties":{"feature_id":"tee-osm-w738092225","layer":"tee","holes":[6],"source":"osm","osm_id":"way/738092225","osm_version":2,"verified":false}},{"type":"Feature","geometry":{"type":"Polygon","coordinates":[[[-87.940629,41.683252],[-87.940523,41.683241],[-87.940549,41.683105],[-87.940655,41.683117],[-87.940629,41.683252]]]},"properties":{"feature_id":"tee-osm-w738092226","layer":"tee","holes":[6],"source":"osm","osm_id":"way/738092226","osm_version":2,"verified":false}},{"type":"Feature","geometry":{"type":"Polygon","coordinates":[[[-87.940587,41.683386],[-87.940474,41.683373],[-87.940491,41.683292],[-87.940604,41.683305],[-87.940587,41.683386]]]},"properties":{"feature_id":"tee-osm-w738092227","layer":"tee","holes":[6],"source":"osm","osm_id":"way/738092227","osm_version":3,"verified":false}},{"type":"Feature","geometry":{"type":"Polygon","coordinates":[[[-87.940152,41.68511],[-87.940214,41.685041],[-87.940134,41.685001],[-87.940072,41.685069],[-87.940152,41.68511]]]},"properties":{"feature_id":"tee-osm-w738094555","layer":"tee","holes":[7],"source":"osm","osm_id":"way/738094555","osm_version":2,"verified":false}},{"type":"Feature","geometry":{"type":"Polygon","coordinates":[[[-87.940208,41.685012],[-87.940265,41.684952],[-87.940189,41.684912],[-87.940132,41.684972],[-87.940208,41.685012]]]},"properties":{"feature_id":"tee-osm-w738094556","layer":"tee","holes":[7],"source":"osm","osm_id":"way/738094556","osm_version":2,"verified":false}},{"type":"Feature","geometry":{"type":"Polygon","coordinates":[[[-87.940417,41.684806],[-87.940341,41.684761],[-87.940272,41.684826],[-87.940348,41.684871],[-87.940417,41.684806]]]},"properties":{"feature_id":"tee-osm-w738094557","layer":"tee","holes":[7],"source":"osm","osm_id":"way/738094557","osm_version":2,"verified":false}},{"type":"Feature","geometry":{"type":"Polygon","coordinates":[[[-87.940429,41.684798],[-87.940358,41.684752],[-87.94044,41.684683],[-87.94051,41.68473],[-87.940429,41.684798]]]},"properties":{"feature_id":"tee-osm-w738094558","layer":"tee","holes":[7],"source":"osm","osm_id":"way/738094558","osm_version":2,"verified":false}},{"type":"Feature","geometry":{"type":"Polygon","coordinates":[[[-87.940568,41.684681],[-87.940658,41.684596],[-87.940582,41.68455],[-87.940493,41.684637],[-87.940568,41.684681]]]},"properties":{"feature_id":"tee-osm-w738094559","layer":"tee","holes":[6],"source":"osm","osm_id":"way/738094559","osm_version":2,"verified":false}},{"type":"Feature","geometry":{"type":"Polygon","coordinates":[[[-87.941004,41.684162],[-87.940903,41.684244],[-87.940829,41.684194],[-87.94093,41.684111],[-87.941004,41.684162]]]},"properties":{"feature_id":"tee-osm-w738094561","layer":"tee","holes":[6],"source":"osm","osm_id":"way/738094561","osm_version":2,"verified":false}},{"type":"Feature","geometry":{"type":"Polygon","coordinates":[[[-87.941031,41.684],[-87.941086,41.683946],[-87.940998,41.683896],[-87.940943,41.68395],[-87.941031,41.684]]]},"properties":{"feature_id":"tee-osm-w738094562","layer":"tee","holes":[6],"source":"osm","osm_id":"way/738094562","osm_version":2,"verified":false}},{"type":"Feature","geometry":{"type":"Polygon","coordinates":[[[-87.943833,41.683512],[-87.943736,41.683576],[-87.94367,41.68352],[-87.943767,41.683456],[-87.943833,41.683512]]]},"properties":{"feature_id":"tee-osm-w738099371","layer":"tee","holes":[8],"source":"osm","osm_id":"way/738099371","osm_version":2,"verified":false}},{"type":"Feature","geometry":{"type":"Polygon","coordinates":[[[-87.943985,41.6834],[-87.943877,41.683475],[-87.943811,41.683422],[-87.943919,41.683347],[-87.943985,41.6834]]]},"properties":{"feature_id":"tee-osm-w738099372","layer":"tee","holes":[8],"source":"osm","osm_id":"way/738099372","osm_version":2,"verified":false}},{"type":"Feature","geometry":{"type":"Polygon","coordinates":[[[-87.944102,41.683234],[-87.944164,41.68328],[-87.944034,41.683377],[-87.943972,41.68333],[-87.944102,41.683234]]]},"properties":{"feature_id":"tee-osm-w738099373","layer":"tee","holes":[8],"source":"osm","osm_id":"way/738099373","osm_version":2,"verified":false}},{"type":"Feature","geometry":{"type":"Polygon","coordinates":[[[-87.944303,41.683182],[-87.944206,41.683255],[-87.944138,41.683205],[-87.944234,41.683132],[-87.944303,41.683182]]]},"properties":{"feature_id":"tee-osm-w738099374","layer":"tee","holes":[7],"source":"osm","osm_id":"way/738099374","osm_version":2,"verified":false}},{"type":"Feature","geometry":{"type":"Polygon","coordinates":[[[-87.944506,41.683061],[-87.944411,41.683127],[-87.944345,41.683073],[-87.94444,41.683007],[-87.944468,41.683031],[-87.944483,41.683042],[-87.944506,41.683061]]]},"properties":{"feature_id":"tee-osm-w738099375","layer":"tee","holes":[7],"source":"osm","osm_id":"way/738099375","osm_version":2,"verified":false}},{"type":"Feature","geometry":{"type":"Polygon","coordinates":[[[-87.946722,41.680854],[-87.94666,41.680912],[-87.946571,41.68086],[-87.946633,41.680801],[-87.946722,41.680854]]]},"properties":{"feature_id":"tee-osm-w738100063","layer":"tee","holes":[9],"source":"osm","osm_id":"way/738100063","osm_version":2,"verified":false}},{"type":"Feature","geometry":{"type":"Polygon","coordinates":[[[-87.946815,41.680761],[-87.946753,41.680824],[-87.946661,41.680774],[-87.946723,41.68071],[-87.946815,41.680761]]]},"properties":{"feature_id":"tee-osm-w738100064","layer":"tee","holes":[9],"source":"osm","osm_id":"way/738100064","osm_version":2,"verified":false}},{"type":"Feature","geometry":{"type":"Polygon","coordinates":[[[-87.946932,41.680665],[-87.946843,41.680742],[-87.946751,41.680684],[-87.946839,41.680606],[-87.946932,41.680665]]]},"properties":{"feature_id":"tee-osm-w738100065","layer":"tee","holes":[9],"source":"osm","osm_id":"way/738100065","osm_version":2,"verified":false}},{"type":"Feature","geometry":{"type":"Polygon","coordinates":[[[-87.947034,41.680556],[-87.946945,41.680639],[-87.946849,41.680581],[-87.946937,41.680498],[-87.947034,41.680556]]]},"properties":{"feature_id":"tee-osm-w738100066","layer":"tee","holes":[9],"source":"osm","osm_id":"way/738100066","osm_version":2,"verified":false}},{"type":"Feature","geometry":{"type":"Polygon","coordinates":[[[-87.947187,41.680426],[-87.947067,41.680532],[-87.946979,41.680476],[-87.9471,41.680371],[-87.947187,41.680426]]]},"properties":{"feature_id":"tee-osm-w738100067","layer":"tee","holes":[9],"source":"osm","osm_id":"way/738100067","osm_version":2,"verified":false}},{"type":"Feature","geometry":{"type":"Polygon","coordinates":[[[-87.947386,41.680245],[-87.947297,41.68019],[-87.947205,41.680272],[-87.947293,41.680327],[-87.947386,41.680245]]]},"properties":{"feature_id":"tee-osm-w738104043","layer":"tee","holes":[3],"source":"osm","osm_id":"way/738104043","osm_version":2,"verified":false}},{"type":"Feature","geometry":{"type":"Polygon","coordinates":[[[-87.947623,41.680025],[-87.947531,41.680111],[-87.947435,41.680055],[-87.947528,41.679968],[-87.947565,41.67999],[-87.947587,41.680003],[-87.947623,41.680025]]]},"properties":{"feature_id":"tee-osm-w738104044","layer":"tee","holes":[3],"source":"osm","osm_id":"way/738104044","osm_version":2,"verified":false}},{"type":"Feature","geometry":{"type":"Polygon","coordinates":[[[-87.950584,41.677005],[-87.950529,41.676998],[-87.950502,41.676994],[-87.950458,41.676988],[-87.950484,41.676877],[-87.95061,41.676894],[-87.950584,41.677005]]]},"properties":{"feature_id":"tee-osm-w738246714","layer":"tee","holes":[9],"source":"osm","osm_id":"way/738246714","osm_version":2,"verified":false}},{"type":"Feature","geometry":{"type":"Polygon","coordinates":[[[-87.950658,41.676758],[-87.950689,41.676647],[-87.95057,41.676629],[-87.95054,41.67674],[-87.950658,41.676758]]]},"properties":{"feature_id":"tee-osm-w738246715","layer":"tee","holes":[9],"source":"osm","osm_id":"way/738246715","osm_version":2,"verified":false}},{"type":"Feature","geometry":{"type":"Polygon","coordinates":[[[-87.950731,41.676513],[-87.950613,41.676494],[-87.95058,41.676605],[-87.950698,41.676625],[-87.950731,41.676513]]]},"properties":{"feature_id":"tee-osm-w738246716","layer":"tee","holes":[10],"source":"osm","osm_id":"way/738246716","osm_version":2,"verified":false}},{"type":"Feature","geometry":{"type":"Polygon","coordinates":[[[-87.950742,41.676493],[-87.950623,41.676473],[-87.950653,41.676376],[-87.950771,41.676396],[-87.950742,41.676493]]]},"properties":{"feature_id":"tee-osm-w738246717","layer":"tee","holes":[10],"source":"osm","osm_id":"way/738246717","osm_version":2,"verified":false}},{"type":"Feature","geometry":{"type":"Polygon","coordinates":[[[-87.950782,41.676379],[-87.950662,41.676359],[-87.950691,41.676261],[-87.950812,41.676281],[-87.950782,41.676379]]]},"properties":{"feature_id":"tee-osm-w738246718","layer":"tee","holes":[10],"source":"osm","osm_id":"way/738246718","osm_version":2,"verified":false}},{"type":"Feature","geometry":{"type":"Polygon","coordinates":[[[-87.948348,41.676024],[-87.94899,41.675632],[-87.948985,41.675592],[-87.948797,41.675377],[-87.948667,41.675357],[-87.948624,41.675311],[-87.948539,41.675248],[-87.948466,41.675272],[-87.948378,41.675395],[-87.948527,41.675523],[-87.948235,41.675743],[-87.948258,41.67582],[-87.948307,41.675899],[-87.948303,41.675985],[-87.948311,41.676019],[-87.948348,41.676024]]]},"properties":{"feature_id":"tee-osm-w738247489","layer":"tee","holes":[1],"source":"osm","osm_id":"way/738247489","osm_version":3,"verified":false}},{"type":"Feature","geometry":{"type":"Polygon","coordinates":[[[-87.952317,41.679217],[-87.952214,41.679225],[-87.952201,41.679142],[-87.952305,41.679133],[-87.952317,41.679217]]]},"properties":{"feature_id":"tee-osm-w738297385","layer":"tee","holes":[11],"source":"osm","osm_id":"way/738297385","osm_version":2,"verified":false}},{"type":"Feature","geometry":{"type":"Polygon","coordinates":[[[-87.952317,41.679242],[-87.952211,41.67925],[-87.952226,41.67936],[-87.952332,41.679351],[-87.952317,41.679242]]]},"properties":{"feature_id":"tee-osm-w738297386","layer":"tee","holes":[11],"source":"osm","osm_id":"way/738297386","osm_version":2,"verified":false}},{"type":"Feature","geometry":{"type":"Polygon","coordinates":[[[-87.952279,41.679568],[-87.952189,41.679578],[-87.952166,41.679467],[-87.952256,41.679457],[-87.952279,41.679568]]]},"properties":{"feature_id":"tee-osm-w738297387","layer":"tee","holes":[11],"source":"osm","osm_id":"way/738297387","osm_version":2,"verified":false}},{"type":"Feature","geometry":{"type":"Polygon","coordinates":[[[-87.952329,41.679734],[-87.952228,41.679747],[-87.952198,41.679615],[-87.952299,41.679602],[-87.952329,41.679734]]]},"properties":{"feature_id":"tee-osm-w738297388","layer":"tee","holes":[11],"source":"osm","osm_id":"way/738297388","osm_version":2,"verified":false}},{"type":"Feature","geometry":{"type":"Polygon","coordinates":[[[-87.952326,41.679764],[-87.952234,41.679775],[-87.952269,41.679939],[-87.95236,41.679928],[-87.952326,41.679764]]]},"properties":{"feature_id":"tee-osm-w738297389","layer":"tee","holes":[18],"source":"osm","osm_id":"way/738297389","osm_version":2,"verified":false}},{"type":"Feature","geometry":{"type":"Polygon","coordinates":[[[-87.952282,41.68013],[-87.952196,41.680144],[-87.952235,41.680277],[-87.952321,41.680263],[-87.952282,41.68013]]]},"properties":{"feature_id":"tee-osm-w738297390","layer":"tee","holes":[18],"source":"osm","osm_id":"way/738297390","osm_version":2,"verified":false}},{"type":"Feature","geometry":{"type":"Polygon","coordinates":[[[-87.952288,41.68055],[-87.952206,41.680571],[-87.952251,41.680671],[-87.952333,41.680651],[-87.952288,41.68055]]]},"properties":{"feature_id":"tee-osm-w738297391","layer":"tee","holes":[18],"source":"osm","osm_id":"way/738297391","osm_version":2,"verified":false}},{"type":"Feature","geometry":{"type":"Polygon","coordinates":[[[-87.954616,41.684279],[-87.95454,41.684366],[-87.954395,41.684296],[-87.954471,41.684209],[-87.954616,41.684279]]]},"properties":{"feature_id":"tee-osm-w738384582","layer":"tee","holes":[12],"source":"osm","osm_id":"way/738384582","osm_version":2,"verified":false}},{"type":"Feature","geometry":{"type":"Polygon","coordinates":[[[-87.954525,41.684405],[-87.954435,41.68451],[-87.954238,41.684416],[-87.954328,41.684311],[-87.954525,41.684405]]]},"properties":{"feature_id":"tee-osm-w738384583","layer":"tee","holes":[12],"source":"osm","osm_id":"way/738384583","osm_version":2,"verified":false}},{"type":"Feature","geometry":{"type":"Polygon","coordinates":[[[-87.954392,41.684544],[-87.954301,41.684647],[-87.954104,41.684549],[-87.954195,41.684446],[-87.954392,41.684544]]]},"properties":{"feature_id":"tee-osm-w738384584","layer":"tee","holes":[12],"source":"osm","osm_id":"way/738384584","osm_version":2,"verified":false}},{"type":"Feature","geometry":{"type":"Polygon","coordinates":[[[-87.954109,41.684787],[-87.954163,41.684712],[-87.954036,41.68466],[-87.953982,41.684735],[-87.954035,41.684757],[-87.954062,41.684767],[-87.954109,41.684787]]]},"properties":{"feature_id":"tee-osm-w738384585","layer":"tee","holes":[12],"source":"osm","osm_id":"way/738384585","osm_version":2,"verified":false}},{"type":"Feature","geometry":{"type":"Polygon","coordinates":[[[-87.952719,41.68672],[-87.952769,41.686808],[-87.952582,41.686868],[-87.952531,41.68678],[-87.952719,41.68672]]]},"properties":{"feature_id":"tee-osm-w738385462","layer":"tee","holes":[13],"source":"osm","osm_id":"way/738385462","osm_version":2,"verified":false}},{"type":"Feature","geometry":{"type":"Polygon","coordinates":[[[-87.9531,41.686639],[-87.952907,41.686701],[-87.95295,41.686777],[-87.953143,41.686715],[-87.9531,41.686639]]]},"properties":{"feature_id":"tee-osm-w738385463","layer":"tee","holes":[13],"source":"osm","osm_id":"way/738385463","osm_version":2,"verified":false}},{"type":"Feature","geometry":{"type":"Polygon","coordinates":[[[-87.953791,41.686365],[-87.953835,41.686436],[-87.953603,41.686517],[-87.953558,41.686446],[-87.953791,41.686365]]]},"properties":{"feature_id":"tee-osm-w738385464","layer":"tee","holes":[12],"source":"osm","osm_id":"way/738385464","osm_version":2,"verified":false}},{"type":"Feature","geometry":{"type":"Polygon","coordinates":[[[-87.954385,41.686152],[-87.954407,41.686184],[-87.954417,41.686197],[-87.954427,41.686212],[-87.954307,41.686259],[-87.954265,41.686199],[-87.954385,41.686152]]]},"properties":{"feature_id":"tee-osm-w738385465","layer":"tee","holes":[13],"source":"osm","osm_id":"way/738385465","osm_version":2,"verified":false}},{"type":"Feature","geometry":{"type":"Polygon","coordinates":[[[-87.957825,41.68478],[-87.957814,41.684708],[-87.957702,41.684717],[-87.957712,41.684789],[-87.957825,41.68478]]]},"properties":{"feature_id":"tee-osm-w738386071","layer":"tee","holes":[14],"source":"osm","osm_id":"way/738386071","osm_version":2,"verified":false}},{"type":"Feature","geometry":{"type":"Polygon","coordinates":[[[-87.957628,41.684795],[-87.957243,41.684822],[-87.957232,41.684732],[-87.957617,41.684705],[-87.957628,41.684795]]]},"properties":{"feature_id":"tee-osm-w738386072","layer":"tee","holes":[14],"source":"osm","osm_id":"way/738386072","osm_version":2,"verified":false}},{"type":"Feature","geometry":{"type":"Polygon","coordinates":[[[-87.956644,41.68501],[-87.956536,41.685006],[-87.956543,41.6849],[-87.956651,41.684904],[-87.956644,41.68501]]]},"properties":{"feature_id":"tee-osm-w738386073","layer":"tee","holes":[15],"source":"osm","osm_id":"way/738386073","osm_version":2,"verified":false}},{"type":"Feature","geometry":{"type":"Polygon","coordinates":[[[-87.956135,41.684609],[-87.956143,41.684525],[-87.956054,41.68452],[-87.956046,41.684604],[-87.956135,41.684609]]]},"properties":{"feature_id":"tee-osm-w738396378","layer":"tee","holes":[15],"source":"osm","osm_id":"way/738396378","osm_version":2,"verified":false}},{"type":"Feature","geometry":{"type":"Polygon","coordinates":[[[-87.956159,41.684481],[-87.956054,41.684481],[-87.956054,41.684396],[-87.956159,41.684397],[-87.956159,41.684481]]]},"properties":{"feature_id":"tee-osm-w738396379","layer":"tee","holes":[15],"source":"osm","osm_id":"way/738396379","osm_version":2,"verified":false}},{"type":"Feature","geometry":{"type":"Polygon","coordinates":[[[-87.956166,41.68431],[-87.956068,41.684307],[-87.956076,41.684142],[-87.956174,41.684145],[-87.956166,41.68431]]]},"properties":{"feature_id":"tee-osm-w738396380","layer":"tee","holes":[15],"source":"osm","osm_id":"way/738396380","osm_version":2,"verified":false}},{"type":"Feature","geometry":{"type":"Polygon","coordinates":[[[-87.956187,41.68412],[-87.95609,41.684115],[-87.956101,41.683992],[-87.956199,41.683997],[-87.956187,41.68412]]]},"properties":{"feature_id":"tee-osm-w738396381","layer":"tee","holes":[17],"source":"osm","osm_id":"way/738396381","osm_version":2,"verified":false}},{"type":"Feature","geometry":{"type":"Polygon","coordinates":[[[-87.9562,41.68381],[-87.956089,41.683805],[-87.956099,41.683688],[-87.956211,41.683693],[-87.9562,41.68381]]]},"properties":{"feature_id":"tee-osm-w738396382","layer":"tee","holes":[16],"source":"osm","osm_id":"way/738396382","osm_version":2,"verified":false}},{"type":"Feature","geometry":{"type":"Polygon","coordinates":[[[-87.956622,41.683061],[-87.956518,41.68307],[-87.956502,41.682964],[-87.956605,41.682955],[-87.956622,41.683061]]]},"properties":{"feature_id":"tee-osm-w738396386","layer":"tee","holes":[15],"source":"osm","osm_id":"way/738396386","osm_version":2,"verified":false}},{"type":"Feature","geometry":{"type":"Polygon","coordinates":[[[-87.955972,41.680238],[-87.956013,41.68017],[-87.955933,41.680143],[-87.955892,41.680211],[-87.955972,41.680238]]]},"properties":{"feature_id":"tee-osm-w738398421","layer":"tee","holes":[16],"source":"osm","osm_id":"way/738398421","osm_version":2,"verified":false}},{"type":"Feature","geometry":{"type":"Polygon","coordinates":[[[-87.955954,41.680262],[-87.955928,41.680306],[-87.95583,41.680274],[-87.955856,41.68023],[-87.955954,41.680262]]]},"properties":{"feature_id":"tee-osm-w738398422","layer":"tee","holes":[16],"source":"osm","osm_id":"way/738398422","osm_version":2,"verified":false}},{"type":"Feature","geometry":{"type":"Polygon","coordinates":[[[-87.955839,41.680413],[-87.955743,41.680382],[-87.955664,41.68052],[-87.95576,41.680551],[-87.955839,41.680413]]]},"properties":{"feature_id":"tee-osm-w738398423","layer":"tee","holes":[16],"source":"osm","osm_id":"way/738398423","osm_version":2,"verified":false}},{"type":"Feature","geometry":{"type":"Polygon","coordinates":[[[-87.955587,41.680817],[-87.955656,41.680698],[-87.955533,41.680659],[-87.955465,41.680778],[-87.955587,41.680817]]]},"properties":{"feature_id":"tee-osm-w738398424","layer":"tee","holes":[15],"source":"osm","osm_id":"way/738398424","osm_version":2,"verified":false}},{"type":"Feature","geometry":{"type":"Polygon","coordinates":[[[-87.955516,41.680959],[-87.955568,41.680862],[-87.955441,41.680824],[-87.955389,41.68092],[-87.955516,41.680959]]]},"properties":{"feature_id":"tee-osm-w738398425","layer":"tee","holes":[15],"source":"osm","osm_id":"way/738398425","osm_version":2,"verified":false}},{"type":"Feature","geometry":{"type":"Polygon","coordinates":[[[-87.955449,41.681109],[-87.955498,41.681026],[-87.955371,41.680984],[-87.955322,41.681066],[-87.955449,41.681109]]]},"properties":{"feature_id":"tee-osm-w738398426","layer":"tee","holes":[15],"source":"osm","osm_id":"way/738398426","osm_version":2,"verified":false}},{"type":"Feature","geometry":{"type":"Polygon","coordinates":[[[-87.955772,41.684389],[-87.955691,41.684435],[-87.955619,41.684363],[-87.9557,41.684317],[-87.955772,41.684389]]]},"properties":{"feature_id":"tee-osm-w738399160","layer":"tee","holes":[17],"source":"osm","osm_id":"way/738399160","osm_version":2,"verified":false}},{"type":"Feature","geometry":{"type":"Polygon","coordinates":[[[-87.955577,41.68431],[-87.955488,41.684353],[-87.955396,41.684245],[-87.955486,41.684203],[-87.955577,41.68431]]]},"properties":{"feature_id":"tee-osm-w738399161","layer":"tee","holes":[17],"source":"osm","osm_id":"way/738399161","osm_version":2,"verified":false}},{"type":"Feature","geometry":{"type":"Polygon","coordinates":[[[-87.955405,41.684194],[-87.955318,41.684236],[-87.955201,41.684103],[-87.955288,41.68406],[-87.955405,41.684194]]]},"properties":{"feature_id":"tee-osm-w738399162","layer":"tee","holes":[17],"source":"osm","osm_id":"way/738399162","osm_version":2,"verified":false}},{"type":"Feature","geometry":{"type":"Polygon","coordinates":[[[-87.954766,41.683667],[-87.954672,41.683698],[-87.954617,41.683605],[-87.954711,41.683574],[-87.954766,41.683667]]]},"properties":{"feature_id":"tee-osm-w738399163","layer":"tee","holes":[16],"source":"osm","osm_id":"way/738399163","osm_version":2,"verified":false}},{"type":"Feature","geometry":{"type":"Polygon","coordinates":[[[-87.953605,41.682269],[-87.95352,41.682279],[-87.953503,41.682196],[-87.953588,41.682186],[-87.953605,41.682269]]]},"properties":{"feature_id":"tee-osm-w738410174","layer":"tee","holes":[18],"source":"osm","osm_id":"way/738410174","osm_version":2,"verified":false}},{"type":"Feature","geometry":{"type":"Polygon","coordinates":[[[-87.953576,41.682152],[-87.953484,41.682156],[-87.953475,41.682052],[-87.953567,41.682047],[-87.953576,41.682152]]]},"properties":{"feature_id":"tee-osm-w738410175","layer":"tee","holes":[18],"source":"osm","osm_id":"way/738410175","osm_version":2,"verified":false}},{"type":"Feature","geometry":{"type":"Polygon","coordinates":[[[-87.953572,41.682004],[-87.953484,41.682014],[-87.953458,41.681881],[-87.953546,41.681871],[-87.953572,41.682004]]]},"properties":{"feature_id":"tee-osm-w738410176","layer":"tee","holes":[18],"source":"osm","osm_id":"way/738410176","osm_version":2,"verified":false}},{"type":"Feature","geometry":{"type":"Polygon","coordinates":[[[-87.953519,41.681781],[-87.953437,41.681791],[-87.953409,41.681664],[-87.953491,41.681654],[-87.953519,41.681781]]]},"properties":{"feature_id":"tee-osm-w738410177","layer":"tee","holes":[18],"source":"osm","osm_id":"way/738410177","osm_version":2,"verified":false}},{"type":"Feature","geometry":{"type":"Polygon","coordinates":[[[-87.953475,41.681537],[-87.953384,41.681549],[-87.953349,41.681408],[-87.953439,41.681395],[-87.953475,41.681537]]]},"properties":{"feature_id":"tee-osm-w738410178","layer":"tee","holes":[11],"source":"osm","osm_id":"way/738410178","osm_version":2,"verified":false}},{"type":"Feature","geometry":{"type":"Polygon","coordinates":[[[-87.95343,41.681295],[-87.953334,41.681307],[-87.953301,41.681167],[-87.953349,41.68116],[-87.953373,41.681157],[-87.953398,41.681154],[-87.95343,41.681295]]]},"properties":{"feature_id":"tee-osm-w738410179","layer":"tee","holes":[11],"source":"osm","osm_id":"way/738410179","osm_version":2,"verified":false}},{"type":"Feature","geometry":{"type":"Polygon","coordinates":[[[-87.955135,41.676568],[-87.955112,41.676564],[-87.955099,41.676551],[-87.955094,41.676537],[-87.955109,41.676445],[-87.95512,41.67643],[-87.955143,41.676417],[-87.955164,41.676409],[-87.955182,41.67641],[-87.955198,41.676418],[-87.955211,41.676436],[-87.955216,41.676456],[-87.955192,41.676529],[-87.95518,41.676548],[-87.95516,41.676562],[-87.955135,41.676568]]]},"properties":{"feature_id":"tee-osm-w1126395767","layer":"tee","holes":[18],"source":"osm","osm_id":"way/1126395767","osm_version":2,"verified":false}},{"type":"Feature","geometry":{"type":"Polygon","coordinates":[[[-87.955785,41.677485],[-87.955767,41.677482],[-87.955753,41.677473],[-87.955745,41.677462],[-87.955737,41.677385],[-87.955747,41.677353],[-87.95578,41.677334],[-87.9558,41.677328],[-87.955826,41.67733],[-87.955843,41.677336],[-87.955859,41.677348],[-87.955868,41.677364],[-87.955878,41.677402],[-87.955878,41.677452],[-87.955873,41.677464],[-87.95586,41.677474],[-87.955843,41.67748],[-87.955785,41.677485]]]},"properties":{"feature_id":"tee-osm-w1126395768","layer":"tee","holes":[18],"source":"osm","osm_id":"way/1126395768","osm_version":2,"verified":false}},{"type":"Feature","geometry":{"type":"Polygon","coordinates":[[[-87.955576,41.677741],[-87.955566,41.677729],[-87.955538,41.677624],[-87.955541,41.677601],[-87.955551,41.677587],[-87.955571,41.677574],[-87.955588,41.677569],[-87.955604,41.677569],[-87.955633,41.677579],[-87.955645,41.677588],[-87.955655,41.677618],[-87.955657,41.677722],[-87.955647,41.677735],[-87.955632,41.677743],[-87.955598,41.677747],[-87.955576,41.677741]]]},"properties":{"feature_id":"tee-osm-w1126395769","layer":"tee","holes":[18],"source":"osm","osm_id":"way/1126395769","osm_version":2,"verified":false}},{"type":"Feature","geometry":{"type":"Polygon","coordinates":[[[-87.953374,41.676648],[-87.953356,41.676648],[-87.953324,41.676641],[-87.953299,41.676622],[-87.95314,41.676391],[-87.953138,41.676377],[-87.95315,41.67636],[-87.953167,41.676343],[-87.953176,41.676338],[-87.953209,41.676331],[-87.953236,41.676329],[-87.953279,41.676335],[-87.953298,41.676342],[-87.953324,41.676365],[-87.953353,41.676498],[-87.953413,41.676577],[-87.953419,41.676594],[-87.95342,41.676605],[-87.953413,41.676626],[-87.953408,41.676634],[-87.953399,41.676641],[-87.953389,41.676645],[-87.953374,41.676648]]]},"properties":{"feature_id":"tee-osm-w1126606111","layer":"tee","holes":[18],"source":"osm","osm_id":"way/1126606111","osm_version":2,"verified":false}},{"type":"Feature","geometry":{"type":"Polygon","coordinates":[[[-87.953226,41.676301],[-87.953212,41.676296],[-87.953202,41.67629],[-87.953194,41.676281],[-87.953191,41.676271],[-87.953191,41.676256],[-87.953222,41.676191],[-87.953226,41.676152],[-87.953197,41.676052],[-87.953197,41.676035],[-87.953199,41.676026],[-87.953203,41.676019],[-87.953212,41.67601],[-87.953219,41.676006],[-87.953248,41.675996],[-87.953269,41.675994],[-87.95329,41.675995],[-87.953318,41.676006],[-87.953328,41.676022],[-87.95333,41.67603],[-87.953328,41.676132],[-87.953348,41.676256],[-87.953345,41.67627],[-87.953341,41.676276],[-87.953332,41.676285],[-87.953319,41.676293],[-87.953297,41.676299],[-87.953272,41.676302],[-87.953226,41.676301]]]},"properties":{"feature_id":"tee-osm-w1126606112","layer":"tee","holes":[10],"source":"osm","osm_id":"way/1126606112","osm_version":2,"verified":false}},{"type":"Feature","geometry":{"type":"Polygon","coordinates":[[[-87.953681,41.67632],[-87.953664,41.676318],[-87.953632,41.676304],[-87.953616,41.676281],[-87.953616,41.676238],[-87.953623,41.676227],[-87.953646,41.676213],[-87.953663,41.676209],[-87.953684,41.676207],[-87.953715,41.676214],[-87.953732,41.676222],[-87.953741,41.67623],[-87.953749,41.676241],[-87.953753,41.676288],[-87.953749,41.676301],[-87.95374,41.67631],[-87.953724,41.676318],[-87.953681,41.67632]]]},"properties":{"feature_id":"tee-osm-w1126606113","layer":"tee","holes":[18],"source":"osm","osm_id":"way/1126606113","osm_version":2,"verified":false}},{"type":"Feature","geometry":{"type":"Polygon","coordinates":[[[-87.956827,41.679574],[-87.956808,41.67959],[-87.956794,41.679597],[-87.956574,41.679677],[-87.956558,41.679677],[-87.95654,41.679673],[-87.95653,41.679666],[-87.956524,41.679659],[-87.956518,41.679638],[-87.95652,41.679626],[-87.956525,41.679616],[-87.956537,41.679607],[-87.956782,41.679521],[-87.956794,41.679521],[-87.956806,41.679523],[-87.956823,41.679532],[-87.956831,41.679538],[-87.956834,41.679546],[-87.956831,41.679567],[-87.956827,41.679574]]]},"properties":{"feature_id":"tee-osm-w1126775122","layer":"tee","holes":[15],"source":"osm","osm_id":"way/1126775122","osm_version":2,"verified":false}},{"type":"Feature","geometry":{"type":"Polygon","coordinates":[[[-87.956466,41.679778],[-87.956455,41.679795],[-87.956445,41.679801],[-87.956346,41.679831],[-87.956257,41.67987],[-87.956237,41.679872],[-87.956227,41.67987],[-87.956219,41.679865],[-87.956214,41.679849],[-87.956215,41.679838],[-87.956219,41.679831],[-87.956232,41.67982],[-87.956362,41.679747],[-87.956382,41.679739],[-87.956393,41.679737],[-87.956413,41.679736],[-87.956441,41.679742],[-87.956448,41.679745],[-87.956459,41.679754],[-87.956463,41.67976],[-87.956466,41.679778]]]},"properties":{"feature_id":"tee-osm-w1126775123","layer":"tee","holes":[16],"source":"osm","osm_id":"way/1126775123","osm_version":2,"verified":false}},{"type":"Feature","geometry":{"type":"Polygon","coordinates":[[[-87.956342,41.67941],[-87.956324,41.67941],[-87.956308,41.679404],[-87.956252,41.67935],[-87.956242,41.67933],[-87.95624,41.679312],[-87.956243,41.679298],[-87.956253,41.679284],[-87.956428,41.679144],[-87.956446,41.679139],[-87.956479,41.67914],[-87.956496,41.679147],[-87.95651,41.679155],[-87.956521,41.679165],[-87.956528,41.679177],[-87.956532,41.679191],[-87.956529,41.679207],[-87.956514,41.679226],[-87.956436,41.679275],[-87.956418,41.679297],[-87.956414,41.67931],[-87.956415,41.679352],[-87.956411,41.679365],[-87.956392,41.679388],[-87.956378,41.679398],[-87.956362,41.679405],[-87.956342,41.67941]]]},"properties":{"feature_id":"tee-osm-w1126775124","layer":"tee","holes":[16],"source":"osm","osm_id":"way/1126775124","osm_version":2,"verified":false}},{"type":"Feature","geometry":{"type":"Polygon","coordinates":[[[-87.956217,41.679492],[-87.956204,41.679498],[-87.956185,41.679504],[-87.956168,41.679506],[-87.956107,41.679502],[-87.956078,41.679505],[-87.956031,41.679522],[-87.955998,41.679525],[-87.955977,41.679519],[-87.955959,41.679511],[-87.955951,41.6795],[-87.955946,41.679488],[-87.955949,41.679475],[-87.955954,41.679465],[-87.955966,41.679455],[-87.956101,41.679389],[-87.956116,41.679385],[-87.956144,41.679382],[-87.956181,41.679385],[-87.956211,41.679397],[-87.956231,41.67941],[-87.956246,41.679422],[-87.956254,41.679433],[-87.956256,41.679447],[-87.95625,41.679462],[-87.95624,41.679475],[-87.956217,41.679492]]]},"properties":{"feature_id":"tee-osm-w1126775125","layer":"tee","holes":[16],"source":"osm","osm_id":"way/1126775125","osm_version":2,"verified":false}},{"type":"Feature","geometry":{"type":"Polygon","coordinates":[[[-87.954821,41.67974],[-87.954808,41.679744],[-87.954788,41.679746],[-87.954765,41.679744],[-87.954745,41.67974],[-87.954732,41.67973],[-87.954721,41.679712],[-87.954697,41.679618],[-87.954704,41.679604],[-87.954714,41.679593],[-87.954753,41.679582],[-87.95477,41.679582],[-87.954788,41.679587],[-87.954807,41.679598],[-87.954839,41.679718],[-87.954834,41.679731],[-87.954821,41.67974]]]},"properties":{"feature_id":"tee-osm-w1126775131","layer":"tee","holes":[16],"source":"osm","osm_id":"way/1126775131","osm_version":2,"verified":false}},{"type":"Feature","geometry":{"type":"Polygon","coordinates":[[[-87.954776,41.67948],[-87.954761,41.679484],[-87.954738,41.679484],[-87.954699,41.679468],[-87.954684,41.679452],[-87.954622,41.679288],[-87.954577,41.679104],[-87.954577,41.679087],[-87.954583,41.679071],[-87.954597,41.679058],[-87.954611,41.679052],[-87.954625,41.679049],[-87.954643,41.679049],[-87.954657,41.679051],[-87.954673,41.679056],[-87.954686,41.679064],[-87.954699,41.679075],[-87.954801,41.679445],[-87.9548,41.679458],[-87.954792,41.679471],[-87.954776,41.67948]]]},"properties":{"feature_id":"tee-osm-w1126775132","layer":"tee","holes":[18],"source":"osm","osm_id":"way/1126775132","osm_version":2,"verified":false}},{"type":"Feature","geometry":{"type":"Polygon","coordinates":[[[-87.954423,41.679048],[-87.954416,41.679058],[-87.954405,41.679063],[-87.954373,41.67907],[-87.954357,41.67907],[-87.95434,41.679063],[-87.954327,41.679053],[-87.954306,41.679018],[-87.954301,41.679002],[-87.954303,41.678975],[-87.954308,41.678968],[-87.954319,41.678961],[-87.954335,41.678955],[-87.95435,41.678953],[-87.954368,41.678956],[-87.954382,41.678961],[-87.954396,41.67897],[-87.954409,41.678981],[-87.954427,41.679037],[-87.954423,41.679048]]]},"properties":{"feature_id":"tee-osm-w1126775133","layer":"tee","holes":[18],"source":"osm","osm_id":"way/1126775133","osm_version":2,"verified":false}},{"type":"Feature","geometry":{"type":"Polygon","coordinates":[[[-87.948334,41.678601],[-87.948264,41.67856],[-87.948323,41.678503],[-87.948394,41.678544],[-87.948334,41.678601]]]},"properties":{"feature_id":"tee-osm-w1240073853","layer":"tee","holes":[9],"source":"osm","osm_id":"way/1240073853","osm_version":1,"verified":false}},{"type":"Feature","geometry":{"type":"Polygon","coordinates":[[[-87.946832,41.677814],[-87.94682,41.677846],[-87.946798,41.677867],[-87.946767,41.677878],[-87.946735,41.677876],[-87.946701,41.677862],[-87.946687,41.677829],[-87.946698,41.677781],[-87.946705,41.677739],[-87.946713,41.677699],[-87.946722,41.67767],[-87.946744,41.677652],[-87.946777,41.677645],[-87.946814,41.677649],[-87.946839,41.67766],[-87.946853,41.677686],[-87.946848,41.677723],[-87.946841,41.677769],[-87.946832,41.677814]]]},"properties":{"feature_id":"tee-osm-w1240073857","layer":"tee","holes":[1],"source":"osm","osm_id":"way/1240073857","osm_version":1,"verified":false}},{"type":"Feature","geometry":{"type":"Polygon","coordinates":[[[-87.946747,41.677993],[-87.946738,41.67802],[-87.946736,41.678064],[-87.946713,41.67809],[-87.946667,41.678094],[-87.946623,41.678085],[-87.946583,41.678076],[-87.946556,41.678055],[-87.946552,41.678011],[-87.946568,41.677971],[-87.946583,41.677942],[-87.9466,41.677923],[-87.946643,41.677917],[-87.946685,41.677917],[-87.946721,41.677921],[-87.946747,41.677929],[-87.946765,41.677944],[-87.946761,41.677969],[-87.946747,41.677993]]]},"properties":{"feature_id":"tee-osm-w1240073858","layer":"tee","holes":[1],"source":"osm","osm_id":"way/1240073858","osm_version":1,"verified":false}},{"type":"Feature","geometry":{"type":"Polygon","coordinates":[[[-87.946675,41.678182],[-87.946655,41.678167],[-87.946621,41.678166],[-87.946581,41.67818],[-87.946563,41.678207],[-87.946567,41.67824],[-87.946584,41.678258],[-87.94662,41.678269],[-87.946655,41.678266],[-87.94668,41.678242],[-87.946685,41.678208],[-87.946675,41.678182]]]},"properties":{"feature_id":"tee-osm-w1240073859","layer":"tee","holes":[1],"source":"osm","osm_id":"way/1240073859","osm_version":1,"verified":false}},{"type":"Feature","geometry":{"type":"Polygon","coordinates":[[[-87.951051,41.67661],[-87.951052,41.676573],[-87.951053,41.676524],[-87.951053,41.676489],[-87.951045,41.676458],[-87.951024,41.67644],[-87.950989,41.676433],[-87.950953,41.676445],[-87.950932,41.676473],[-87.95092,41.676543],[-87.950913,41.676595],[-87.950911,41.67664],[-87.950909,41.676703],[-87.950904,41.676768],[-87.950897,41.676838],[-87.950895,41.676896],[-87.950899,41.676936],[-87.95092,41.676955],[-87.950947,41.676961],[-87.950986,41.676959],[-87.951021,41.676942],[-87.951029,41.676897],[-87.95103,41.676859],[-87.951034,41.676807],[-87.951037,41.676758],[-87.951043,41.676704],[-87.951051,41.67661]]]},"properties":{"feature_id":"tee-osm-w1240136375","layer":"tee","holes":[10],"source":"osm","osm_id":"way/1240136375","osm_version":1,"verified":false}},{"type":"Feature","geometry":{"type":"Polygon","coordinates":[[[-87.951745,41.67972],[-87.951726,41.679728],[-87.951709,41.679749],[-87.951704,41.679782],[-87.951705,41.679813],[-87.951698,41.679848],[-87.951688,41.679879],[-87.95167,41.679906],[-87.951654,41.679931],[-87.951645,41.679961],[-87.951634,41.680001],[-87.951622,41.680043],[-87.95161,41.680074],[-87.951604,41.680114],[-87.951615,41.680142],[-87.951634,41.680159],[-87.951659,41.680164],[-87.951694,41.680161],[-87.951718,41.680145],[-87.951734,41.680115],[-87.95174,41.680087],[-87.951751,41.680042],[-87.951761,41.680007],[-87.951772,41.679961],[-87.951781,41.679905],[-87.951792,41.679844],[-87.951802,41.679803],[-87.951803,41.679773],[-87.951802,41.679743],[-87.951791,41.679728],[-87.951769,41.679718],[-87.951745,41.67972]]]},"properties":{"feature_id":"tee-osm-w1240136379","layer":"tee","holes":[11],"source":"osm","osm_id":"way/1240136379","osm_version":1,"verified":false}},{"type":"Feature","geometry":{"type":"Polygon","coordinates":[[[-87.949934,41.682084],[-87.949933,41.682029],[-87.949928,41.681981],[-87.949914,41.681943],[-87.949882,41.681925],[-87.94984,41.681925],[-87.949799,41.681943],[-87.949782,41.681986],[-87.94978,41.682036],[-87.949785,41.682091],[-87.949786,41.682143],[-87.94979,41.682203],[-87.9498,41.682245],[-87.949822,41.682268],[-87.949851,41.682277],[-87.94989,41.68228],[-87.949917,41.682273],[-87.949944,41.682249],[-87.949945,41.682199],[-87.949937,41.682146],[-87.949934,41.682084]]]},"properties":{"feature_id":"tee-osm-w1240136382","layer":"tee","holes":[11],"source":"osm","osm_id":"way/1240136382","osm_version":1,"verified":false}},{"type":"Feature","geometry":{"type":"Polygon","coordinates":[[[-87.949853,41.681797],[-87.949833,41.681761],[-87.949813,41.681742],[-87.949768,41.681738],[-87.949734,41.681745],[-87.949699,41.681772],[-87.949693,41.681807],[-87.949699,41.681843],[-87.949714,41.681867],[-87.949745,41.681889],[-87.94978,41.681892],[-87.949819,41.681889],[-87.949845,41.681872],[-87.94986,41.681838],[-87.949853,41.681797]]]},"properties":{"feature_id":"tee-osm-w1240136383","layer":"tee","holes":[11],"source":"osm","osm_id":"way/1240136383","osm_version":1,"verified":false}},{"type":"Feature","geometry":{"type":"Polygon","coordinates":[[[-87.95057,41.686575],[-87.950558,41.686537],[-87.950533,41.686513],[-87.950493,41.686502],[-87.950445,41.686508],[-87.95041,41.686524],[-87.950399,41.68656],[-87.950413,41.686601],[-87.95043,41.686634],[-87.950453,41.686649],[-87.95049,41.686654],[-87.950542,41.686643],[-87.950568,41.686625],[-87.950576,41.6866],[-87.95057,41.686575]]]},"properties":{"feature_id":"tee-osm-w1240136387","layer":"tee","holes":[13],"source":"osm","osm_id":"way/1240136387","osm_version":1,"verified":false}},{"type":"Feature","geometry":{"type":"Polygon","coordinates":[[[-87.950369,41.686676],[-87.950337,41.686684],[-87.9503,41.686674],[-87.950274,41.686655],[-87.950257,41.686617],[-87.950246,41.686589],[-87.950241,41.686561],[-87.950263,41.686543],[-87.950298,41.686539],[-87.950338,41.68655],[-87.95036,41.686571],[-87.950374,41.686596],[-87.950384,41.686622],[-87.950387,41.686655],[-87.950369,41.686676]]]},"properties":{"feature_id":"tee-osm-w1240136388","layer":"tee","holes":[13],"source":"osm","osm_id":"way/1240136388","osm_version":1,"verified":false}},{"type":"Feature","geometry":{"type":"Polygon","coordinates":[[[-87.949929,41.686231],[-87.949888,41.686222],[-87.949853,41.686205],[-87.949827,41.686174],[-87.949811,41.686136],[-87.949774,41.686098],[-87.949721,41.68604],[-87.949679,41.686007],[-87.94964,41.685969],[-87.949656,41.685941],[-87.949685,41.685922],[-87.949725,41.685914],[-87.949744,41.68594],[-87.949772,41.685982],[-87.949807,41.686017],[-87.949847,41.686039],[-87.949892,41.68606],[-87.949931,41.686098],[-87.949961,41.686139],[-87.949981,41.686184],[-87.949967,41.686218],[-87.949929,41.686231]]]},"properties":{"feature_id":"tee-osm-w1240136390","layer":"tee","holes":[13],"source":"osm","osm_id":"way/1240136390","osm_version":1,"verified":false}},{"type":"Feature","geometry":{"type":"Polygon","coordinates":[[[-87.941443,41.685846],[-87.941374,41.685833],[-87.941305,41.68584],[-87.941288,41.685857],[-87.941293,41.685881],[-87.941328,41.685899],[-87.941367,41.685904],[-87.941401,41.685908],[-87.941438,41.685908],[-87.941457,41.685891],[-87.941463,41.685866],[-87.941443,41.685846]]]},"properties":{"feature_id":"tee-osm-w1240241818","layer":"tee","holes":[7],"source":"osm","osm_id":"way/1240241818","osm_version":1,"verified":false}},{"type":"Feature","geometry":{"type":"Polygon","coordinates":[[[-87.941893,41.685826],[-87.941845,41.685816],[-87.941783,41.685811],[-87.941716,41.685805],[-87.941657,41.685799],[-87.941608,41.685799],[-87.941567,41.685815],[-87.941555,41.685845],[-87.941551,41.685879],[-87.94158,41.685915],[-87.941636,41.685941],[-87.941712,41.685959],[-87.94182,41.685966],[-87.941875,41.685968],[-87.941916,41.68594],[-87.941935,41.685892],[-87.941923,41.68585],[-87.941893,41.685826]]]},"properties":{"feature_id":"tee-osm-w1240241819","layer":"tee","holes":[7],"source":"osm","osm_id":"way/1240241819","osm_version":1,"verified":false}},{"type":"Feature","geometry":{"type":"Polygon","coordinates":[[[-87.939548,41.687253],[-87.939544,41.687224],[-87.939518,41.687195],[-87.93946,41.687186],[-87.939421,41.687202],[-87.939406,41.687238],[-87.939405,41.687263],[-87.939412,41.687285],[-87.939444,41.687302],[-87.939481,41.687308],[-87.939518,41.687302],[-87.939539,41.687289],[-87.939548,41.687253]]]},"properties":{"feature_id":"tee-osm-w1240241839","layer":"tee","holes":[7],"source":"osm","osm_id":"way/1240241839","osm_version":1,"verified":false}},{"type":"Feature","geometry":{"type":"Polygon","coordinates":[[[-87.938472,41.686514],[-87.938464,41.686468],[-87.93844,41.686437],[-87.938395,41.686435],[-87.938366,41.686451],[-87.93837,41.686484],[-87.938374,41.686509],[-87.938394,41.68655],[-87.938405,41.686573],[-87.938433,41.686587],[-87.93847,41.686578],[-87.938484,41.68655],[-87.938472,41.686514]]]},"properties":{"feature_id":"tee-osm-w1240241840","layer":"tee","holes":[7],"source":"osm","osm_id":"way/1240241840","osm_version":1,"verified":false}},{"type":"Feature","geometry":{"type":"Polygon","coordinates":[[[-87.939189,41.684122],[-87.939176,41.684078],[-87.939173,41.684034],[-87.939154,41.684007],[-87.939109,41.684003],[-87.939074,41.684028],[-87.939069,41.684068],[-87.939066,41.684114],[-87.939066,41.684152],[-87.93909,41.684176],[-87.93913,41.684184],[-87.939165,41.68418],[-87.939192,41.684158],[-87.939189,41.684122]]]},"properties":{"feature_id":"tee-osm-w1240245442","layer":"tee","holes":[6],"source":"osm","osm_id":"way/1240245442","osm_version":1,"verified":false}},{"type":"Feature","geometry":{"type":"Polygon","coordinates":[[[-87.939284,41.683632],[-87.939298,41.683687],[-87.939305,41.683733],[-87.939311,41.683771],[-87.939302,41.683801],[-87.939278,41.683824],[-87.939243,41.683846],[-87.939209,41.683857],[-87.939167,41.683863],[-87.939132,41.683861],[-87.9391,41.683855],[-87.939084,41.683841],[-87.939079,41.683815],[-87.939085,41.68379],[-87.939095,41.683763],[-87.939111,41.683734],[-87.939117,41.683699],[-87.939109,41.68366],[-87.939099,41.683611],[-87.939092,41.683579],[-87.939085,41.683551],[-87.939092,41.683527],[-87.939109,41.683507],[-87.939142,41.683495],[-87.939176,41.68349],[-87.939218,41.683494],[-87.939252,41.683513],[-87.939266,41.683552],[-87.939276,41.683597],[-87.939284,41.683632]]]},"properties":{"feature_id":"tee-osm-w1240245443","layer":"tee","holes":[6],"source":"osm","osm_id":"way/1240245443","osm_version":1,"verified":false}},{"type":"Feature","geometry":{"type":"Polygon","coordinates":[[[-87.939201,41.683394],[-87.939193,41.683361],[-87.939175,41.683318],[-87.939159,41.68329],[-87.93914,41.683273],[-87.939101,41.683266],[-87.939061,41.683272],[-87.939022,41.683283],[-87.93901,41.683299],[-87.939011,41.683323],[-87.939021,41.683349],[-87.939033,41.683375],[-87.939044,41.683408],[-87.939052,41.683431],[-87.939069,41.683446],[-87.939103,41.683449],[-87.939132,41.683448],[-87.939164,41.68344],[-87.939191,41.683423],[-87.939201,41.683394]]]},"properties":{"feature_id":"tee-osm-w1240245444","layer":"tee","holes":[6],"source":"osm","osm_id":"way/1240245444","osm_version":1,"verified":false}},{"type":"Feature","geometry":{"type":"Polygon","coordinates":[[[-87.940387,41.687016],[-87.940417,41.686992],[-87.940429,41.686975],[-87.940419,41.686944],[-87.940367,41.686928],[-87.940314,41.686928],[-87.940261,41.686951],[-87.940222,41.686971],[-87.940192,41.687004],[-87.940176,41.687039],[-87.940173,41.687074],[-87.940185,41.687103],[-87.940224,41.687119],[-87.940268,41.687117],[-87.940314,41.687093],[-87.940337,41.687063],[-87.940355,41.687041],[-87.940387,41.687016]]]},"properties":{"feature_id":"tee-osm-w1240310059","layer":"tee","holes":[7],"source":"osm","osm_id":"way/1240310059","osm_version":1,"verified":false}},{"type":"Feature","geometry":{"type":"Polygon","coordinates":[[[-87.94058,41.686754],[-87.940546,41.686737],[-87.940496,41.686733],[-87.940434,41.686754],[-87.940408,41.686766],[-87.940392,41.686791],[-87.940397,41.68682],[-87.940408,41.68684],[-87.94044,41.686857],[-87.940486,41.68686],[-87.940535,41.686857],[-87.940567,41.686845],[-87.940594,41.686833],[-87.940604,41.686797],[-87.940597,41.686774],[-87.94058,41.686754]]]},"properties":{"feature_id":"tee-osm-w1240310060","layer":"tee","holes":[7],"source":"osm","osm_id":"way/1240310060","osm_version":1,"verified":false}},{"type":"Feature","geometry":{"type":"Polygon","coordinates":[[[-87.940638,41.686248],[-87.940626,41.686183],[-87.940608,41.686131],[-87.940578,41.686094],[-87.940535,41.686071],[-87.940465,41.686061],[-87.940404,41.686076],[-87.940369,41.68609],[-87.940344,41.686122],[-87.940346,41.686162],[-87.940364,41.686209],[-87.940362,41.686264],[-87.940348,41.686305],[-87.940335,41.686348],[-87.940344,41.686389],[-87.940365,41.686416],[-87.940408,41.686433],[-87.94047,41.686437],[-87.940519,41.68643],[-87.940581,41.686409],[-87.94061,41.686375],[-87.940626,41.686345],[-87.940642,41.68629],[-87.940638,41.686248]]]},"properties":{"feature_id":"tee-osm-w1240310061","layer":"tee","holes":[7],"source":"osm","osm_id":"way/1240310061","osm_version":1,"verified":false}},{"type":"Feature","geometry":{"type":"Polygon","coordinates":[[[-87.943761,41.683969],[-87.943721,41.683948],[-87.943661,41.683922],[-87.943599,41.683893],[-87.943545,41.683875],[-87.943503,41.683864],[-87.943448,41.683864],[-87.943411,41.683878],[-87.943385,41.683901],[-87.943366,41.683924],[-87.943362,41.683953],[-87.943385,41.683972],[-87.943413,41.683986],[-87.943473,41.68401],[-87.943514,41.684022],[-87.943554,41.684044],[-87.943604,41.684069],[-87.943637,41.684086],[-87.943676,41.6841],[-87.943711,41.684099],[-87.943742,41.684092],[-87.943768,41.684065],[-87.943787,41.684033],[-87.943788,41.684008],[-87.943782,41.683984],[-87.943761,41.683969]]]},"properties":{"feature_id":"tee-osm-w1240310066","layer":"tee","holes":[8],"source":"osm","osm_id":"way/1240310066","osm_version":1,"verified":false}},{"type":"Feature","geometry":{"type":"Polygon","coordinates":[[[-87.944047,41.683576],[-87.943999,41.683585],[-87.943959,41.683601],[-87.94391,41.683628],[-87.943864,41.683648],[-87.943821,41.683668],[-87.943775,41.683683],[-87.943744,41.683692],[-87.943708,41.683709],[-87.943684,41.683738],[-87.943684,41.683773],[-87.94369,41.683799],[-87.94371,41.683815],[-87.943753,41.683826],[-87.943801,41.683826],[-87.943841,41.683826],[-87.943885,41.683825],[-87.943922,41.683825],[-87.943959,41.683824],[-87.943999,41.683819],[-87.944035,41.683814],[-87.944064,41.683801],[-87.94408,41.68378],[-87.944089,41.683759],[-87.944095,41.683723],[-87.944109,41.683698],[-87.944137,41.683683],[-87.944152,41.683655],[-87.944149,41.68363],[-87.944137,41.683603],[-87.944112,41.683586],[-87.94408,41.683577],[-87.944047,41.683576]]]},"properties":{"feature_id":"tee-osm-w1240310067","layer":"tee","holes":[8],"source":"osm","osm_id":"way/1240310067","osm_version":1,"verified":false}},{"type":"Feature","geometry":{"type":"Polygon","coordinates":[[[-87.948434,41.683406],[-87.948406,41.683433],[-87.948376,41.683454],[-87.948343,41.68348],[-87.948304,41.683497],[-87.94827,41.683496],[-87.948241,41.683489],[-87.948206,41.683473],[-87.948186,41.683453],[-87.948184,41.683427],[-87.9482,41.683399],[-87.948227,41.683367],[-87.948251,41.68334],[-87.948278,41.683319],[-87.948302,41.683303],[-87.948332,41.68329],[-87.948371,41.683284],[-87.948408,41.68329],[-87.948436,41.683307],[-87.948457,41.683331],[-87.948461,41.683357],[-87.94845,41.683386],[-87.948434,41.683406]]]},"properties":{"feature_id":"tee-osm-w1240310072","layer":"tee","holes":[8],"source":"osm","osm_id":"way/1240310072","osm_version":1,"verified":false}},{"type":"Feature","geometry":{"type":"Polygon","coordinates":[[[-87.948217,41.683571],[-87.948194,41.683553],[-87.948162,41.683532],[-87.948132,41.683518],[-87.948105,41.683517],[-87.94808,41.683529],[-87.948065,41.683549],[-87.948054,41.68358],[-87.948066,41.683601],[-87.948086,41.683618],[-87.948115,41.683633],[-87.948144,41.683647],[-87.94818,41.683653],[-87.948208,41.683649],[-87.948231,41.683637],[-87.948245,41.683615],[-87.948239,41.68359],[-87.948217,41.683571]]]},"properties":{"feature_id":"tee-osm-w1240310073","layer":"tee","holes":[8],"source":"osm","osm_id":"way/1240310073","osm_version":1,"verified":false}},{"type":"Feature","geometry":{"type":"Polygon","coordinates":[[[-87.947386,41.681836],[-87.947416,41.681856],[-87.947418,41.681904],[-87.947425,41.681959],[-87.947411,41.682015],[-87.947369,41.682052],[-87.947313,41.682074],[-87.947246,41.682108],[-87.947206,41.682148],[-87.947182,41.682181],[-87.947164,41.682228],[-87.947164,41.682284],[-87.947159,41.682343],[-87.947117,41.682374],[-87.947054,41.68238],[-87.946989,41.68236],[-87.946958,41.682319],[-87.946951,41.682265],[-87.946956,41.682191],[-87.94697,41.682106],[-87.946979,41.682052],[-87.947007,41.681991],[-87.947049,41.681919],[-87.947108,41.68187],[-87.947161,41.681834],[-87.947234,41.68182],[-87.947306,41.681811],[-87.947386,41.681836]]]},"properties":{"feature_id":"tee-osm-w1240310090","layer":"tee","holes":[8],"source":"osm","osm_id":"way/1240310090","osm_version":1,"verified":false}},{"type":"Feature","geometry":{"type":"Polygon","coordinates":[[[-87.947488,41.681457],[-87.947458,41.681487],[-87.947418,41.681501],[-87.947372,41.681497],[-87.947337,41.681476],[-87.947337,41.681434],[-87.947362,41.681396],[-87.947397,41.68137],[-87.947446,41.681368],[-87.947488,41.68138],[-87.947507,41.681422],[-87.947488,41.681457]]]},"properties":{"feature_id":"tee-osm-w1240310091","layer":"tee","holes":[8],"source":"osm","osm_id":"way/1240310091","osm_version":1,"verified":false}},{"type":"Feature","geometry":{"type":"Polygon","coordinates":[[[-87.950741,41.679798],[-87.950713,41.679824],[-87.950679,41.679853],[-87.950651,41.679874],[-87.950612,41.679891],[-87.950564,41.679899],[-87.950522,41.679895],[-87.950501,41.679882],[-87.950501,41.679859],[-87.950526,41.679835],[-87.950561,41.679802],[-87.950595,41.679775],[-87.950632,41.679746],[-87.950658,41.679728],[-87.950687,41.679716],[-87.950717,41.679715],[-87.950748,41.679722],[-87.950764,41.67974],[-87.950768,41.679768],[-87.950741,41.679798]]]},"properties":{"feature_id":"tee-osm-w1240312020","layer":"tee","holes":[10],"source":"osm","osm_id":"way/1240312020","osm_version":1,"verified":false}},{"type":"Feature","geometry":{"type":"Polygon","coordinates":[[[-87.950559,41.67971],[-87.950534,41.679697],[-87.950497,41.679695],[-87.950453,41.679706],[-87.950416,41.679736],[-87.950382,41.679767],[-87.950336,41.679813],[-87.950301,41.679843],[-87.950258,41.679883],[-87.950216,41.679921],[-87.950196,41.679949],[-87.950198,41.679977],[-87.950218,41.679995],[-87.950251,41.679998],[-87.950288,41.679991],[-87.950334,41.679956],[-87.950372,41.67992],[-87.950416,41.67988],[-87.950451,41.679849],[-87.950494,41.679813],[-87.950527,41.679789],[-87.950554,41.679763],[-87.950573,41.679739],[-87.950559,41.67971]]]},"properties":{"feature_id":"tee-osm-w1240312021","layer":"tee","holes":[10],"source":"osm","osm_id":"way/1240312021","osm_version":1,"verified":false}},{"type":"Feature","geometry":{"type":"Polygon","coordinates":[[[-87.949055,41.682129],[-87.949004,41.682175],[-87.948944,41.682228],[-87.94888,41.682279],[-87.948824,41.682315],[-87.948767,41.682322],[-87.948723,41.682299],[-87.948716,41.682261],[-87.948765,41.682213],[-87.948815,41.682171],[-87.948877,41.682126],[-87.948919,41.682087],[-87.948947,41.682056],[-87.948986,41.682032],[-87.949029,41.682036],[-87.949071,41.68206],[-87.949078,41.6821],[-87.949055,41.682129]]]},"properties":{"feature_id":"tee-osm-w1240312024","layer":"tee","holes":[8],"source":"osm","osm_id":"way/1240312024","osm_version":1,"verified":false}},{"type":"Feature","geometry":{"type":"Polygon","coordinates":[[[-87.949308,41.68189],[-87.949261,41.68194],[-87.949213,41.681978],[-87.949163,41.681997],[-87.949112,41.681995],[-87.949078,41.681986],[-87.949059,41.681969],[-87.949054,41.68194],[-87.949075,41.681909],[-87.949121,41.681872],[-87.949162,41.681833],[-87.949193,41.681796],[-87.949222,41.681767],[-87.949241,41.681746],[-87.949273,41.681743],[-87.949323,41.681757],[-87.949349,41.681784],[-87.949349,41.681813],[-87.949335,41.681853],[-87.949308,41.68189]]]},"properties":{"feature_id":"tee-osm-w1240312025","layer":"tee","holes":[8],"source":"osm","osm_id":"way/1240312025","osm_version":1,"verified":false}},{"type":"Feature","geometry":{"type":"Polygon","coordinates":[[[-87.954659,41.677067],[-87.954645,41.677048],[-87.95462,41.677023],[-87.954599,41.677004],[-87.954568,41.676996],[-87.954543,41.676995],[-87.954517,41.677001],[-87.954493,41.677015],[-87.95448,41.677031],[-87.954485,41.677048],[-87.954497,41.677063],[-87.954517,41.677082],[-87.954531,41.677099],[-87.954543,41.677118],[-87.954554,41.67714],[-87.954567,41.677157],[-87.954582,41.67717],[-87.954599,41.677177],[-87.954622,41.677184],[-87.95465,41.677177],[-87.954668,41.677165],[-87.954679,41.677156],[-87.954688,41.677146],[-87.954691,41.677128],[-87.954685,41.677107],[-87.954674,41.677087],[-87.954659,41.677067]]]},"properties":{"feature_id":"tee-osm-w1240605723","layer":"tee","holes":[18],"source":"osm","osm_id":"way/1240605723","osm_version":1,"verified":false}},{"type":"Feature","geometry":{"type":"Polygon","coordinates":[[[-87.954448,41.676855],[-87.954428,41.676827],[-87.954409,41.676799],[-87.954383,41.676766],[-87.954362,41.676751],[-87.954334,41.676741],[-87.954306,41.676737],[-87.954274,41.676741],[-87.954241,41.676757],[-87.954225,41.676774],[-87.954215,41.676796],[-87.954217,41.676821],[-87.954226,41.676844],[-87.954237,41.676866],[-87.954258,41.676893],[-87.954275,41.676917],[-87.954292,41.67694],[-87.954308,41.676963],[-87.954325,41.676981],[-87.95434,41.676995],[-87.954374,41.677003],[-87.9544,41.676997],[-87.954436,41.676983],[-87.954462,41.676969],[-87.954482,41.676957],[-87.954497,41.676943],[-87.95449,41.676913],[-87.954474,41.676886],[-87.954448,41.676855]]]},"properties":{"feature_id":"tee-osm-w1240605724","layer":"tee","holes":[18],"source":"osm","osm_id":"way/1240605724","osm_version":1,"verified":false}},{"type":"Feature","geometry":{"type":"Polygon","coordinates":[[[-87.957007,41.678216],[-87.956995,41.678192],[-87.956976,41.678166],[-87.956948,41.678153],[-87.956916,41.678151],[-87.956881,41.678157],[-87.956857,41.678173],[-87.956813,41.678186],[-87.95677,41.678192],[-87.956738,41.678195],[-87.956705,41.6782],[-87.956687,41.678214],[-87.956675,41.67823],[-87.956672,41.678255],[-87.956672,41.678273],[-87.956687,41.678289],[-87.956716,41.678302],[-87.956759,41.678303],[-87.95681,41.678301],[-87.956861,41.678296],[-87.956901,41.678292],[-87.956939,41.678289],[-87.956968,41.678285],[-87.95699,41.678272],[-87.957007,41.678251],[-87.957007,41.678216]]]},"properties":{"feature_id":"tee-osm-w1240607939","layer":"tee","holes":[15],"source":"osm","osm_id":"way/1240607939","osm_version":1,"verified":false}},{"type":"Feature","geometry":{"type":"LineString","coordinates":[[-87.951906,41.677557],[-87.95222,41.67755],[-87.953073,41.677719],[-87.953444,41.677812],[-87.953551,41.677653],[-87.953589,41.677579],[-87.953593,41.677499],[-87.953586,41.677428],[-87.953597,41.677331],[-87.953576,41.677279],[-87.953504,41.677243],[-87.953289,41.6772],[-87.95322,41.677202],[-87.953041,41.677206],[-87.952873,41.67722]]},"properties":{"feature_id":"path-osm-w723160492","layer":"path","holes":[18],"source":"osm","osm_id":"way/723160492","osm_version":4,"verified":false}},{"type":"Feature","geometry":{"type":"LineString","coordinates":[[-87.951249,41.675512],[-87.951063,41.675439],[-87.9509,41.675341],[-87.950803,41.675312],[-87.950692,41.6753],[-87.950636,41.675315],[-87.950346,41.675456],[-87.950254,41.675509],[-87.950091,41.675695],[-87.950022,41.675754],[-87.949944,41.675803],[-87.949846,41.675848],[-87.949656,41.675936],[-87.949387,41.676013],[-87.948931,41.676124],[-87.94872,41.676152],[-87.948558,41.676152],[-87.948431,41.676236],[-87.94828,41.676336],[-87.947989,41.676553],[-87.947904,41.676666],[-87.947814,41.676767],[-87.947785,41.676857],[-87.947736,41.677069],[-87.9477,41.677375],[-87.947625,41.677619],[-87.94747,41.677961],[-87.947416,41.678048],[-87.947402,41.678072],[-87.947347,41.678205],[-87.947354,41.678352],[-87.947396,41.678475],[-87.947479,41.678557],[-87.94757,41.678578],[-87.947678,41.678571],[-87.947836,41.67849],[-87.948057,41.678353],[-87.948189,41.678243],[-87.948295,41.678071],[-87.948377,41.677999],[-87.948533,41.677929],[-87.948595,41.677876],[-87.94864,41.677867],[-87.94867,41.677865],[-87.948691,41.677883],[-87.948691,41.677909],[-87.948571,41.678014],[-87.948344,41.67823]]},"properties":{"feature_id":"path-osm-w738076160","layer":"path","holes":[1],"source":"osm","osm_id":"way/738076160","osm_version":4,"verified":false}},{"type":"Feature","geometry":{"type":"LineString","coordinates":[[-87.951063,41.675439],[-87.950978,41.675448],[-87.95086,41.675516],[-87.950768,41.675586],[-87.95054,41.675678],[-87.950364,41.675766],[-87.950235,41.675843],[-87.950124,41.675932],[-87.950088,41.675942],[-87.950046,41.675938],[-87.949995,41.675918],[-87.949952,41.675887],[-87.949846,41.675848]]},"properties":{"feature_id":"path-osm-w738076161","layer":"path","holes":[1],"source":"osm","osm_id":"way/738076161","osm_version":2,"verified":false}},{"type":"Feature","geometry":{"type":"LineString","coordinates":[[-87.948691,41.677883],[-87.94878,41.677811],[-87.948871,41.677718],[-87.94891,41.677643],[-87.948913,41.677595],[-87.948929,41.677582],[-87.948965,41.677594],[-87.948945,41.677627],[-87.94891,41.677643]]},"properties":{"feature_id":"path-osm-w738076162","layer":"path","holes":[2],"source":"osm","osm_id":"way/738076162","osm_version":1,"verified":false}},{"type":"Feature","geometry":{"type":"LineString","coordinates":[[-87.948344,41.67823],[-87.94833,41.678257],[-87.948326,41.678306],[-87.948399,41.67846],[-87.948409,41.678518],[-87.948396,41.678583],[-87.948315,41.678724],[-87.948155,41.678951],[-87.948089,41.679018],[-87.947928,41.679141],[-87.947837,41.67925],[-87.947708,41.679362],[-87.947556,41.679452],[-87.947352,41.679536],[-87.946969,41.679654]]},"properties":{"feature_id":"path-osm-w738076168","layer":"path","holes":[2],"source":"osm","osm_id":"way/738076168","osm_version":2,"verified":false}},{"type":"Feature","geometry":{"type":"LineString","coordinates":[[-87.946969,41.679654],[-87.946875,41.679698],[-87.946759,41.679731],[-87.946495,41.679773],[-87.946365,41.679772],[-87.946255,41.679756],[-87.946165,41.679721],[-87.946036,41.679711],[-87.945822,41.67973],[-87.945268,41.679839],[-87.945047,41.679863],[-87.944861,41.679896],[-87.944692,41.67996],[-87.944231,41.680164],[-87.943923,41.680293],[-87.94364,41.680374],[-87.943432,41.680441],[-87.943105,41.680606],[-87.942994,41.680672],[-87.942953,41.680711],[-87.942902,41.680799],[-87.942873,41.680822],[-87.942781,41.680865],[-87.942747,41.680893],[-87.942738,41.680952],[-87.942782,41.681203]]},"properties":{"feature_id":"path-osm-w738079342","layer":"path","holes":[3],"source":"osm","osm_id":"way/738079342","osm_version":2,"verified":false}},{"type":"Feature","geometry":{"type":"LineString","coordinates":[[-87.942782,41.681203],[-87.942756,41.681281],[-87.942684,41.681379],[-87.942601,41.681453],[-87.942362,41.681587],[-87.942307,41.681654],[-87.942286,41.681733],[-87.942313,41.681792],[-87.942376,41.681877],[-87.942064,41.681975],[-87.941995,41.682007],[-87.941951,41.682009],[-87.941941,41.68203],[-87.941964,41.682042],[-87.941983,41.682033],[-87.941995,41.682007]]},"properties":{"feature_id":"path-osm-w738081929","layer":"path","holes":[4],"source":"osm","osm_id":"way/738081929","osm_version":2,"verified":false}},{"type":"Feature","geometry":{"type":"LineString","coordinates":[[-87.94522,41.681093],[-87.94534,41.681037],[-87.945434,41.680979],[-87.945531,41.680942],[-87.94583,41.680754],[-87.946008,41.680716],[-87.946192,41.680638],[-87.946294,41.680601],[-87.946352,41.680597],[-87.946403,41.680583],[-87.946473,41.680516],[-87.946678,41.680363],[-87.946765,41.680195],[-87.94676,41.680138],[-87.946726,41.680104],[-87.946665,41.680115],[-87.946632,41.680147],[-87.946654,41.680171],[-87.946734,41.680171],[-87.94676,41.680138]]},"properties":{"feature_id":"path-osm-w738081937","layer":"path","holes":[4],"source":"osm","osm_id":"way/738081937","osm_version":4,"verified":false}},{"type":"Feature","geometry":{"type":"LineString","coordinates":[[-87.946403,41.680583],[-87.946503,41.680695],[-87.946513,41.680721],[-87.946513,41.680751],[-87.946499,41.680777],[-87.946469,41.680806],[-87.946398,41.680848],[-87.946163,41.680963],[-87.946034,41.681048],[-87.945882,41.681136],[-87.945812,41.68116],[-87.94542,41.681217],[-87.945181,41.681301],[-87.945026,41.681328],[-87.944837,41.681335],[-87.944708,41.681353],[-87.944617,41.681388],[-87.944362,41.681505],[-87.944223,41.681629],[-87.943991,41.681744],[-87.943686,41.681887],[-87.943591,41.681914],[-87.943416,41.681912],[-87.943313,41.681897],[-87.943231,41.681901],[-87.943137,41.681922],[-87.943027,41.681967],[-87.942821,41.682038],[-87.942743,41.682054],[-87.942615,41.682056],[-87.942484,41.682074],[-87.9424,41.682138],[-87.942321,41.682174],[-87.942225,41.682187],[-87.942056,41.682189],[-87.941828,41.682183],[-87.941669,41.682197],[-87.941498,41.682236],[-87.94111,41.682351],[-87.94103,41.682412],[-87.940952,41.682442],[-87.940763,41.682435]]},"properties":{"feature_id":"path-osm-w738084663","layer":"path","holes":[5],"source":"osm","osm_id":"way/738084663","osm_version":2,"verified":false}},{"type":"Feature","geometry":{"type":"LineString","coordinates":[[-87.942484,41.682074],[-87.94248,41.682031],[-87.942463,41.681981],[-87.942389,41.681872]]},"properties":{"feature_id":"path-osm-w738084664","layer":"path","holes":[4],"source":"osm","osm_id":"way/738084664","osm_version":2,"verified":false}},{"type":"Feature","geometry":{"type":"LineString","coordinates":[[-87.940763,41.682435],[-87.94068,41.682426],[-87.94063,41.682427],[-87.940588,41.682443],[-87.940571,41.682504],[-87.940546,41.68268],[-87.940501,41.682935],[-87.940436,41.683264],[-87.940414,41.683327],[-87.94035,41.6834],[-87.940098,41.683602],[-87.940004,41.683746],[-87.939895,41.683889],[-87.939849,41.683979],[-87.939836,41.684057],[-87.939858,41.684122],[-87.940007,41.684329],[-87.940104,41.684492],[-87.940161,41.684533],[-87.940201,41.684823],[-87.940227,41.684889],[-87.94027,41.684911],[-87.940321,41.684915],[-87.940394,41.684891],[-87.94052,41.684777]]},"properties":{"feature_id":"path-osm-w738092222","layer":"path","holes":[6],"source":"osm","osm_id":"way/738092222","osm_version":2,"verified":false}},{"type":"Feature","geometry":{"type":"LineString","coordinates":[[-87.94052,41.684777],[-87.940619,41.684695],[-87.940893,41.684506],[-87.940939,41.684454],[-87.941059,41.684265],[-87.941061,41.684195],[-87.941037,41.684137],[-87.940926,41.684005],[-87.9409,41.683953],[-87.940919,41.6839],[-87.941138,41.683644],[-87.941445,41.683148],[-87.941542,41.683069],[-87.94168,41.683002],[-87.942096,41.682833],[-87.942248,41.68279],[-87.942518,41.682749],[-87.942729,41.682746],[-87.942983,41.682796],[-87.943269,41.6828],[-87.943681,41.682779],[-87.943817,41.682784],[-87.943891,41.682814],[-87.94393,41.68286],[-87.943949,41.682949],[-87.943935,41.683034],[-87.943869,41.683154],[-87.943793,41.683252],[-87.943719,41.683295],[-87.943597,41.683308],[-87.943262,41.683282],[-87.943048,41.683289]]},"properties":{"feature_id":"path-osm-w738094560","layer":"path","holes":[7],"source":"osm","osm_id":"way/738094560","osm_version":3,"verified":false}},{"type":"Feature","geometry":{"type":"LineString","coordinates":[[-87.943597,41.683308],[-87.943639,41.683339],[-87.943646,41.683376],[-87.943632,41.683421],[-87.94358,41.683466],[-87.943565,41.683505],[-87.94357,41.683568],[-87.9436,41.683618],[-87.943647,41.683653],[-87.943816,41.683607],[-87.94411,41.683475],[-87.944224,41.68344],[-87.944591,41.683272],[-87.944706,41.683258],[-87.944862,41.683258]]},"properties":{"feature_id":"path-osm-w738099369","layer":"path","holes":[8],"source":"osm","osm_id":"way/738099369","osm_version":2,"verified":false}},{"type":"Feature","geometry":{"type":"LineString","coordinates":[[-87.945737,41.68181],[-87.946142,41.681461],[-87.946256,41.681291],[-87.9463,41.681256],[-87.946598,41.68114],[-87.946735,41.681094],[-87.946848,41.680999],[-87.946925,41.680891],[-87.946967,41.680793],[-87.947003,41.680709],[-87.947158,41.680532],[-87.947268,41.680425],[-87.947361,41.680378],[-87.947408,41.68033],[-87.947565,41.680233],[-87.947605,41.680134],[-87.947678,41.680044],[-87.947784,41.679968]]},"properties":{"feature_id":"path-osm-w738099370","layer":"path","holes":[9],"source":"osm","osm_id":"way/738099370","osm_version":4,"verified":false}},{"type":"Feature","geometry":{"type":"LineString","coordinates":[[-87.947784,41.679968],[-87.947881,41.679906],[-87.94807,41.679809],[-87.948171,41.679746],[-87.948259,41.679651],[-87.948422,41.67957],[-87.948512,41.679515],[-87.948641,41.679367],[-87.948977,41.679108],[-87.949133,41.679004],[-87.949303,41.678785],[-87.949558,41.678603],[-87.949473,41.678494],[-87.949409,41.678397],[-87.949398,41.678325],[-87.949232,41.67818],[-87.949165,41.678098],[-87.949236,41.67777],[-87.949324,41.677646],[-87.949347,41.677543],[-87.94948,41.67724],[-87.94954,41.677025],[-87.949563,41.676881],[-87.949613,41.676758],[-87.949687,41.676698],[-87.949738,41.676582],[-87.949789,41.676488],[-87.94983,41.676458],[-87.950002,41.676407],[-87.950126,41.676327],[-87.950228,41.676278],[-87.950349,41.676257],[-87.950419,41.676254],[-87.950485,41.676294],[-87.950515,41.676337],[-87.95051,41.676411],[-87.950464,41.676526],[-87.950451,41.67666],[-87.950419,41.676791],[-87.950393,41.676842],[-87.950356,41.67705],[-87.950288,41.677277],[-87.950224,41.677399],[-87.950044,41.677675],[-87.94995,41.677809],[-87.949893,41.677933],[-87.949882,41.678041],[-87.949838,41.67819],[-87.949673,41.678495],[-87.949558,41.678603]]},"properties":{"feature_id":"path-osm-w738100062","layer":"path","holes":[2],"source":"osm","osm_id":"way/738100062","osm_version":2,"verified":false}},{"type":"Feature","geometry":{"type":"LineString","coordinates":[[-87.943647,41.683653],[-87.943539,41.683701],[-87.943484,41.68375],[-87.943506,41.683798],[-87.943612,41.683864],[-87.943729,41.683881],[-87.943931,41.683862],[-87.944072,41.68384],[-87.944162,41.683805],[-87.944373,41.683659],[-87.944556,41.68359],[-87.944841,41.683496],[-87.944933,41.683479],[-87.945534,41.683456],[-87.945785,41.683412],[-87.945926,41.683368],[-87.946296,41.683325],[-87.946379,41.683328]]},"properties":{"feature_id":"path-osm-w738246707","layer":"path","holes":[8],"source":"osm","osm_id":"way/738246707","osm_version":2,"verified":false}},{"type":"Feature","geometry":{"type":"LineString","coordinates":[[-87.949002,41.679637],[-87.948811,41.679818],[-87.948611,41.680037],[-87.948534,41.680145],[-87.948115,41.68035],[-87.947908,41.680433],[-87.947585,41.680684],[-87.947528,41.680733],[-87.947459,41.680794],[-87.947397,41.680983],[-87.947332,41.681252],[-87.947197,41.681514],[-87.946956,41.681857],[-87.946886,41.682037],[-87.946892,41.682297],[-87.946966,41.682442],[-87.947129,41.682552],[-87.947265,41.682681],[-87.947326,41.682784],[-87.947287,41.682874],[-87.947141,41.682927],[-87.946961,41.683015],[-87.946909,41.683073],[-87.946892,41.683082]]},"properties":{"feature_id":"path-osm-w738246710","layer":"path","holes":[8],"source":"osm","osm_id":"way/738246710","osm_version":4,"verified":false}},{"type":"Feature","geometry":{"type":"LineString","coordinates":[[-87.949801,41.679601],[-87.949669,41.679555],[-87.949502,41.679525],[-87.949284,41.679525],[-87.949062,41.679599],[-87.949002,41.679637],[-87.948877,41.679652],[-87.948563,41.679744],[-87.948458,41.679783],[-87.94807,41.679809]]},"properties":{"feature_id":"path-osm-w738246711","layer":"path","holes":[9],"source":"osm","osm_id":"way/738246711","osm_version":2,"verified":false}},{"type":"Feature","geometry":{"type":"LineString","coordinates":[[-87.948431,41.676236],[-87.948357,41.676153],[-87.948289,41.676107],[-87.948257,41.676049],[-87.948252,41.675949],[-87.948229,41.675847],[-87.94816,41.67574],[-87.948233,41.675642],[-87.948334,41.675573],[-87.948182,41.675468],[-87.948066,41.675498],[-87.947914,41.675492],[-87.9478,41.675424]]},"properties":{"feature_id":"path-osm-w738247491","layer":"path","holes":[1],"source":"osm","osm_id":"way/738247491","osm_version":2,"verified":false}},{"type":"Feature","geometry":{"type":"LineString","coordinates":[[-87.949558,41.678603],[-87.949554,41.678709],[-87.949613,41.678943],[-87.949647,41.679012],[-87.949703,41.679064],[-87.949773,41.679108],[-87.949827,41.679164],[-87.949888,41.679302],[-87.94995,41.67946],[-87.950004,41.67952],[-87.950112,41.679566],[-87.9503,41.679591],[-87.950409,41.679591],[-87.950465,41.679579],[-87.950505,41.679553],[-87.950541,41.679538],[-87.950584,41.679539],[-87.950613,41.679545],[-87.950647,41.679585],[-87.950802,41.679629],[-87.950924,41.67962],[-87.951307,41.67958],[-87.951484,41.679561],[-87.951716,41.679561],[-87.951873,41.679585],[-87.951963,41.679523],[-87.952105,41.679448]]},"properties":{"feature_id":"path-osm-w738286180","layer":"path","holes":[10],"source":"osm","osm_id":"way/738286180","osm_version":4,"verified":false}},{"type":"Feature","geometry":{"type":"LineString","coordinates":[[-87.949801,41.679601],[-87.949925,41.679656],[-87.95007,41.679677],[-87.950238,41.679679],[-87.950393,41.679673],[-87.950539,41.679667],[-87.950802,41.679629]]},"properties":{"feature_id":"path-osm-w738292938","layer":"path","holes":[10],"source":"osm","osm_id":"way/738292938","osm_version":3,"verified":false}},{"type":"Feature","geometry":{"type":"LineString","coordinates":[[-87.952185,41.678961],[-87.952376,41.679095],[-87.952412,41.679152],[-87.952409,41.679374],[-87.952375,41.679405],[-87.952327,41.679417],[-87.952215,41.679414],[-87.952151,41.679428],[-87.952105,41.679448],[-87.952123,41.679529],[-87.952193,41.679914],[-87.952181,41.680002],[-87.952164,41.680029],[-87.952133,41.68029],[-87.952148,41.680797],[-87.95218,41.681525],[-87.952407,41.681825],[-87.952439,41.681887],[-87.95246,41.681981],[-87.952458,41.682241],[-87.952421,41.682422],[-87.952377,41.682702],[-87.95238,41.682849],[-87.952402,41.683008],[-87.952347,41.683366]]},"properties":{"feature_id":"path-osm-w738292939","layer":"path","holes":[11],"source":"osm","osm_id":"way/738292939","osm_version":4,"verified":false}},{"type":"Feature","geometry":{"type":"LineString","coordinates":[[-87.95269,41.680097],[-87.952826,41.68035],[-87.952936,41.680614],[-87.953054,41.681015],[-87.953234,41.681381],[-87.953317,41.681546],[-87.953379,41.68182],[-87.953395,41.682074],[-87.953381,41.682423],[-87.953456,41.682661],[-87.953487,41.682701],[-87.953593,41.682836],[-87.953963,41.683148],[-87.954213,41.683348],[-87.954411,41.683553],[-87.95447,41.683667],[-87.954494,41.683815],[-87.95443,41.683941],[-87.954156,41.684092],[-87.954143,41.684118],[-87.954156,41.684146],[-87.954046,41.684178],[-87.953888,41.684202],[-87.953797,41.684184],[-87.953328,41.684017],[-87.953194,41.683965],[-87.952995,41.683773],[-87.952885,41.683705],[-87.952695,41.683649],[-87.952477,41.683595],[-87.952389,41.683543],[-87.952338,41.683487],[-87.952347,41.683366]]},"properties":{"feature_id":"path-osm-w738297893","layer":"path","holes":[11],"source":"osm","osm_id":"way/738297893","osm_version":4,"verified":false}},{"type":"Feature","geometry":{"type":"LineString","coordinates":[[-87.951249,41.675512],[-87.951254,41.675754],[-87.951216,41.675969],[-87.951173,41.676016],[-87.951145,41.676079],[-87.951149,41.676255],[-87.951173,41.676418],[-87.951251,41.676748],[-87.951261,41.676937],[-87.951224,41.677339],[-87.951216,41.677425],[-87.951198,41.677655],[-87.951202,41.677834],[-87.95124,41.677981],[-87.951286,41.678101],[-87.951324,41.678382],[-87.95143,41.678584],[-87.951447,41.678673],[-87.951451,41.678762],[-87.95143,41.678884],[-87.951433,41.678939],[-87.951453,41.679002],[-87.9516,41.679266],[-87.951658,41.67945],[-87.951716,41.679561],[-87.951813,41.67962],[-87.951826,41.679726],[-87.951824,41.679824],[-87.9518,41.679922],[-87.951757,41.680119],[-87.951704,41.68037],[-87.951708,41.680549],[-87.951647,41.680807],[-87.951481,41.681107],[-87.951436,41.681265],[-87.951436,41.681387],[-87.951245,41.681751],[-87.951164,41.681979],[-87.95107,41.682282],[-87.951021,41.682395],[-87.950993,41.682562],[-87.950908,41.682653],[-87.95081,41.682805],[-87.950672,41.682908],[-87.950618,41.682919],[-87.95055,41.682932],[-87.950448,41.682911],[-87.950387,41.682829],[-87.950343,41.682748],[-87.950315,41.682644],[-87.950298,41.682498],[-87.950268,41.682457],[-87.950163,41.682391],[-87.950043,41.6823],[-87.950003,41.682252],[-87.949994,41.68207],[-87.950032,41.681996]]},"properties":{"feature_id":"path-osm-w738305107","layer":"path","holes":[10],"source":"osm","osm_id":"way/738305107","osm_version":5,"verified":false}},{"type":"Feature","geometry":{"type":"LineString","coordinates":[[-87.952279,41.683904],[-87.952607,41.683874],[-87.952683,41.683874],[-87.952798,41.683902],[-87.953256,41.68404],[-87.95334,41.684067],[-87.953476,41.68414],[-87.953599,41.684252],[-87.953684,41.6844],[-87.953716,41.684513],[-87.953702,41.684607],[-87.953542,41.684598],[-87.953434,41.684573],[-87.953295,41.684496],[-87.953231,41.684425],[-87.953209,41.6844],[-87.95318,41.684288],[-87.953192,41.684186],[-87.953256,41.68404]]},"properties":{"feature_id":"path-osm-w738384579","layer":"path","holes":[11],"source":"osm","osm_id":"way/738384579","osm_version":2,"verified":false}},{"type":"Feature","geometry":{"type":"LineString","coordinates":[[-87.953231,41.684425],[-87.953043,41.684514],[-87.952934,41.684519],[-87.952898,41.684534],[-87.952896,41.684572],[-87.952922,41.684593],[-87.952969,41.684601],[-87.953006,41.684581],[-87.953014,41.684539],[-87.953043,41.684514]]},"properties":{"feature_id":"path-osm-w738384580","layer":"path","holes":[11],"source":"osm","osm_id":"way/738384580","osm_version":2,"verified":false}},{"type":"Feature","geometry":{"type":"LineString","coordinates":[[-87.954156,41.684146],[-87.954265,41.684115],[-87.954303,41.684118],[-87.954334,41.684133],[-87.95435,41.684156],[-87.954345,41.684189],[-87.954049,41.684469],[-87.954029,41.68451],[-87.954029,41.684553],[-87.95405,41.68458],[-87.954178,41.684668],[-87.954188,41.684713],[-87.954178,41.684767],[-87.95399,41.685053],[-87.953865,41.68532],[-87.953642,41.685757],[-87.953491,41.686014],[-87.953401,41.686079],[-87.953243,41.686112]]},"properties":{"feature_id":"path-osm-w738384581","layer":"path","holes":[12],"source":"osm","osm_id":"way/738384581","osm_version":2,"verified":false}},{"type":"Feature","geometry":{"type":"LineString","coordinates":[[-87.953702,41.684607],[-87.953684,41.684721],[-87.953603,41.684831],[-87.953513,41.684895],[-87.953419,41.684917],[-87.953251,41.684937],[-87.952895,41.684993]]},"properties":{"feature_id":"path-osm-w738384587","layer":"path","holes":[12],"source":"osm","osm_id":"way/738384587","osm_version":2,"verified":false}},{"type":"Feature","geometry":{"type":"LineString","coordinates":[[-87.953243,41.686112],[-87.953168,41.686161],[-87.953105,41.686241],[-87.953089,41.686335],[-87.953024,41.686422],[-87.952684,41.686514],[-87.952552,41.686566],[-87.952509,41.686621],[-87.952526,41.686674],[-87.952625,41.68671],[-87.952839,41.686677],[-87.953064,41.686619],[-87.953237,41.686555],[-87.953442,41.686455],[-87.953601,41.686358],[-87.953759,41.686279],[-87.953859,41.686241],[-87.953904,41.686244],[-87.954161,41.686298],[-87.954325,41.686323],[-87.954495,41.686325],[-87.954663,41.686301],[-87.955008,41.686194],[-87.955316,41.686109],[-87.955553,41.686024],[-87.955619,41.686024],[-87.955682,41.686034],[-87.955884,41.685973],[-87.956093,41.685887],[-87.956406,41.685771],[-87.956584,41.685685],[-87.956747,41.685582],[-87.956808,41.685512],[-87.956906,41.685458],[-87.956994,41.685455]]},"properties":{"feature_id":"path-osm-w738385461","layer":"path","holes":[13],"source":"osm","osm_id":"way/738385461","osm_version":4,"verified":false}},{"type":"Feature","geometry":{"type":"LineString","coordinates":[[-87.956838,41.684758],[-87.956791,41.684772],[-87.956698,41.684817],[-87.956671,41.684974],[-87.956649,41.685024],[-87.956608,41.685051],[-87.956383,41.68505],[-87.956177,41.685065],[-87.956111,41.685046],[-87.955849,41.684871],[-87.955708,41.684737],[-87.955647,41.684699],[-87.955623,41.684662],[-87.955636,41.68461],[-87.955678,41.684586],[-87.955836,41.684576],[-87.955892,41.684553],[-87.955931,41.684511],[-87.955994,41.68437],[-87.956026,41.684344],[-87.95608,41.684328],[-87.956134,41.68432],[-87.956204,41.684291],[-87.956238,41.6842],[-87.956237,41.684071]]},"properties":{"feature_id":"path-osm-w738385797","layer":"path","holes":[15],"source":"osm","osm_id":"way/738385797","osm_version":4,"verified":false}},{"type":"Feature","geometry":{"type":"LineString","coordinates":[[-87.956535,41.683559],[-87.956542,41.683553],[-87.956566,41.683431],[-87.956517,41.683249],[-87.956434,41.683104],[-87.956363,41.683019],[-87.95628,41.682978],[-87.956223,41.68297],[-87.956146,41.68297],[-87.956076,41.682955],[-87.95602,41.682917],[-87.955991,41.68283],[-87.955928,41.682578],[-87.955931,41.682401],[-87.955959,41.682199],[-87.955999,41.682075],[-87.956036,41.681994],[-87.956045,41.681911],[-87.956036,41.681838],[-87.956005,41.681757],[-87.955947,41.681513],[-87.955918,41.681241],[-87.955878,41.68104],[-87.95584,41.680902],[-87.955848,41.680843],[-87.955869,41.680802],[-87.955848,41.680676],[-87.955853,41.680646],[-87.955876,41.68063],[-87.955901,41.680596],[-87.955911,41.680552],[-87.955964,41.680474],[-87.95597,41.680436],[-87.955876,41.680358],[-87.955748,41.680308],[-87.955704,41.680312],[-87.955656,41.680345],[-87.955649,41.680403],[-87.95563,41.680446],[-87.955582,41.680476],[-87.955485,41.680565]]},"properties":{"feature_id":"path-osm-w738396383","layer":"path","holes":[15],"source":"osm","osm_id":"way/738396383","osm_version":3,"verified":false}},{"type":"Feature","geometry":{"type":"LineString","coordinates":[[-87.955485,41.680565],[-87.955422,41.680659],[-87.955359,41.68073],[-87.955252,41.680826],[-87.955214,41.680881],[-87.955191,41.680946],[-87.955205,41.681205],[-87.955193,41.681241],[-87.955212,41.681346],[-87.955211,41.681407],[-87.955184,41.681455],[-87.95513,41.681506],[-87.955094,41.681521],[-87.954833,41.68168],[-87.954744,41.681728],[-87.954612,41.681865],[-87.954534,41.681955],[-87.954489,41.682041],[-87.954492,41.682282],[-87.954441,41.682463],[-87.954458,41.682517],[-87.954517,41.682619],[-87.954653,41.682799],[-87.954771,41.682969],[-87.954827,41.683076],[-87.954929,41.683211],[-87.954977,41.683311],[-87.955029,41.683447],[-87.955056,41.683478],[-87.955241,41.683585],[-87.955319,41.68369],[-87.955402,41.683837],[-87.955433,41.683922],[-87.955523,41.683978],[-87.95572,41.684053],[-87.95576,41.684089],[-87.955783,41.684128],[-87.955776,41.684179],[-87.955751,41.684211],[-87.955646,41.684246],[-87.955531,41.68433],[-87.955482,41.684353],[-87.955433,41.684362],[-87.955379,41.684355],[-87.955272,41.684273],[-87.955166,41.684165],[-87.95506,41.684043],[-87.95499,41.683901],[-87.955186,41.683913],[-87.955433,41.683922]]},"properties":{"feature_id":"path-osm-w738398427","layer":"path","holes":[16],"source":"osm","osm_id":"way/738398427","osm_version":2,"verified":false}},{"type":"Feature","geometry":{"type":"LineString","coordinates":[[-87.95499,41.683901],[-87.954864,41.683858],[-87.954759,41.683812],[-87.954651,41.683727],[-87.954411,41.683553]]},"properties":{"feature_id":"path-osm-w738398428","layer":"path","holes":[12],"source":"osm","osm_id":"way/738398428","osm_version":2,"verified":false}},{"type":"Feature","geometry":{"type":"LineString","coordinates":[[-87.953487,41.682701],[-87.953528,41.682586],[-87.953595,41.68243],[-87.953625,41.682338],[-87.953668,41.682262],[-87.953673,41.682187],[-87.953659,41.682065],[-87.953677,41.681972],[-87.953707,41.681886],[-87.95371,41.681739],[-87.953838,41.681632],[-87.95388,41.681576],[-87.953882,41.6815],[-87.953813,41.68129],[-87.953784,41.681265],[-87.953731,41.681255],[-87.953655,41.681268],[-87.953574,41.681298],[-87.953395,41.681317],[-87.953293,41.68134],[-87.953234,41.681381]]},"properties":{"feature_id":"path-osm-w738399165","layer":"path","holes":[18],"source":"osm","osm_id":"way/738399165","osm_version":2,"verified":false}},{"type":"Feature","geometry":{"type":"LineString","coordinates":[[-87.953536,41.679797],[-87.95352,41.679357],[-87.953442,41.679211],[-87.953488,41.678963],[-87.953566,41.678836],[-87.953665,41.67877],[-87.953722,41.678693],[-87.95374,41.678601],[-87.953715,41.678519],[-87.953591,41.678384],[-87.953602,41.678297],[-87.953456,41.678117],[-87.953368,41.677985],[-87.953272,41.677897],[-87.95311,41.677844],[-87.953049,41.677776],[-87.953073,41.677719]]},"properties":{"feature_id":"path-osm-w738400187","layer":"path","holes":[18],"source":"osm","osm_id":"way/738400187","osm_version":2,"verified":false}},{"type":"Feature","geometry":{"type":"LineString","coordinates":[[-87.953602,41.678297],[-87.953679,41.678363],[-87.953743,41.678437],[-87.953874,41.678513],[-87.95407,41.678667],[-87.954076,41.678827],[-87.954045,41.679043],[-87.953973,41.679226]]},"properties":{"feature_id":"path-osm-w738411550","layer":"path","holes":[18],"source":"osm","osm_id":"way/738411550","osm_version":2,"verified":false}},{"type":"Feature","geometry":{"type":"LineString","coordinates":[[-87.95407,41.678667],[-87.954119,41.678484],[-87.954101,41.678347],[-87.954028,41.678068],[-87.953942,41.677896],[-87.95391,41.677704],[-87.953884,41.677669],[-87.953819,41.677583],[-87.953739,41.677533],[-87.953642,41.677517],[-87.953593,41.677499]]},"properties":{"feature_id":"path-osm-w738411551","layer":"path","holes":[18],"source":"osm","osm_id":"way/738411551","osm_version":4,"verified":false}},{"type":"Feature","geometry":{"type":"LineString","coordinates":[[-87.949925,41.679656],[-87.94981,41.679625],[-87.949604,41.679611],[-87.949537,41.67962],[-87.949482,41.679641],[-87.94938,41.679746],[-87.949313,41.679777],[-87.94921,41.679785],[-87.949126,41.679802],[-87.949058,41.679849],[-87.948935,41.679997],[-87.94893,41.680056],[-87.948999,41.680247],[-87.949029,41.680395],[-87.949009,41.680457],[-87.948926,41.680509],[-87.948751,41.680583],[-87.94865,41.680627],[-87.948376,41.680838],[-87.948294,41.680882],[-87.948218,41.680933],[-87.948162,41.680998],[-87.948112,41.681072],[-87.948035,41.681261],[-87.947986,41.681344],[-87.947919,41.681419],[-87.947784,41.681543],[-87.947512,41.68184],[-87.947468,41.681942],[-87.947412,41.682109],[-87.947365,41.682195],[-87.947315,41.68234],[-87.947321,41.68238],[-87.947352,41.682405],[-87.947621,41.682543],[-87.948342,41.682893],[-87.948485,41.683019],[-87.948617,41.683088],[-87.948751,41.683143],[-87.949093,41.6834],[-87.949102,41.683458],[-87.949079,41.683572],[-87.949066,41.683752],[-87.949079,41.68397],[-87.949073,41.684133],[-87.949103,41.684207],[-87.949158,41.684295],[-87.949243,41.684383],[-87.949354,41.68451],[-87.949369,41.684565],[-87.949202,41.684906],[-87.949168,41.684943],[-87.94911,41.684991],[-87.949042,41.685014],[-87.948969,41.68502],[-87.948851,41.685009],[-87.948761,41.684996],[-87.948703,41.685003],[-87.948648,41.685021],[-87.948581,41.685042],[-87.948524,41.685083],[-87.948499,41.685146],[-87.948492,41.685209],[-87.948469,41.685271],[-87.948415,41.685341],[-87.948122,41.685632],[-87.948098,41.685658],[-87.94807,41.685736],[-87.948073,41.68584],[-87.948073,41.685951],[-87.948035,41.686111],[-87.947942,41.686223],[-87.947711,41.686455]]},"properties":{"feature_id":"path-osm-w738411554","layer":"path","holes":[8],"source":"osm","osm_id":"way/738411554","osm_version":3,"verified":false}},{"type":"Feature","geometry":{"type":"LineString","coordinates":[[-87.946969,41.679654],[-87.946923,41.679641],[-87.946653,41.679672],[-87.946793,41.679611],[-87.94687,41.679562],[-87.947076,41.679412],[-87.947133,41.679341],[-87.947086,41.679256],[-87.947047,41.679233],[-87.946999,41.679181],[-87.946976,41.679125],[-87.946972,41.679034],[-87.946986,41.678967],[-87.946907,41.67882],[-87.946944,41.678609],[-87.946956,41.678507],[-87.94695,41.678444],[-87.946905,41.67839],[-87.946824,41.678357],[-87.946764,41.678322],[-87.946716,41.678255],[-87.946723,41.678188],[-87.946784,41.67811],[-87.946809,41.67807],[-87.946824,41.677988],[-87.946877,41.677925],[-87.946919,41.67787],[-87.946925,41.677724],[-87.94695,41.677689],[-87.946999,41.677646],[-87.947139,41.677645],[-87.947161,41.677679],[-87.947183,41.67778],[-87.947209,41.677941],[-87.947246,41.67799],[-87.947312,41.678021],[-87.947416,41.678048]]},"properties":{"feature_id":"path-osm-w738411557","layer":"path","holes":[1],"source":"osm","osm_id":"way/738411557","osm_version":3,"verified":false}},{"type":"Feature","geometry":{"type":"LineString","coordinates":[[-87.946653,41.679672],[-87.946354,41.679713],[-87.946165,41.679721]]},"properties":{"feature_id":"path-osm-w738411558","layer":"path","holes":[4],"source":"osm","osm_id":"way/738411558","osm_version":2,"verified":false}},{"type":"Feature","geometry":{"type":"LineString","coordinates":[[-87.944987,41.681194],[-87.94522,41.681093]]},"properties":{"feature_id":"path-osm-w911326218","layer":"path","holes":[4],"source":"osm","osm_id":"way/911326218","osm_version":2,"verified":false}},{"type":"Feature","geometry":{"type":"LineString","coordinates":[[-87.942376,41.681877],[-87.942389,41.681872],[-87.942527,41.681823],[-87.942598,41.681786],[-87.942642,41.68175],[-87.942732,41.681714],[-87.943271,41.681552],[-87.943516,41.681511],[-87.94363,41.681499],[-87.943865,41.681441],[-87.944174,41.681352],[-87.944251,41.681321],[-87.944362,41.681293],[-87.944574,41.681267],[-87.944869,41.681209],[-87.944987,41.681194]]},"properties":{"feature_id":"path-osm-w911326219","layer":"path","holes":[3],"source":"osm","osm_id":"way/911326219","osm_version":2,"verified":false}},{"type":"Feature","geometry":{"type":"LineString","coordinates":[[-87.945547,41.681957],[-87.945737,41.68181]]},"properties":{"feature_id":"path-osm-w911326303","layer":"path","holes":[8],"source":"osm","osm_id":"way/911326303","osm_version":2,"verified":false}},{"type":"Feature","geometry":{"type":"LineString","coordinates":[[-87.943632,41.683421],[-87.943693,41.683403],[-87.943793,41.683356],[-87.943952,41.683257],[-87.944164,41.683096],[-87.944371,41.682951],[-87.944581,41.682758],[-87.944675,41.682682],[-87.944992,41.68245],[-87.945127,41.682338],[-87.945277,41.682178],[-87.945409,41.682057],[-87.945547,41.681957]]},"properties":{"feature_id":"path-osm-w911326304","layer":"path","holes":[7],"source":"osm","osm_id":"way/911326304","osm_version":2,"verified":false}},{"type":"Feature","geometry":{"type":"LineString","coordinates":[[-87.95322,41.677202],[-87.953275,41.67708],[-87.953371,41.67698],[-87.953411,41.676865],[-87.953472,41.676655],[-87.953513,41.676593],[-87.953579,41.676543],[-87.953794,41.676484],[-87.954084,41.676447]]},"properties":{"feature_id":"path-osm-w1078671586","layer":"path","holes":[18],"source":"osm","osm_id":"way/1078671586","osm_version":3,"verified":false}},{"type":"Feature","geometry":{"type":"LineString","coordinates":[[-87.954119,41.678484],[-87.954194,41.678592],[-87.954385,41.678729],[-87.954463,41.678796],[-87.954556,41.679205],[-87.954553,41.679315],[-87.954528,41.679435],[-87.954573,41.679551]]},"properties":{"feature_id":"path-osm-w1078671590","layer":"path","holes":[18],"source":"osm","osm_id":"way/1078671590","osm_version":2,"verified":false}},{"type":"Feature","geometry":{"type":"LineString","coordinates":[[-87.954868,41.679551],[-87.954922,41.679607],[-87.95495,41.679662],[-87.954955,41.679772],[-87.954969,41.679845],[-87.955023,41.679895],[-87.955077,41.679916],[-87.955154,41.679912],[-87.955215,41.679888],[-87.955284,41.679842],[-87.955454,41.67969],[-87.955683,41.679601],[-87.955816,41.679581],[-87.95599,41.679597],[-87.956077,41.679594],[-87.956404,41.679584]]},"properties":{"feature_id":"path-osm-w1078671591","layer":"path","holes":[16],"source":"osm","osm_id":"way/1078671591","osm_version":2,"verified":false}},{"type":"Feature","geometry":{"type":"LineString","coordinates":[[-87.956448,41.678837],[-87.956486,41.67898],[-87.956572,41.679216],[-87.95663,41.679304],[-87.956761,41.679439],[-87.956761,41.67948],[-87.956404,41.679584],[-87.956306,41.679696],[-87.95617,41.67978],[-87.956065,41.679899],[-87.956054,41.679964],[-87.956118,41.680064]]},"properties":{"feature_id":"path-osm-w1078671592","layer":"path","holes":[16],"source":"osm","osm_id":"way/1078671592","osm_version":2,"verified":false}},{"type":"Feature","geometry":{"type":"LineString","coordinates":[[-87.956572,41.679216],[-87.956464,41.6793],[-87.956442,41.679404],[-87.956358,41.679473],[-87.956204,41.679545],[-87.956077,41.679594]]},"properties":{"feature_id":"path-osm-w1078671593","layer":"path","holes":[16],"source":"osm","osm_id":"way/1078671593","osm_version":2,"verified":false}},{"type":"Feature","geometry":{"type":"LineString","coordinates":[[-87.955605,41.678138],[-87.955622,41.678411],[-87.955747,41.678478],[-87.955813,41.678543],[-87.955886,41.678579],[-87.955952,41.678575],[-87.956051,41.678543]]},"properties":{"feature_id":"path-osm-w1078671594","layer":"path","holes":[16],"source":"osm","osm_id":"way/1078671594","osm_version":4,"verified":false}},{"type":"Feature","geometry":{"type":"LineString","coordinates":[[-87.954527,41.676748],[-87.954191,41.676645],[-87.954101,41.67661]]},"properties":{"feature_id":"path-osm-w1078674720","layer":"path","holes":[18],"source":"osm","osm_id":"way/1078674720","osm_version":1,"verified":false}},{"type":"Feature","geometry":{"type":"LineString","coordinates":[[-87.953884,41.677669],[-87.953811,41.677493],[-87.95375,41.677264],[-87.953597,41.677127],[-87.953562,41.677082],[-87.953591,41.676995],[-87.953579,41.676922],[-87.953411,41.676865]]},"properties":{"feature_id":"path-osm-w1078674721","layer":"path","holes":[18],"source":"osm","osm_id":"way/1078674721","osm_version":2,"verified":false}},{"type":"Feature","geometry":{"type":"LineString","coordinates":[[-87.953225,41.676792],[-87.953411,41.676865]]},"properties":{"feature_id":"path-osm-w1078674722","layer":"path","holes":[18],"source":"osm","osm_id":"way/1078674722","osm_version":1,"verified":false}},{"type":"Feature","geometry":{"type":"LineString","coordinates":[[-87.954102,41.675931],[-87.953927,41.675922],[-87.953684,41.67592],[-87.953431,41.675935],[-87.953132,41.675985],[-87.952985,41.676004],[-87.952837,41.676002],[-87.952559,41.675939],[-87.952307,41.675904],[-87.952026,41.675904]]},"properties":{"feature_id":"path-osm-w1078674723","layer":"path","holes":[10],"source":"osm","osm_id":"way/1078674723","osm_version":2,"verified":false}},{"type":"Feature","geometry":{"type":"LineString","coordinates":[[-87.948312,41.683251],[-87.948183,41.683345],[-87.948079,41.683419],[-87.948056,41.683489],[-87.947724,41.683946],[-87.947587,41.683988]]},"properties":{"feature_id":"path-osm-w1165521258","layer":"path","holes":[8],"source":"osm","osm_id":"way/1165521258","osm_version":1,"verified":false}},{"type":"Feature","geometry":{"type":"LineString","coordinates":[[-87.947587,41.683988],[-87.947374,41.68401]]},"properties":{"feature_id":"path-osm-w1165521259","layer":"path","holes":[8],"source":"osm","osm_id":"way/1165521259","osm_version":1,"verified":false}},{"type":"Feature","geometry":{"type":"LineString","coordinates":[[-87.948183,41.683345],[-87.948092,41.683306],[-87.947962,41.683088],[-87.947922,41.683035],[-87.947857,41.682997],[-87.947773,41.682982],[-87.947648,41.683001],[-87.947497,41.683037],[-87.947049,41.683245]]},"properties":{"feature_id":"path-osm-w1165521260","layer":"path","holes":[8],"source":"osm","osm_id":"way/1165521260","osm_version":1,"verified":false}},{"type":"Feature","geometry":{"type":"LineString","coordinates":[[-87.946958,41.683289],[-87.94685,41.683342],[-87.946743,41.683378],[-87.946379,41.683328]]},"properties":{"feature_id":"path-osm-w1165521261","layer":"path","holes":[8],"source":"osm","osm_id":"way/1165521261","osm_version":1,"verified":false}},{"type":"Feature","geometry":{"type":"LineString","coordinates":[[-87.947049,41.683245],[-87.946958,41.683289]]},"properties":{"feature_id":"path-osm-w1165521262","layer":"path","holes":[8],"source":"osm","osm_id":"way/1165521262","osm_version":1,"verified":false}},{"type":"Feature","geometry":{"type":"LineString","coordinates":[[-87.945113,41.686258],[-87.945119,41.686309],[-87.944995,41.686417],[-87.94489,41.686508],[-87.944198,41.686617],[-87.943813,41.686798],[-87.943742,41.686799],[-87.943614,41.686788],[-87.94344,41.686862],[-87.943252,41.686908],[-87.943021,41.686929],[-87.942833,41.686933],[-87.942667,41.686938],[-87.942583,41.686958],[-87.942531,41.686984],[-87.942494,41.687016],[-87.942433,41.687049],[-87.942355,41.687052],[-87.942245,41.687042],[-87.942165,41.687028],[-87.942071,41.687033],[-87.941976,41.687063],[-87.941779,41.687154],[-87.941667,41.687182],[-87.941456,41.687217],[-87.941338,41.687251],[-87.941232,41.687294],[-87.94113,41.687359],[-87.941039,41.687381],[-87.940833,41.687392],[-87.940655,41.687456],[-87.940567,41.687506],[-87.940481,41.687554],[-87.9404,41.687634],[-87.940273,41.687663],[-87.940098,41.687718],[-87.940019,41.687716],[-87.939939,41.687701],[-87.939875,41.687631],[-87.939756,41.687545],[-87.93964,41.687429],[-87.939563,41.687358],[-87.939557,41.6873],[-87.939587,41.687247],[-87.939606,41.687157],[-87.939544,41.687084],[-87.939436,41.686973],[-87.939377,41.686888],[-87.939338,41.686826],[-87.939254,41.686627],[-87.939198,41.686506],[-87.939118,41.686441],[-87.93906,41.686432],[-87.939009,41.686436],[-87.938957,41.686464],[-87.938844,41.686532],[-87.93856,41.686652],[-87.938484,41.686664],[-87.938413,41.686638],[-87.938353,41.686591],[-87.938224,41.686302],[-87.938174,41.68623],[-87.938078,41.686142],[-87.93804,41.686087],[-87.937985,41.685869],[-87.937925,41.685755],[-87.937867,41.685692],[-87.937772,41.685626],[-87.937765,41.685547],[-87.937716,41.685472],[-87.937774,41.68528],[-87.937848,41.68522],[-87.937885,41.68515],[-87.937888,41.685066],[-87.937856,41.684973],[-87.937839,41.68489],[-87.937848,41.684817],[-87.937874,41.684671],[-87.937842,41.68454],[-87.937861,41.684437],[-87.937855,41.684314],[-87.937836,41.68424],[-87.937799,41.684102],[-87.937802,41.683978],[-87.937816,41.683879],[-87.937868,41.683817],[-87.937904,41.683787],[-87.937971,41.683771],[-87.938038,41.683775],[-87.938077,41.683795],[-87.93813,41.683806],[-87.938181,41.68378],[-87.938206,41.683747],[-87.938247,41.683659],[-87.93829,41.683596],[-87.938359,41.683555],[-87.938439,41.683532],[-87.938523,41.683525],[-87.938593,41.683504],[-87.938645,41.683467],[-87.938693,41.683405],[-87.938723,41.683362],[-87.938779,41.683343],[-87.938876,41.683326],[-87.938939,41.683294],[-87.938972,41.683277],[-87.939054,41.683243],[-87.93928,41.683204],[-87.939512,41.683186],[-87.93967,41.683176],[-87.939798,41.683171],[-87.939888,41.683143],[-87.939978,41.683074],[-87.940135,41.682941],[-87.940114,41.682876],[-87.94009,41.682814],[-87.940104,41.682736],[-87.940091,41.68264],[-87.940102,41.682592],[-87.940165,41.682514],[-87.94025,41.682453],[-87.940291,41.682424],[-87.940413,41.682409],[-87.940494,41.682406],[-87.94063,41.682427]]},"properties":{"feature_id":"path-osm-w1165521270","layer":"path","holes":[7],"source":"osm","osm_id":"way/1165521270","osm_version":1,"verified":false}},{"type":"Feature","geometry":{"type":"LineString","coordinates":[[-87.938939,41.683294],[-87.939007,41.683387],[-87.939087,41.683712],[-87.939042,41.683799],[-87.938998,41.683888],[-87.939001,41.683941],[-87.939041,41.684024],[-87.938999,41.684237],[-87.938952,41.684505],[-87.938959,41.684673],[-87.938915,41.684837],[-87.938975,41.684919],[-87.938984,41.684969],[-87.938995,41.685058],[-87.93904,41.685125],[-87.93922,41.685267],[-87.939287,41.685343],[-87.939291,41.685427],[-87.939304,41.685542],[-87.93933,41.685615],[-87.939394,41.685709],[-87.939417,41.685803],[-87.939482,41.685903],[-87.93954,41.686014],[-87.939635,41.686138],[-87.93968,41.68623],[-87.939742,41.68628],[-87.939833,41.686282],[-87.939924,41.686262],[-87.940025,41.68628],[-87.940104,41.686354],[-87.940158,41.686466],[-87.940172,41.686551],[-87.940142,41.686855],[-87.940085,41.686905],[-87.940031,41.686949],[-87.940015,41.687036],[-87.939991,41.687065],[-87.939951,41.687141],[-87.939941,41.687206],[-87.939932,41.687295],[-87.939934,41.687355],[-87.939892,41.687395],[-87.939851,41.687443],[-87.939785,41.687512],[-87.939756,41.687545]]},"properties":{"feature_id":"path-osm-w1165521271","layer":"path","holes":[7],"source":"osm","osm_id":"way/1165521271","osm_version":1,"verified":false}},{"type":"Feature","geometry":{"type":"LineString","coordinates":[[-87.939436,41.686973],[-87.939433,41.687051],[-87.939459,41.687105],[-87.939606,41.687157],[-87.939742,41.687205],[-87.939819,41.687293],[-87.939851,41.687366],[-87.939892,41.687395],[-87.939959,41.687439],[-87.940058,41.687464],[-87.940142,41.687465],[-87.940237,41.687459],[-87.940297,41.687445],[-87.940353,41.687415],[-87.940364,41.687376],[-87.940383,41.687346]]},"properties":{"feature_id":"path-osm-w1165521272","layer":"path","holes":[7],"source":"osm","osm_id":"way/1165521272","osm_version":1,"verified":false}},{"type":"Feature","geometry":{"type":"LineString","coordinates":[[-87.940833,41.687392],[-87.940657,41.687395],[-87.940569,41.687388],[-87.94046,41.687379],[-87.940383,41.687346],[-87.94034,41.68727],[-87.940334,41.687198],[-87.940334,41.687145],[-87.940343,41.687109],[-87.940381,41.687061],[-87.940436,41.68702],[-87.940502,41.686969],[-87.94058,41.686913],[-87.940652,41.686848],[-87.940682,41.686799],[-87.940679,41.686745],[-87.94065,41.686682],[-87.940652,41.686596],[-87.940718,41.686432],[-87.94074,41.686365],[-87.941125,41.685715],[-87.941158,41.685587],[-87.941284,41.685436],[-87.941367,41.685327],[-87.941411,41.68524],[-87.941441,41.68519],[-87.941453,41.68517],[-87.941452,41.685138]]},"properties":{"feature_id":"path-osm-w1165521273","layer":"path","holes":[7],"source":"osm","osm_id":"way/1165521273","osm_version":2,"verified":false}},{"type":"Feature","geometry":{"type":"LineString","coordinates":[[-87.944072,41.68384],[-87.943948,41.683966],[-87.943827,41.684067],[-87.94374,41.684134],[-87.943663,41.684119],[-87.943493,41.684049],[-87.943264,41.683984],[-87.943071,41.683972],[-87.942929,41.683993],[-87.942855,41.684011],[-87.942779,41.684049],[-87.942709,41.684125],[-87.942614,41.684127],[-87.942544,41.684199],[-87.942391,41.684251],[-87.942318,41.68429],[-87.942234,41.684368],[-87.942108,41.684414],[-87.942055,41.684442],[-87.941899,41.684582],[-87.941813,41.684645]]},"properties":{"feature_id":"path-osm-w1165521274","layer":"path","holes":[8],"source":"osm","osm_id":"way/1165521274","osm_version":2,"verified":false}},{"type":"Feature","geometry":{"type":"LineString","coordinates":[[-87.943484,41.68375],[-87.943353,41.68378],[-87.943271,41.683843],[-87.943252,41.68393],[-87.943264,41.683984],[-87.943265,41.684117],[-87.943235,41.684263],[-87.943129,41.684267],[-87.942961,41.684287],[-87.94282,41.684333],[-87.942699,41.684384],[-87.942622,41.684457],[-87.942591,41.684541],[-87.942604,41.684607],[-87.942683,41.684673],[-87.942813,41.684704],[-87.943075,41.684725],[-87.94336,41.684779],[-87.943503,41.684832],[-87.943621,41.684871],[-87.94381,41.684894],[-87.944039,41.684894],[-87.944121,41.684916],[-87.944292,41.685042],[-87.944453,41.685128],[-87.944619,41.685192],[-87.945078,41.685246],[-87.945257,41.685301],[-87.945401,41.685332],[-87.945696,41.685308],[-87.945857,41.685348],[-87.94606,41.685332],[-87.946169,41.685358],[-87.946301,41.685408],[-87.946427,41.685409],[-87.946515,41.685399],[-87.946543,41.685302],[-87.946567,41.685224],[-87.946551,41.685052],[-87.946515,41.684973],[-87.946352,41.684823],[-87.946035,41.684657],[-87.945743,41.684553],[-87.945414,41.684393],[-87.945149,41.684336],[-87.944955,41.684276],[-87.944681,41.684144],[-87.944538,41.684138],[-87.944131,41.684121],[-87.943792,41.684135],[-87.94374,41.684134]]},"properties":{"feature_id":"path-osm-w1165521275","layer":"path","holes":[8],"source":"osm","osm_id":"way/1165521275","osm_version":1,"verified":false}},{"type":"Feature","geometry":{"type":"LineString","coordinates":[[-87.950618,41.682919],[-87.950412,41.683101],[-87.950342,41.683174]]},"properties":{"feature_id":"path-osm-w1165521277","layer":"path","holes":[11],"source":"osm","osm_id":"way/1165521277","osm_version":1,"verified":false}},{"type":"Feature","geometry":{"type":"LineString","coordinates":[[-87.951307,41.67958],[-87.951156,41.679714],[-87.95095,41.679861],[-87.950834,41.679966],[-87.950923,41.68051],[-87.9509,41.680658],[-87.950727,41.680764],[-87.950316,41.681156],[-87.95,41.681468],[-87.949673,41.681633],[-87.949421,41.681783],[-87.949343,41.681919],[-87.949168,41.682047],[-87.94909,41.682056],[-87.949024,41.682015],[-87.948969,41.682014],[-87.948893,41.682068],[-87.948774,41.682175],[-87.948677,41.682233],[-87.948497,41.682164],[-87.948468,41.682119],[-87.948495,41.681971],[-87.948492,41.681873],[-87.948562,41.681714],[-87.948584,41.681567],[-87.948658,41.681484],[-87.948726,41.681426],[-87.948758,41.681346],[-87.948721,41.681237],[-87.948734,41.681133],[-87.948797,41.680966],[-87.948911,41.680824],[-87.949014,41.68067],[-87.949226,41.680455],[-87.949398,41.680402],[-87.949525,41.680291],[-87.949703,41.680209],[-87.949797,41.680188],[-87.949914,41.680108],[-87.95001,41.679994],[-87.950185,41.679843],[-87.950235,41.679817],[-87.950273,41.679797],[-87.950353,41.679724],[-87.950393,41.679673]]},"properties":{"feature_id":"path-osm-w1165521278","layer":"path","holes":[10],"source":"osm","osm_id":"way/1165521278","osm_version":1,"verified":false}},{"type":"Feature","geometry":{"type":"LineString","coordinates":[[-87.950235,41.679817],[-87.950228,41.679773],[-87.950169,41.67974],[-87.950079,41.679779],[-87.949874,41.679993]]},"properties":{"feature_id":"path-osm-w1165521279","layer":"path","holes":[10],"source":"osm","osm_id":"way/1165521279","osm_version":1,"verified":false}},{"type":"Feature","geometry":{"type":"LineString","coordinates":[[-87.949409,41.678397],[-87.949415,41.67851],[-87.949328,41.678688],[-87.949303,41.678785]]},"properties":{"feature_id":"path-osm-w1165521280","layer":"path","holes":[10],"source":"osm","osm_id":"way/1165521280","osm_version":1,"verified":false}},{"type":"Feature","geometry":{"type":"LineString","coordinates":[[-87.951224,41.677339],[-87.951163,41.677297],[-87.951106,41.677132],[-87.95106,41.676975],[-87.951074,41.676821],[-87.951109,41.676731],[-87.951134,41.676561],[-87.951173,41.676418]]},"properties":{"feature_id":"path-osm-w1165521281","layer":"path","holes":[10],"source":"osm","osm_id":"way/1165521281","osm_version":1,"verified":false}},{"type":"Feature","geometry":{"type":"LineString","coordinates":[[-87.951145,41.676079],[-87.950826,41.676191],[-87.950644,41.676219],[-87.950419,41.676254]]},"properties":{"feature_id":"path-osm-w1165521282","layer":"path","holes":[10],"source":"osm","osm_id":"way/1165521282","osm_version":1,"verified":false}},{"type":"Feature","geometry":{"type":"LineString","coordinates":[[-87.950644,41.676219],[-87.950515,41.676337]]},"properties":{"feature_id":"path-osm-w1165521283","layer":"path","holes":[10],"source":"osm","osm_id":"way/1165521283","osm_version":1,"verified":false}},{"type":"Feature","geometry":{"type":"LineString","coordinates":[[-87.950022,41.675754],[-87.949927,41.675718],[-87.94972,41.67558]]},"properties":{"feature_id":"path-osm-w1165521284","layer":"path","holes":[1],"source":"osm","osm_id":"way/1165521284","osm_version":1,"verified":false}},{"type":"Feature","geometry":{"type":"LineString","coordinates":[[-87.95,41.686292],[-87.950009,41.686159],[-87.949947,41.686069],[-87.949907,41.686018],[-87.949931,41.685986],[-87.950036,41.685995]]},"properties":{"feature_id":"path-osm-w1165521288","layer":"path","holes":[13],"source":"osm","osm_id":"way/1165521288","osm_version":1,"verified":false}},{"type":"Feature","geometry":{"type":"LineString","coordinates":[[-87.947528,41.680733],[-87.947342,41.680782],[-87.946967,41.680793]]},"properties":{"feature_id":"path-osm-w1165521289","layer":"path","holes":[9],"source":"osm","osm_id":"way/1165521289","osm_version":1,"verified":false}},{"type":"Feature","geometry":{"type":"LineString","coordinates":[[-87.948558,41.676152],[-87.948357,41.676153]]},"properties":{"feature_id":"path-osm-w1165521291","layer":"path","holes":[1],"source":"osm","osm_id":"way/1165521291","osm_version":1,"verified":false}},{"type":"Feature","geometry":{"type":"LineString","coordinates":[[-87.946804,41.683129],[-87.946615,41.683231],[-87.946475,41.683259],[-87.946337,41.683257],[-87.944862,41.683258]]},"properties":{"feature_id":"path-osm-w1175519488","layer":"path","holes":[8],"source":"osm","osm_id":"way/1175519488","osm_version":1,"verified":false}},{"type":"Feature","geometry":{"type":"LineString","coordinates":[[-87.946892,41.683082],[-87.946804,41.683129]]},"properties":{"feature_id":"path-osm-w1175519489","layer":"path","holes":[8],"source":"osm","osm_id":"way/1175519489","osm_version":1,"verified":false}},{"type":"Feature","geometry":{"type":"LineString","coordinates":[[-87.956237,41.684071],[-87.956227,41.683918],[-87.956231,41.683797],[-87.956298,41.683702],[-87.956378,41.683631],[-87.95648,41.683606]]},"properties":{"feature_id":"path-osm-w1175519506","layer":"path","holes":[16],"source":"osm","osm_id":"way/1175519506","osm_version":1,"verified":false}},{"type":"Feature","geometry":{"type":"LineString","coordinates":[[-87.95648,41.683606],[-87.956535,41.683559]]},"properties":{"feature_id":"path-osm-w1175519507","layer":"path","holes":[16],"source":"osm","osm_id":"way/1175519507","osm_version":1,"verified":false}},{"type":"Feature","geometry":{"type":"LineString","coordinates":[[-87.957565,41.684677],[-87.957362,41.684681],[-87.95718,41.684692],[-87.956985,41.684717],[-87.956942,41.684729]]},"properties":{"feature_id":"path-osm-w1175519508","layer":"path","holes":[14],"source":"osm","osm_id":"way/1175519508","osm_version":1,"verified":false}},{"type":"Feature","geometry":{"type":"LineString","coordinates":[[-87.956942,41.684729],[-87.956838,41.684758]]},"properties":{"feature_id":"path-osm-w1175519509","layer":"path","holes":[13],"source":"osm","osm_id":"way/1175519509","osm_version":1,"verified":false}},{"type":"Feature","geometry":{"type":"LineString","coordinates":[[-87.957105,41.68545],[-87.957147,41.685448],[-87.957448,41.685387],[-87.957693,41.685307],[-87.957859,41.685157],[-87.957912,41.685026],[-87.957908,41.684874],[-87.957884,41.684738],[-87.957835,41.684677],[-87.957656,41.68467],[-87.957565,41.684677]]},"properties":{"feature_id":"path-osm-w1175519510","layer":"path","holes":[13],"source":"osm","osm_id":"way/1175519510","osm_version":1,"verified":false}},{"type":"Feature","geometry":{"type":"LineString","coordinates":[[-87.956994,41.685455],[-87.957105,41.68545]]},"properties":{"feature_id":"path-osm-w1175519511","layer":"path","holes":[13],"source":"osm","osm_id":"way/1175519511","osm_version":1,"verified":false}},{"type":"Feature","geometry":{"type":"LineString","coordinates":[[-87.9417,41.684686],[-87.941587,41.684768],[-87.941541,41.684857],[-87.941476,41.68494],[-87.941384,41.685021],[-87.941275,41.685099],[-87.941158,41.685178],[-87.941051,41.685272],[-87.940903,41.685372],[-87.940798,41.685453],[-87.940685,41.685613],[-87.940656,41.685691],[-87.940625,41.685783],[-87.940647,41.685868],[-87.940683,41.685988],[-87.940687,41.686019],[-87.940709,41.686175],[-87.94074,41.686365]]},"properties":{"feature_id":"path-osm-w1187658281","layer":"path","holes":[7],"source":"osm","osm_id":"way/1187658281","osm_version":1,"verified":false}},{"type":"Feature","geometry":{"type":"LineString","coordinates":[[-87.941813,41.684645],[-87.9417,41.684686]]},"properties":{"feature_id":"path-osm-w1187658282","layer":"path","holes":[6],"source":"osm","osm_id":"way/1187658282","osm_version":1,"verified":false}},{"type":"Feature","geometry":{"type":"LineString","coordinates":[[-87.941396,41.685043],[-87.941384,41.685021]]},"properties":{"feature_id":"path-osm-w1187658283","layer":"path","holes":[7],"source":"osm","osm_id":"way/1187658283","osm_version":1,"verified":false}},{"type":"Feature","geometry":{"type":"LineString","coordinates":[[-87.941452,41.685138],[-87.941396,41.685043]]},"properties":{"feature_id":"path-osm-w1187658284","layer":"path","holes":[7],"source":"osm","osm_id":"way/1187658284","osm_version":1,"verified":false}},{"type":"Feature","geometry":{"type":"LineString","coordinates":[[-87.950777,41.675433],[-87.948208,41.676862],[-87.947738,41.678236]]},"properties":{"feature_id":"hole-osm-w738075683","layer":"hole","holes":[1],"source":"osm","osm_id":"way/738075683","osm_version":8,"verified":false,"hole_number_source":"osm_ref","playing_line":"primary","ref":"1 No.4"}},{"type":"Feature","geometry":{"type":"LineString","coordinates":[[-87.949056,41.677721],[-87.947558,41.679172]]},"properties":{"feature_id":"hole-osm-w738076874","layer":"hole","holes":[2],"source":"osm","osm_id":"way/738076874","osm_version":7,"verified":false,"hole_number_source":"osm_ref","playing_line":"primary","ref":"2 No.4"}},{"type":"Feature","geometry":{"type":"LineString","coordinates":[[-87.947486,41.679609],[-87.944521,41.680366],[-87.94307,41.681096]]},"properties":{"feature_id":"hole-osm-w738080389","layer":"hole","holes":[3],"source":"osm","osm_id":"way/738080389","osm_version":5,"verified":false,"hole_number_source":"osm_ref","playing_line":"primary","ref":"3 No.4"}},{"type":"Feature","geometry":{"type":"LineString","coordinates":[[-87.94178,41.682011],[-87.94543,41.680682],[-87.946355,41.680293]]},"properties":{"feature_id":"hole-osm-w738081945","layer":"hole","holes":[4],"source":"osm","osm_id":"way/738081945","osm_version":5,"verified":false,"hole_number_source":"osm_ref","playing_line":"primary","ref":"4 No.4"}},{"type":"Feature","geometry":{"type":"LineString","coordinates":[[-87.946557,41.680943],[-87.943843,41.682129],[-87.941498,41.682562]]},"properties":{"feature_id":"hole-osm-w738086836","layer":"hole","holes":[5],"source":"osm","osm_id":"way/738086836","osm_version":5,"verified":false,"hole_number_source":"osm_ref","playing_line":"primary","ref":"5 No.4"}},{"type":"Feature","geometry":{"type":"LineString","coordinates":[[-87.940775,41.682338],[-87.940318,41.684282]]},"properties":{"feature_id":"hole-osm-w738093369","layer":"hole","holes":[6],"source":"osm","osm_id":"way/738093369","osm_version":5,"verified":false,"hole_number_source":"osm_ref","playing_line":"primary","ref":"6 No.4"}},{"type":"Feature","geometry":{"type":"LineString","coordinates":[[-87.940139,41.685067],[-87.941874,41.683181],[-87.943585,41.683087]]},"properties":{"feature_id":"hole-osm-w738095375","layer":"hole","holes":[7],"source":"osm","osm_id":"way/738095375","osm_version":5,"verified":false,"hole_number_source":"osm_ref","playing_line":"primary","ref":"7 No.4"}},{"type":"Feature","geometry":{"type":"LineString","coordinates":[[-87.943729,41.683527],[-87.946002,41.682093],[-87.946797,41.681362]]},"properties":{"feature_id":"hole-osm-w738099384","layer":"hole","holes":[8],"source":"osm","osm_id":"way/738099384","osm_version":6,"verified":false,"hole_number_source":"osm_ref","playing_line":"primary","ref":"8 No.4"}},{"type":"Feature","geometry":{"type":"LineString","coordinates":[[-87.946648,41.680852],[-87.948683,41.679011],[-87.950162,41.676586]]},"properties":{"feature_id":"hole-osm-w738105029","layer":"hole","holes":[9],"source":"osm","osm_id":"way/738105029","osm_version":5,"verified":false,"hole_number_source":"osm_ref","playing_line":"primary","ref":"9 No.4"}},{"type":"Feature","geometry":{"type":"LineString","coordinates":[[-87.950736,41.676313],[-87.949976,41.678724],[-87.950285,41.679331]]},"properties":{"feature_id":"hole-osm-w738292151","layer":"hole","holes":[10],"source":"osm","osm_id":"way/738292151","osm_version":7,"verified":false,"hole_number_source":"osm_ref","playing_line":"primary","ref":"10 No.4"}},{"type":"Feature","geometry":{"type":"LineString","coordinates":[[-87.952257,41.679171],[-87.952753,41.681572],[-87.952908,41.68334],[-87.953731,41.683878]]},"properties":{"feature_id":"hole-osm-w738383733","layer":"hole","holes":[11],"source":"osm","osm_id":"way/738383733","osm_version":7,"verified":false,"hole_number_source":"osm_ref","playing_line":"primary","ref":"11 No.4"}},{"type":"Feature","geometry":{"type":"LineString","coordinates":[[-87.954507,41.684284],[-87.953203,41.685772]]},"properties":{"feature_id":"hole-osm-w738384593","layer":"hole","holes":[12],"source":"osm","osm_id":"way/738384593","osm_version":5,"verified":false,"hole_number_source":"osm_ref","playing_line":"primary","ref":"12 No.4"}},{"type":"Feature","geometry":{"type":"LineString","coordinates":[[-87.952611,41.686805],[-87.955386,41.685862],[-87.957458,41.68511]]},"properties":{"feature_id":"hole-osm-w738385476","layer":"hole","holes":[13],"source":"osm","osm_id":"way/738385476","osm_version":6,"verified":false,"hole_number_source":"osm_ref","playing_line":"primary","ref":"13 No.4"}},{"type":"Feature","geometry":{"type":"LineString","coordinates":[[-87.957764,41.684748],[-87.955399,41.684912]]},"properties":{"feature_id":"hole-osm-w738386254","layer":"hole","holes":[14],"source":"osm","osm_id":"way/738386254","osm_version":5,"verified":false,"hole_number_source":"osm_ref","playing_line":"primary","ref":"14 No.4"}},{"type":"Feature","geometry":{"type":"LineString","coordinates":[[-87.956096,41.684564],[-87.956385,41.682384],[-87.956303,41.680806],[-87.956535,41.680273]]},"properties":{"feature_id":"hole-osm-w738397140","layer":"hole","holes":[15],"source":"osm","osm_id":"way/738397140","osm_version":6,"verified":false,"hole_number_source":"osm_ref","playing_line":"primary","ref":"15 No.4"}},{"type":"Feature","geometry":{"type":"LineString","coordinates":[[-87.955953,41.680188],[-87.95486,41.682212],[-87.955078,41.683113],[-87.955635,41.683614]]},"properties":{"feature_id":"hole-osm-w738398437","layer":"hole","holes":[16],"source":"osm","osm_id":"way/738398437","osm_version":6,"verified":false,"hole_number_source":"osm_ref","playing_line":"primary","ref":"16 No.4"}},{"type":"Feature","geometry":{"type":"LineString","coordinates":[[-87.955704,41.684379],[-87.954062,41.682735],[-87.954274,41.681305]]},"properties":{"feature_id":"hole-osm-w738399671","layer":"hole","holes":[17],"source":"osm","osm_id":"way/738399671","osm_version":5,"verified":false,"hole_number_source":"osm_ref","playing_line":"primary","ref":"17 No.4"}},{"type":"Feature","geometry":{"type":"LineString","coordinates":[[-87.953558,41.68224],[-87.953067,41.679778],[-87.953187,41.67818]]},"properties":{"feature_id":"hole-osm-w1240082512","layer":"hole","holes":[18],"source":"osm","osm_id":"way/1240082512","osm_version":4,"verified":false,"hole_number_source":"osm_ref","playing_line":"primary","ref":"18 No.4"}},{"type":"Feature","geometry":{"type":"Point","coordinates":[-87.947738,41.678236]},"properties":{"feature_id":"pin-osm-n6910827703","layer":"pin","holes":[1],"source":"osm","osm_id":"node/6910827703","osm_version":4,"verified":false}},{"type":"Feature","geometry":{"type":"Point","coordinates":[-87.947558,41.679172]},"properties":{"feature_id":"pin-osm-n6910837386","layer":"pin","holes":[2],"source":"osm","osm_id":"node/6910837386","osm_version":4,"verified":false}},{"type":"Feature","geometry":{"type":"Point","coordinates":[-87.94307,41.681096]},"properties":{"feature_id":"pin-osm-n6910865156","layer":"pin","holes":[3],"source":"osm","osm_id":"node/6910865156","osm_version":5,"verified":false}},{"type":"Feature","geometry":{"type":"Point","coordinates":[-87.946355,41.680293]},"properties":{"feature_id":"pin-osm-n6910874994","layer":"pin","holes":[4],"source":"osm","osm_id":"node/6910874994","osm_version":4,"verified":false}},{"type":"Feature","geometry":{"type":"Point","coordinates":[-87.941498,41.682562]},"properties":{"feature_id":"pin-osm-n6910927102","layer":"pin","holes":[5],"source":"osm","osm_id":"node/6910927102","osm_version":6,"verified":false}},{"type":"Feature","geometry":{"type":"Point","coordinates":[-87.940318,41.684282]},"properties":{"feature_id":"pin-osm-n6910982111","layer":"pin","holes":[6],"source":"osm","osm_id":"node/6910982111","osm_version":4,"verified":false}},{"type":"Feature","geometry":{"type":"Point","coordinates":[-87.943585,41.683087]},"properties":{"feature_id":"pin-osm-n6911011092","layer":"pin","holes":[7],"source":"osm","osm_id":"node/6911011092","osm_version":5,"verified":false}},{"type":"Feature","geometry":{"type":"Point","coordinates":[-87.946797,41.681362]},"properties":{"feature_id":"pin-osm-n6911064160","layer":"pin","holes":[8],"source":"osm","osm_id":"node/6911064160","osm_version":4,"verified":false}},{"type":"Feature","geometry":{"type":"Point","coordinates":[-87.950162,41.676586]},"properties":{"feature_id":"pin-osm-n6911130281","layer":"pin","holes":[9],"source":"osm","osm_id":"node/6911130281","osm_version":4,"verified":false}},{"type":"Feature","geometry":{"type":"Point","coordinates":[-87.950285,41.679331]},"properties":{"feature_id":"pin-osm-n6913153519","layer":"pin","holes":[10],"source":"osm","osm_id":"node/6913153519","osm_version":4,"verified":false}},{"type":"Feature","geometry":{"type":"Point","coordinates":[-87.953731,41.683878]},"properties":{"feature_id":"pin-osm-n6914141614","layer":"pin","holes":[11],"source":"osm","osm_id":"node/6914141614","osm_version":5,"verified":false}},{"type":"Feature","geometry":{"type":"Point","coordinates":[-87.953203,41.685772]},"properties":{"feature_id":"pin-osm-n6914163036","layer":"pin","holes":[12],"source":"osm","osm_id":"node/6914163036","osm_version":3,"verified":false}},{"type":"Feature","geometry":{"type":"Point","coordinates":[-87.957458,41.68511]},"properties":{"feature_id":"pin-osm-n6914177288","layer":"pin","holes":[13],"source":"osm","osm_id":"node/6914177288","osm_version":5,"verified":false}},{"type":"Feature","geometry":{"type":"Point","coordinates":[-87.955399,41.684912]},"properties":{"feature_id":"pin-osm-n6914185590","layer":"pin","holes":[14],"source":"osm","osm_id":"node/6914185590","osm_version":5,"verified":false}},{"type":"Feature","geometry":{"type":"Point","coordinates":[-87.956535,41.680273]},"properties":{"feature_id":"pin-osm-n6914307775","layer":"pin","holes":[15],"source":"osm","osm_id":"node/6914307775","osm_version":4,"verified":false}},{"type":"Feature","geometry":{"type":"Point","coordinates":[-87.955635,41.683614]},"properties":{"feature_id":"pin-osm-n6914333918","layer":"pin","holes":[16],"source":"osm","osm_id":"node/6914333918","osm_version":5,"verified":false}},{"type":"Feature","geometry":{"type":"Point","coordinates":[-87.954274,41.681305]},"properties":{"feature_id":"pin-osm-n6914350667","layer":"pin","holes":[17],"source":"osm","osm_id":"node/6914350667","osm_version":5,"verified":false}},{"type":"Feature","geometry":{"type":"Point","coordinates":[-87.951253,41.679239]},"properties":{"feature_id":"pin-osm-n8743831238","layer":"pin","holes":[10],"source":"osm","osm_id":"node/8743831238","osm_version":3,"verified":false}},{"type":"Feature","geometry":{"type":"Point","coordinates":[-87.950394,41.686161]},"properties":{"feature_id":"pin-osm-n8743831244","layer":"pin","holes":[12],"source":"osm","osm_id":"node/8743831244","osm_version":3,"verified":false}},{"type":"Feature","geometry":{"type":"Point","coordinates":[-87.942578,41.685216]},"properties":{"feature_id":"pin-osm-n8743831249","layer":"pin","holes":[6],"source":"osm","osm_id":"node/8743831249","osm_version":3,"verified":false}},{"type":"Feature","geometry":{"type":"Point","coordinates":[-87.938658,41.683789]},"properties":{"feature_id":"pin-osm-n8743831260","layer":"pin","holes":[6],"source":"osm","osm_id":"node/8743831260","osm_version":4,"verified":false}},{"type":"Feature","geometry":{"type":"Point","coordinates":[-87.942673,41.6838]},"properties":{"feature_id":"pin-osm-n8743831266","layer":"pin","holes":[7],"source":"osm","osm_id":"node/8743831266","osm_version":4,"verified":false}},{"type":"Feature","geometry":{"type":"Point","coordinates":[-87.947741,41.683239]},"properties":{"feature_id":"pin-osm-n8743831269","layer":"pin","holes":[8],"source":"osm","osm_id":"node/8743831269","osm_version":3,"verified":false}},{"type":"Feature","geometry":{"type":"Point","coordinates":[-87.947695,41.682241]},"properties":{"feature_id":"pin-osm-n8743831277","layer":"pin","holes":[8],"source":"osm","osm_id":"node/8743831277","osm_version":3,"verified":false}},{"type":"Feature","geometry":{"type":"Point","coordinates":[-87.94966,41.679829]},"properties":{"feature_id":"pin-osm-n8743831280","layer":"pin","holes":[10],"source":"osm","osm_id":"node/8743831280","osm_version":4,"verified":false}},{"type":"Feature","geometry":{"type":"Point","coordinates":[-87.948752,41.681858]},"properties":{"feature_id":"pin-osm-n8743831282","layer":"pin","holes":[8],"source":"osm","osm_id":"node/8743831282","osm_version":3,"verified":false}},{"type":"Feature","geometry":{"type":"Point","coordinates":[-87.951447,41.679745]},"properties":{"feature_id":"pin-osm-n8743831285","layer":"pin","holes":[10],"source":"osm","osm_id":"node/8743831285","osm_version":4,"verified":false}},{"type":"Feature","geometry":{"type":"Point","coordinates":[-87.956823,41.678709]},"properties":{"feature_id":"pin-osm-n10303069498","layer":"pin","holes":[15],"source":"osm","osm_id":"node/10303069498","osm_version":4,"verified":false}},{"type":"Feature","geometry":{"type":"Point","coordinates":[-87.954944,41.68018]},"properties":{"feature_id":"pin-osm-n10303255713","layer":"pin","holes":[15],"source":"osm","osm_id":"node/10303255713","osm_version":4,"verified":false}},{"type":"Feature","geometry":{"type":"Point","coordinates":[-87.953805,41.676811]},"properties":{"feature_id":"pin-osm-n10303256064","layer":"pin","holes":[18],"source":"osm","osm_id":"node/10303256064","osm_version":3,"verified":false}},{"type":"Feature","geometry":{"type":"Point","coordinates":[-87.953187,41.67818]},"properties":{"feature_id":"pin-osm-n11521217020","layer":"pin","holes":[18],"source":"osm","osm_id":"node/11521217020","osm_version":4,"verified":false}},{"type":"Feature","geometry":{"type":"Point","coordinates":[-87.955668,41.678725]},"properties":{"feature_id":"pin-osm-n11526140531","layer":"pin","holes":[15],"source":"osm","osm_id":"node/11526140531","osm_version":2,"verified":false}},{"type":"Feature","geometry":{"type":"Point","coordinates":[-87.955974,41.677983]},"properties":{"feature_id":"pin-osm-n11526380172","layer":"pin","holes":[18],"source":"osm","osm_id":"node/11526380172","osm_version":4,"verified":false}},{"type":"Feature","geometry":{"type":"Point","coordinates":[-87.954395,41.676449]},"properties":{"feature_id":"pin-osm-n11526380178","layer":"pin","holes":[18],"source":"osm","osm_id":"node/11526380178","osm_version":3,"verified":false}}]}