{
  "type": "FeatureCollection",
  "metadata": {
    "course_ref": "il/course-4-dubsdread-at-cog-hill-golf-and-country-club",
    "traced_at": "2026-09-10",
    "osm": {
      "licence": "ODbL-1.0",
      "attribution": "\u00a9 OpenStreetMap contributors",
      "share_alike": true,
      "element_count": 470
    }
  },
  "features": [
    {
      "type": "Feature",
      "geometry": {
        "type": "Polygon",
        "coordinates": [
          [
            [
              -87.955291,
              41.677923
            ],
            [
              -87.955338,
              41.677971
            ],
            [
              -87.95538,
              41.678007
            ],
            [
              -87.955439,
              41.67805
            ],
            [
              -87.955494,
              41.678087
            ],
            [
              -87.95554,
              41.678123
            ],
            [
              -87.955577,
              41.678164
            ],
            [
              -87.955599,
              41.678213
            ],
            [
              -87.955604,
              41.678268
            ],
            [
              -87.955595,
              41.678342
            ],
            [
              -87.955595,
              41.678408
            ],
            [
              -87.955595,
              41.678457
            ],
            [
              -87.955606,
              41.678501
            ],
            [
              -87.955625,
              41.67854
            ],
            [
              -87.955657,
              41.678559
            ],
            [
              -87.955692,
              41.67856
            ],
            [
              -87.955733,
              41.678558
            ],
            [
              -87.955764,
              41.678563
            ],
            [
              -87.955789,
              41.67857
            ],
            [
              -87.955817,
              41.678582
            ],
            [
              -87.955838,
              41.678598
            ],
            [
              -87.955851,
              41.678616
            ],
            [
              -87.955861,
              41.678643
            ],
            [
              -87.955861,
              41.67867
            ],
            [
              -87.955853,
              41.678697
            ],
            [
              -87.955841,
              41.678725
            ],
            [
              -87.955819,
              41.67876
            ],
            [
              -87.955804,
              41.678782
            ],
            [
              -87.955785,
              41.678809
            ],
            [
              -87.95576,
              41.678833
            ],
            [
              -87.955735,
              41.678857
            ],
            [
              -87.955715,
              41.678874
            ],
            [
              -87.955689,
              41.678889
            ],
            [
              -87.955663,
              41.678895
            ],
            [
              -87.955634,
              41.678897
            ],
            [
              -87.955602,
              41.678893
            ],
            [
              -87.955579,
              41.678884
            ],
            [
              -87.955552,
              41.678871
            ],
            [
              -87.955529,
              41.678855
            ],
            [
              -87.955511,
              41.67884
            ],
            [
              -87.95549,
              41.678822
            ],
            [
              -87.95547,
              41.678802
            ],
            [
              -87.955458,
              41.678785
            ],
            [
              -87.955447,
              41.678768
            ],
            [
              -87.955443,
              41.678751
            ],
            [
              -87.955444,
              41.678734
            ],
            [
              -87.955449,
              41.67872
            ],
            [
              -87.955459,
              41.678706
            ],
            [
              -87.95547,
              41.678693
            ],
            [
              -87.955491,
              41.67868
            ],
            [
              -87.955512,
              41.67867
            ],
            [
              -87.95553,
              41.678659
            ],
            [
              -87.955542,
              41.678648
            ],
            [
              -87.955549,
              41.678627
            ],
            [
              -87.955546,
              41.678603
            ],
            [
              -87.955527,
              41.678582
            ],
            [
              -87.955499,
              41.678562
            ],
            [
              -87.955476,
              41.678551
            ],
            [
              -87.955449,
              41.678536
            ],
            [
              -87.955418,
              41.678523
            ],
            [
              -87.955402,
              41.678494
            ],
            [
              -87.955394,
              41.678466
            ],
            [
              -87.955384,
              41.678422
            ],
            [
              -87.955375,
              41.678387
            ],
            [
              -87.95536,
              41.678349
            ],
            [
              -87.955336,
              41.678319
            ],
            [
              -87.9553,
              41.678289
            ],
            [
              -87.955248,
              41.678254
            ],
            [
              -87.955194,
              41.678225
            ],
            [
              -87.955153,
              41.678197
            ],
            [
              -87.955115,
              41.67816
            ],
            [
              -87.955067,
              41.678105
            ],
            [
              -87.954985,
              41.678016
            ],
            [
              -87.954915,
              41.677911
            ],
            [
              -87.954849,
              41.677782
            ],
            [
              -87.954812,
              41.677711
            ],
            [
              -87.954758,
              41.677621
            ],
            [
              -87.954714,
              41.677553
            ],
            [
              -87.954663,
              41.677488
            ],
            [
              -87.954616,
              41.677431
            ],
            [
              -87.954588,
              41.677385
            ],
            [
              -87.954578,
              41.677326
            ],
            [
              -87.954602,
              41.67727
            ],
            [
              -87.954644,
              41.677234
            ],
            [
              -87.9547,
              41.677207
            ],
            [
              -87.954758,
              41.677199
            ],
            [
              -87.954819,
              41.677206
            ],
            [
              -87.954873,
              41.677225
            ],
            [
              -87.954908,
              41.677262
            ],
            [
              -87.954931,
              41.677314
            ],
            [
              -87.954957,
              41.677377
            ],
            [
              -87.955001,
              41.677462
            ],
            [
              -87.955041,
              41.677548
            ],
            [
              -87.955083,
              41.677628
            ],
            [
              -87.955144,
              41.677725
            ],
            [
              -87.955216,
              41.677832
            ],
            [
              -87.955291,
              41.677923
            ]
          ]
        ]
      },
      "properties": {
        "feature_id": "fairway-osm-r20395675",
        "layer": "fairway",
        "holes": [
          18
        ],
        "source": "osm",
        "osm_id": "relation/20395675",
        "osm_version": 1,
        "verified": false
      }
    },
    {
      "type": "Feature",
      "geometry": {
        "type": "Polygon",
        "coordinates": [
          [
            [
              -87.953923,
              41.676907
            ],
            [
              -87.953938,
              41.67693
            ],
            [
              -87.95396,
              41.676965
            ],
            [
              -87.953992,
              41.677006
            ],
            [
              -87.95403,
              41.677055
            ],
            [
              -87.954054,
              41.677119
            ],
            [
              -87.954081,
              41.677193
            ],
            [
              -87.954104,
              41.677273
            ],
            [
              -87.954139,
              41.677394
            ],
            [
              -87.954175,
              41.677499
            ],
            [
              -87.95421,
              41.67761
            ],
            [
              -87.954247,
              41.67771
            ],
            [
              -87.95427,
              41.677788
            ],
            [
              -87.954288,
              41.677864
            ],
            [
              -87.954299,
              41.677907
            ],
            [
              -87.954325,
              41.67795
            ],
            [
              -87.954357,
              41.677992
            ],
            [
              -87.954398,
              41.678055
            ],
            [
              -87.954437,
              41.678133
            ],
            [
              -87.954468,
              41.678219
            ],
            [
              -87.954491,
              41.678284
            ],
            [
              -87.954514,
              41.678349
            ],
            [
              -87.954525,
              41.67841
            ],
            [
              -87.954529,
              41.678455
            ],
            [
              -87.954513,
              41.678486
            ],
            [
              -87.954481,
              41.678513
            ],
            [
              -87.954437,
              41.678533
            ],
            [
              -87.954382,
              41.67854
            ],
            [
              -87.954332,
              41.678544
            ],
            [
              -87.954281,
              41.678543
            ],
            [
              -87.954242,
              41.678538
            ],
            [
              -87.954207,
              41.678523
            ],
            [
              -87.954185,
              41.678497
            ],
            [
              -87.954166,
              41.678453
            ],
            [
              -87.954155,
              41.678407
            ],
            [
              -87.954141,
              41.67835
            ],
            [
              -87.954123,
              41.678288
            ],
            [
              -87.954106,
              41.678214
            ],
            [
              -87.95409,
              41.678151
            ],
            [
              -87.95407,
              41.678085
            ],
            [
              -87.954042,
              41.678003
            ],
            [
              -87.954007,
              41.677909
            ],
            [
              -87.95398,
              41.677819
            ],
            [
              -87.953959,
              41.67773
            ],
            [
              -87.953932,
              41.677658
            ],
            [
              -87.953911,
              41.677618
            ],
            [
              -87.95389,
              41.677584
            ],
            [
              -87.953863,
              41.677529
            ],
            [
              -87.953835,
              41.677461
            ],
            [
              -87.95381,
              41.677399
            ],
            [
              -87.953787,
              41.677305
            ],
            [
              -87.953769,
              41.67725
            ],
            [
              -87.953743,
              41.67721
            ],
            [
              -87.953713,
              41.67717
            ],
            [
              -87.953706,
              41.677129
            ],
            [
              -87.953723,
              41.677091
            ],
            [
              -87.953741,
              41.677067
            ],
            [
              -87.953752,
              41.677032
            ],
            [
              -87.953744,
              41.676985
            ],
            [
              -87.953727,
              41.676957
            ],
            [
              -87.953711,
              41.676933
            ],
            [
              -87.953702,
              41.676904
            ],
            [
              -87.9537,
              41.67688
            ],
            [
              -87.953703,
              41.676851
            ],
            [
              -87.953703,
              41.676827
            ],
            [
              -87.953694,
              41.676796
            ],
            [
              -87.953686,
              41.676764
            ],
            [
              -87.953684,
              41.676735
            ],
            [
              -87.953692,
              41.676703
            ],
            [
              -87.953707,
              41.67668
            ],
            [
              -87.953727,
              41.676662
            ],
            [
              -87.953746,
              41.67665
            ],
            [
              -87.953781,
              41.67664
            ],
            [
              -87.953825,
              41.67664
            ],
            [
              -87.953862,
              41.676651
            ],
            [
              -87.953893,
              41.676663
            ],
            [
              -87.953921,
              41.676687
            ],
            [
              -87.953933,
              41.676711
            ],
            [
              -87.953938,
              41.676739
            ],
            [
              -87.953933,
              41.676768
            ],
            [
              -87.953926,
              41.676797
            ],
            [
              -87.953911,
              41.676822
            ],
            [
              -87.953905,
              41.676844
            ],
            [
              -87.953907,
              41.676869
            ],
            [
              -87.953916,
              41.67689
            ],
            [
              -87.953923,
              41.676907
            ]
          ]
        ]
      },
      "properties": {
        "feature_id": "fairway-osm-r20613481",
        "layer": "fairway",
        "holes": [
          18
        ],
        "source": "osm",
        "osm_id": "relation/20613481",
        "osm_version": 1,
        "verified": false
      }
    },
    {
      "type": "Feature",
      "geometry": {
        "type": "Polygon",
        "coordinates": [
          [
            [
              -87.954288,
              41.681443
            ],
            [
              -87.954245,
              41.681446
            ],
            [
              -87.954222,
              41.681451
            ],
            [
              -87.954202,
              41.681466
            ],
            [
              -87.954188,
              41.681481
            ],
            [
              -87.954179,
              41.681504
            ],
            [
              -87.954182,
              41.681528
            ],
            [
              -87.954195,
              41.681549
            ],
            [
              -87.954219,
              41.681567
            ],
            [
              -87.954247,
              41.681592
            ],
            [
              -87.954266,
              41.681617
            ],
            [
              -87.954278,
              41.681649
            ],
            [
              -87.954285,
              41.681685
            ],
            [
              -87.954293,
              41.681737
            ],
            [
              -87.95429,
              41.681775
            ],
            [
              -87.954284,
              41.681811
            ],
            [
              -87.954271,
              41.681855
            ],
            [
              -87.954255,
              41.681899
            ],
            [
              -87.954233,
              41.681948
            ],
            [
              -87.954213,
              41.682008
            ],
            [
              -87.954194,
              41.682078
            ],
            [
              -87.954186,
              41.682142
            ],
            [
              -87.954184,
              41.682199
            ],
            [
              -87.954182,
              41.682237
            ],
            [
              -87.954183,
              41.682273
            ],
            [
              -87.954183,
              41.682373
            ],
            [
              -87.954183,
              41.682443
            ],
            [
              -87.954192,
              41.682493
            ],
            [
              -87.954211,
              41.682542
            ],
            [
              -87.954243,
              41.682618
            ],
            [
              -87.954293,
              41.682713
            ],
            [
              -87.954339,
              41.682793
            ],
            [
              -87.954375,
              41.682858
            ],
            [
              -87.954402,
              41.682915
            ],
            [
              -87.954411,
              41.682983
            ],
            [
              -87.954408,
              41.68303
            ],
            [
              -87.95439,
              41.683078
            ],
            [
              -87.95436,
              41.68311
            ],
            [
              -87.954313,
              41.683137
            ],
            [
              -87.954269,
              41.683151
            ],
            [
              -87.954218,
              41.683152
            ],
            [
              -87.954172,
              41.683133
            ],
            [
              -87.954128,
              41.683102
            ],
            [
              -87.954072,
              41.683048
            ],
            [
              -87.954025,
              41.683
            ],
            [
              -87.953962,
              41.682938
            ],
            [
              -87.953905,
              41.68288
            ],
            [
              -87.953872,
              41.68282
            ],
            [
              -87.953864,
              41.682759
            ],
            [
              -87.953876,
              41.682707
            ],
            [
              -87.953881,
              41.682656
            ],
            [
              -87.953881,
              41.682619
            ],
            [
              -87.953873,
              41.682584
            ],
            [
              -87.953865,
              41.682535
            ],
            [
              -87.953867,
              41.682494
            ],
            [
              -87.953867,
              41.682452
            ],
            [
              -87.953876,
              41.682395
            ],
            [
              -87.953887,
              41.682351
            ],
            [
              -87.953899,
              41.682319
            ],
            [
              -87.9539,
              41.682288
            ],
            [
              -87.953893,
              41.68225
            ],
            [
              -87.953891,
              41.682199
            ],
            [
              -87.953897,
              41.682139
            ],
            [
              -87.953911,
              41.6821
            ],
            [
              -87.953932,
              41.682059
            ],
            [
              -87.953956,
              41.68202
            ],
            [
              -87.953969,
              41.681984
            ],
            [
              -87.953968,
              41.681941
            ],
            [
              -87.953971,
              41.681904
            ],
            [
              -87.953985,
              41.68184
            ],
            [
              -87.953999,
              41.681804
            ],
            [
              -87.954024,
              41.681755
            ],
            [
              -87.954046,
              41.681717
            ],
            [
              -87.954069,
              41.681676
            ],
            [
              -87.954074,
              41.681634
            ],
            [
              -87.954066,
              41.681591
            ],
            [
              -87.954052,
              41.681547
            ],
            [
              -87.954044,
              41.681504
            ],
            [
              -87.954047,
              41.68147
            ],
            [
              -87.95406,
              41.681429
            ],
            [
              -87.954073,
              41.681404
            ],
            [
              -87.954083,
              41.681382
            ],
            [
              -87.954086,
              41.681361
            ],
            [
              -87.954091,
              41.681338
            ],
            [
              -87.954102,
              41.681321
            ],
            [
              -87.954115,
              41.681301
            ],
            [
              -87.954136,
              41.681286
            ],
            [
              -87.954154,
              41.681273
            ],
            [
              -87.954169,
              41.681263
            ],
            [
              -87.954194,
              41.681248
            ],
            [
              -87.954208,
              41.681232
            ],
            [
              -87.954224,
              41.681217
            ],
            [
              -87.954238,
              41.681199
            ],
            [
              -87.954256,
              41.681181
            ],
            [
              -87.954276,
              41.681168
            ],
            [
              -87.954311,
              41.68116
            ],
            [
              -87.95435,
              41.68116
            ],
            [
              -87.954378,
              41.681172
            ],
            [
              -87.954399,
              41.681185
            ],
            [
              -87.954416,
              41.681202
            ],
            [
              -87.954424,
              41.681224
            ],
            [
              -87.954424,
              41.681241
            ],
            [
              -87.954417,
              41.681258
            ],
            [
              -87.954406,
              41.681274
            ],
            [
              -87.95439,
              41.681299
            ],
            [
              -87.954386,
              41.681316
            ],
            [
              -87.954385,
              41.681339
            ],
            [
              -87.954383,
              41.681365
            ],
            [
              -87.954379,
              41.68138
            ],
            [
              -87.954372,
              41.681396
            ],
            [
              -87.954363,
              41.681407
            ],
            [
              -87.954344,
              41.681425
            ],
            [
              -87.954322,
              41.681436
            ],
            [
              -87.954288,
              41.681443
            ]
          ]
        ]
      },
      "properties": {
        "feature_id": "fairway-osm-r20618319",
        "layer": "fairway",
        "holes": [
          18
        ],
        "source": "osm",
        "osm_id": "relation/20618319",
        "osm_version": 1,
        "verified": false
      }
    },
    {
      "type": "Feature",
      "geometry": {
        "type": "Polygon",
        "coordinates": [
          [
            [
              -87.952793,
              41.678197
            ],
            [
              -87.952954,
              41.678206
            ],
            [
              -87.953026,
              41.678225
            ],
            [
              -87.953069,
              41.678253
            ],
            [
              -87.953101,
              41.678293
            ],
            [
              -87.953137,
              41.678383
            ],
            [
              -87.953154,
              41.678402
            ],
            [
              -87.95319,
              41.67848
            ],
            [
              -87.95319,
              41.67853
            ],
            [
              -87.953177,
              41.678575
            ],
            [
              -87.953104,
              41.678689
            ],
            [
              -87.953055,
              41.678751
            ],
            [
              -87.953003,
              41.678814
            ],
            [
              -87.952968,
              41.678852
            ],
            [
              -87.952932,
              41.678896
            ],
            [
              -87.952875,
              41.678958
            ],
            [
              -87.952822,
              41.679002
            ],
            [
              -87.952782,
              41.679028
            ],
            [
              -87.952731,
              41.67905
            ],
            [
              -87.952674,
              41.679058
            ],
            [
              -87.95263,
              41.679057
            ],
            [
              -87.95259,
              41.679043
            ],
            [
              -87.952538,
              41.679024
            ],
            [
              -87.952501,
              41.679036
            ],
            [
              -87.952462,
              41.679061
            ],
            [
              -87.952413,
              41.679064
            ],
            [
              -87.952376,
              41.679043
            ],
            [
              -87.95236,
              41.679001
            ],
            [
              -87.952367,
              41.678959
            ],
            [
              -87.95239,
              41.678914
            ],
            [
              -87.952415,
              41.678879
            ],
            [
              -87.952468,
              41.678851
            ],
            [
              -87.952493,
              41.678813
            ],
            [
              -87.952524,
              41.678753
            ],
            [
              -87.952571,
              41.678662
            ],
            [
              -87.952598,
              41.678567
            ],
            [
              -87.952598,
              41.678507
            ],
            [
              -87.952579,
              41.678449
            ],
            [
              -87.952546,
              41.678394
            ],
            [
              -87.952549,
              41.678348
            ],
            [
              -87.952568,
              41.678296
            ],
            [
              -87.952634,
              41.678239
            ],
            [
              -87.952709,
              41.678207
            ],
            [
              -87.952793,
              41.678197
            ]
          ]
        ]
      },
      "properties": {
        "feature_id": "water-osm-w35364655",
        "layer": "water",
        "holes": [
          18
        ],
        "source": "osm",
        "osm_id": "way/35364655",
        "osm_version": 5,
        "verified": false,
        "water_type": "water"
      }
    },
    {
      "type": "Feature",
      "geometry": {
        "type": "Polygon",
        "coordinates": [
          [
            [
              -87.954006,
              41.676917
            ],
            [
              -87.95396,
              41.676908
            ],
            [
              -87.953947,
              41.676903
            ],
            [
              -87.953929,
              41.676887
            ],
            [
              -87.953913,
              41.676863
            ],
            [
              -87.953912,
              41.676851
            ],
            [
              -87.953915,
              41.676841
            ],
            [
              -87.953926,
              41.676832
            ],
            [
              -87.95394,
              41.676827
            ],
            [
              -87.953953,
              41.676832
            ],
            [
              -87.953966,
              41.676835
            ],
            [
              -87.953981,
              41.676833
            ],
            [
              -87.953994,
              41.676828
            ],
            [
              -87.954008,
              41.676818
            ],
            [
              -87.954021,
              41.676789
            ],
            [
              -87.954018,
              41.676777
            ],
            [
              -87.954008,
              41.676764
            ],
            [
              -87.953971,
              41.676748
            ],
            [
              -87.953964,
              41.676736
            ],
            [
              -87.953967,
              41.676725
            ],
            [
              -87.953973,
              41.676716
            ],
            [
              -87.954,
              41.676703
            ],
            [
              -87.954013,
              41.6767
            ],
            [
              -87.954047,
              41.676702
            ],
            [
              -87.954061,
              41.676706
            ],
            [
              -87.954071,
              41.676711
            ],
            [
              -87.954083,
              41.67672
            ],
            [
              -87.954091,
              41.676733
            ],
            [
              -87.954097,
              41.676758
            ],
            [
              -87.954081,
              41.676802
            ],
            [
              -87.954082,
              41.676811
            ],
            [
              -87.95409,
              41.676832
            ],
            [
              -87.954092,
              41.676849
            ],
            [
              -87.954086,
              41.676872
            ],
            [
              -87.954081,
              41.676883
            ],
            [
              -87.954067,
              41.676897
            ],
            [
              -87.954051,
              41.676907
            ],
            [
              -87.954032,
              41.676915
            ],
            [
              -87.954006,
              41.676917
            ]
          ]
        ]
      },
      "properties": {
        "feature_id": "bunker-osm-w1126775136",
        "layer": "bunker",
        "holes": [
          18
        ],
        "source": "osm",
        "osm_id": "way/1126775136",
        "osm_version": 3,
        "verified": false
      }
    },
    {
      "type": "Feature",
      "geometry": {
        "type": "Polygon",
        "coordinates": [
          [
            [
              -87.953695,
              41.676886
            ],
            [
              -87.953689,
              41.676897
            ],
            [
              -87.953678,
              41.676908
            ],
            [
              -87.953664,
              41.676915
            ],
            [
              -87.953646,
              41.676916
            ],
            [
              -87.953588,
              41.676909
            ],
            [
              -87.953576,
              41.676905
            ],
            [
              -87.953565,
              41.676897
            ],
            [
              -87.95356,
              41.676887
            ],
            [
              -87.953559,
              41.676867
            ],
            [
              -87.953556,
              41.676858
            ],
            [
              -87.953548,
              41.676853
            ],
            [
              -87.95351,
              41.676844
            ],
            [
              -87.953502,
              41.676838
            ],
            [
              -87.953496,
              41.67683
            ],
            [
              -87.953494,
              41.67682
            ],
            [
              -87.953496,
              41.676812
            ],
            [
              -87.953502,
              41.676802
            ],
            [
              -87.953522,
              41.676784
            ],
            [
              -87.953533,
              41.676777
            ],
            [
              -87.953546,
              41.676772
            ],
            [
              -87.95356,
              41.676772
            ],
            [
              -87.953574,
              41.676775
            ],
            [
              -87.953586,
              41.676775
            ],
            [
              -87.953625,
              41.676764
            ],
            [
              -87.953638,
              41.676764
            ],
            [
              -87.95365,
              41.676767
            ],
            [
              -87.953663,
              41.676773
            ],
            [
              -87.953672,
              41.676792
            ],
            [
              -87.953669,
              41.676801
            ],
            [
              -87.953664,
              41.676807
            ],
            [
              -87.953642,
              41.676821
            ],
            [
              -87.953635,
              41.67683
            ],
            [
              -87.953635,
              41.676836
            ],
            [
              -87.95364,
              41.676842
            ],
            [
              -87.95365,
              41.676845
            ],
            [
              -87.953664,
              41.676846
            ],
            [
              -87.953676,
              41.676849
            ],
            [
              -87.953687,
              41.676857
            ],
            [
              -87.953692,
              41.676866
            ],
            [
              -87.953695,
              41.676886
            ]
          ]
        ]
      },
      "properties": {
        "feature_id": "bunker-osm-w1126775137",
        "layer": "bunker",
        "holes": [
          18
        ],
        "source": "osm",
        "osm_id": "way/1126775137",
        "osm_version": 3,
        "verified": false
      }
    },
    {
      "type": "Feature",
      "geometry": {
        "type": "Polygon",
        "coordinates": [
          [
            [
              -87.954267,
              41.676432
            ],
            [
              -87.954257,
              41.676419
            ],
            [
              -87.954248,
              41.676412
            ],
            [
              -87.954234,
              41.676405
            ],
            [
              -87.954213,
              41.676401
            ],
            [
              -87.954191,
              41.676406
            ],
            [
              -87.954174,
              41.676422
            ],
            [
              -87.954166,
              41.676442
            ],
            [
              -87.954163,
              41.676456
            ],
            [
              -87.954164,
              41.676473
            ],
            [
              -87.954155,
              41.676487
            ],
            [
              -87.954153,
              41.676503
            ],
            [
              -87.95416,
              41.676518
            ],
            [
              -87.954171,
              41.676528
            ],
            [
              -87.954189,
              41.676532
            ],
            [
              -87.954202,
              41.676538
            ],
            [
              -87.954207,
              41.67655
            ],
            [
              -87.954202,
              41.676563
            ],
            [
              -87.954203,
              41.676579
            ],
            [
              -87.954216,
              41.676588
            ],
            [
              -87.954234,
              41.676588
            ],
            [
              -87.954246,
              41.676584
            ],
            [
              -87.954257,
              41.67657
            ],
            [
              -87.954266,
              41.676557
            ],
            [
              -87.954273,
              41.676542
            ],
            [
              -87.954278,
              41.676528
            ],
            [
              -87.954278,
              41.676513
            ],
            [
              -87.954265,
              41.676503
            ],
            [
              -87.954253,
              41.676493
            ],
            [
              -87.954253,
              41.676478
            ],
            [
              -87.954264,
              41.676469
            ],
            [
              -87.954271,
              41.676456
            ],
            [
              -87.954273,
              41.676441
            ],
            [
              -87.954267,
              41.676432
            ]
          ]
        ]
      },
      "properties": {
        "feature_id": "bunker-osm-w1240622110",
        "layer": "bunker",
        "holes": [
          18
        ],
        "source": "osm",
        "osm_id": "way/1240622110",
        "osm_version": 1,
        "verified": false
      }
    },
    {
      "type": "Feature",
      "geometry": {
        "type": "Polygon",
        "coordinates": [
          [
            [
              -87.954629,
              41.676463
            ],
            [
              -87.954617,
              41.676447
            ],
            [
              -87.954611,
              41.676431
            ],
            [
              -87.954609,
              41.676415
            ],
            [
              -87.954606,
              41.676399
            ],
            [
              -87.954596,
              41.676382
            ],
            [
              -87.954583,
              41.676371
            ],
            [
              -87.954566,
              41.676363
            ],
            [
              -87.954549,
              41.676361
            ],
            [
              -87.95453,
              41.676365
            ],
            [
              -87.954516,
              41.676373
            ],
            [
              -87.954507,
              41.676384
            ],
            [
              -87.954505,
              41.6764
            ],
            [
              -87.954508,
              41.676415
            ],
            [
              -87.954517,
              41.676427
            ],
            [
              -87.954523,
              41.67644
            ],
            [
              -87.954517,
              41.676453
            ],
            [
              -87.954513,
              41.676466
            ],
            [
              -87.954516,
              41.676484
            ],
            [
              -87.954522,
              41.6765
            ],
            [
              -87.954533,
              41.67651
            ],
            [
              -87.954544,
              41.676525
            ],
            [
              -87.954554,
              41.67654
            ],
            [
              -87.954548,
              41.676554
            ],
            [
              -87.954538,
              41.676566
            ],
            [
              -87.954536,
              41.676586
            ],
            [
              -87.954543,
              41.676599
            ],
            [
              -87.954554,
              41.67661
            ],
            [
              -87.954567,
              41.676616
            ],
            [
              -87.954589,
              41.676619
            ],
            [
              -87.954604,
              41.676617
            ],
            [
              -87.954621,
              41.676617
            ],
            [
              -87.954642,
              41.676621
            ],
            [
              -87.954658,
              41.67662
            ],
            [
              -87.954676,
              41.676616
            ],
            [
              -87.954687,
              41.676605
            ],
            [
              -87.954693,
              41.676591
            ],
            [
              -87.954693,
              41.676573
            ],
            [
              -87.954688,
              41.676556
            ],
            [
              -87.954676,
              41.676545
            ],
            [
              -87.954662,
              41.676537
            ],
            [
              -87.954649,
              41.67653
            ],
            [
              -87.954637,
              41.676521
            ],
            [
              -87.954633,
              41.676507
            ],
            [
              -87.954635,
              41.676496
            ],
            [
              -87.954639,
              41.676485
            ],
            [
              -87.954639,
              41.676472
            ],
            [
              -87.954629,
              41.676463
            ]
          ]
        ]
      },
      "properties": {
        "feature_id": "bunker-osm-w1240622111",
        "layer": "bunker",
        "holes": [
          18
        ],
        "source": "osm",
        "osm_id": "way/1240622111",
        "osm_version": 1,
        "verified": false
      }
    },
    {
      "type": "Feature",
      "geometry": {
        "type": "Polygon",
        "coordinates": [
          [
            [
              -87.953877,
              41.682071
            ],
            [
              -87.953865,
              41.682089
            ],
            [
              -87.953867,
              41.682108
            ],
            [
              -87.95387,
              41.682126
            ],
            [
              -87.953867,
              41.682141
            ],
            [
              -87.953857,
              41.682154
            ],
            [
              -87.953843,
              41.682162
            ],
            [
              -87.953823,
              41.682166
            ],
            [
              -87.953806,
              41.682163
            ],
            [
              -87.953788,
              41.682157
            ],
            [
              -87.953776,
              41.682143
            ],
            [
              -87.953772,
              41.682129
            ],
            [
              -87.953769,
              41.682116
            ],
            [
              -87.953774,
              41.6821
            ],
            [
              -87.953781,
              41.682093
            ],
            [
              -87.953798,
              41.682091
            ],
            [
              -87.953808,
              41.682087
            ],
            [
              -87.953817,
              41.682077
            ],
            [
              -87.953819,
              41.682066
            ],
            [
              -87.953808,
              41.682053
            ],
            [
              -87.953795,
              41.682039
            ],
            [
              -87.953784,
              41.682029
            ],
            [
              -87.953777,
              41.682014
            ],
            [
              -87.953778,
              41.682002
            ],
            [
              -87.953785,
              41.68199
            ],
            [
              -87.9538,
              41.681978
            ],
            [
              -87.95382,
              41.681982
            ],
            [
              -87.953829,
              41.681994
            ],
            [
              -87.953836,
              41.682007
            ],
            [
              -87.953848,
              41.682018
            ],
            [
              -87.953861,
              41.682017
            ],
            [
              -87.953869,
              41.682008
            ],
            [
              -87.953872,
              41.681993
            ],
            [
              -87.953869,
              41.681979
            ],
            [
              -87.953861,
              41.681967
            ],
            [
              -87.953849,
              41.681952
            ],
            [
              -87.953842,
              41.681937
            ],
            [
              -87.953853,
              41.681921
            ],
            [
              -87.953868,
              41.681914
            ],
            [
              -87.953892,
              41.681915
            ],
            [
              -87.953907,
              41.681922
            ],
            [
              -87.953917,
              41.681937
            ],
            [
              -87.953922,
              41.681954
            ],
            [
              -87.953921,
              41.681968
            ],
            [
              -87.953917,
              41.68198
            ],
            [
              -87.953923,
              41.681991
            ],
            [
              -87.953928,
              41.682003
            ],
            [
              -87.953926,
              41.682017
            ],
            [
              -87.953921,
              41.68203
            ],
            [
              -87.95391,
              41.682038
            ],
            [
              -87.953896,
              41.68205
            ],
            [
              -87.953883,
              41.682061
            ],
            [
              -87.953877,
              41.682071
            ]
          ]
        ]
      },
      "properties": {
        "feature_id": "bunker-osm-w1508018771",
        "layer": "bunker",
        "holes": [
          18
        ],
        "source": "osm",
        "osm_id": "way/1508018771",
        "osm_version": 1,
        "verified": false
      }
    },
    {
      "type": "Feature",
      "geometry": {
        "type": "Polygon",
        "coordinates": [
          [
            [
              -87.95384,
              41.682396
            ],
            [
              -87.953841,
              41.682408
            ],
            [
              -87.953843,
              41.682421
            ],
            [
              -87.953843,
              41.682433
            ],
            [
              -87.953839,
              41.682446
            ],
            [
              -87.953833,
              41.682457
            ],
            [
              -87.953824,
              41.682465
            ],
            [
              -87.953813,
              41.682471
            ],
            [
              -87.953795,
              41.682473
            ],
            [
              -87.95378,
              41.68247
            ],
            [
              -87.953772,
              41.682463
            ],
            [
              -87.953761,
              41.682457
            ],
            [
              -87.953753,
              41.682452
            ],
            [
              -87.953738,
              41.682447
            ],
            [
              -87.953726,
              41.68244
            ],
            [
              -87.953717,
              41.682429
            ],
            [
              -87.953709,
              41.682418
            ],
            [
              -87.953708,
              41.682406
            ],
            [
              -87.95371,
              41.682398
            ],
            [
              -87.953715,
              41.682389
            ],
            [
              -87.953725,
              41.682385
            ],
            [
              -87.953739,
              41.682386
            ],
            [
              -87.953751,
              41.682393
            ],
            [
              -87.953761,
              41.682401
            ],
            [
              -87.95377,
              41.682406
            ],
            [
              -87.953781,
              41.682406
            ],
            [
              -87.953792,
              41.6824
            ],
            [
              -87.953798,
              41.682389
            ],
            [
              -87.953796,
              41.682379
            ],
            [
              -87.953786,
              41.682369
            ],
            [
              -87.953771,
              41.682361
            ],
            [
              -87.953762,
              41.682354
            ],
            [
              -87.95376,
              41.682345
            ],
            [
              -87.953765,
              41.682334
            ],
            [
              -87.953778,
              41.682329
            ],
            [
              -87.953794,
              41.682332
            ],
            [
              -87.953804,
              41.68233
            ],
            [
              -87.953815,
              41.682317
            ],
            [
              -87.95381,
              41.682301
            ],
            [
              -87.953799,
              41.682293
            ],
            [
              -87.953786,
              41.682289
            ],
            [
              -87.953778,
              41.682283
            ],
            [
              -87.953769,
              41.682273
            ],
            [
              -87.953765,
              41.682261
            ],
            [
              -87.953767,
              41.682245
            ],
            [
              -87.953775,
              41.682237
            ],
            [
              -87.953796,
              41.682231
            ],
            [
              -87.953814,
              41.682231
            ],
            [
              -87.953826,
              41.682235
            ],
            [
              -87.953841,
              41.682242
            ],
            [
              -87.953854,
              41.68225
            ],
            [
              -87.953865,
              41.68226
            ],
            [
              -87.953869,
              41.682273
            ],
            [
              -87.953871,
              41.682288
            ],
            [
              -87.953871,
              41.682302
            ],
            [
              -87.953871,
              41.682313
            ],
            [
              -87.953868,
              41.682324
            ],
            [
              -87.953863,
              41.682334
            ],
            [
              -87.953861,
              41.682343
            ],
            [
              -87.953859,
              41.682355
            ],
            [
              -87.95385,
              41.682362
            ],
            [
              -87.953843,
              41.68237
            ],
            [
              -87.953839,
              41.682384
            ],
            [
              -87.95384,
              41.682396
            ]
          ]
        ]
      },
      "properties": {
        "feature_id": "bunker-osm-w1508018772",
        "layer": "bunker",
        "holes": [
          18
        ],
        "source": "osm",
        "osm_id": "way/1508018772",
        "osm_version": 1,
        "verified": false
      }
    },
    {
      "type": "Feature",
      "geometry": {
        "type": "Polygon",
        "coordinates": [
          [
            [
              -87.952893,
              41.679506
            ],
            [
              -87.952885,
              41.679517
            ],
            [
              -87.952878,
              41.679525
            ],
            [
              -87.952865,
              41.67953
            ],
            [
              -87.952853,
              41.679529
            ],
            [
              -87.952842,
              41.679525
            ],
            [
              -87.952832,
              41.679521
            ],
            [
              -87.952815,
              41.679518
            ],
            [
              -87.952805,
              41.679513
            ],
            [
              -87.952797,
              41.679505
            ],
            [
              -87.952796,
              41.679496
            ],
            [
              -87.952801,
              41.679486
            ],
            [
              -87.952809,
              41.679481
            ],
            [
              -87.952824,
              41.679481
            ],
            [
              -87.952832,
              41.679485
            ],
            [
              -87.952843,
              41.679489
            ],
            [
              -87.952856,
              41.67949
            ],
            [
              -87.952862,
              41.679486
            ],
            [
              -87.952864,
              41.679475
            ],
            [
              -87.952862,
              41.679466
            ],
            [
              -87.952856,
              41.679458
            ],
            [
              -87.952846,
              41.679451
            ],
            [
              -87.952834,
              41.679446
            ],
            [
              -87.952825,
              41.67944
            ],
            [
              -87.952825,
              41.679428
            ],
            [
              -87.95283,
              41.679416
            ],
            [
              -87.952839,
              41.679408
            ],
            [
              -87.952854,
              41.679402
            ],
            [
              -87.952872,
              41.679401
            ],
            [
              -87.952893,
              41.679403
            ],
            [
              -87.952908,
              41.679412
            ],
            [
              -87.952912,
              41.679421
            ],
            [
              -87.952914,
              41.679435
            ],
            [
              -87.952911,
              41.679448
            ],
            [
              -87.952913,
              41.679458
            ],
            [
              -87.952916,
              41.67947
            ],
            [
              -87.952909,
              41.679482
            ],
            [
              -87.952903,
              41.679494
            ],
            [
              -87.952893,
              41.679506
            ]
          ]
        ]
      },
      "properties": {
        "feature_id": "bunker-osm-w1508018774",
        "layer": "bunker",
        "holes": [
          18
        ],
        "source": "osm",
        "osm_id": "way/1508018774",
        "osm_version": 1,
        "verified": false
      }
    },
    {
      "type": "Feature",
      "geometry": {
        "type": "Polygon",
        "coordinates": [
          [
            [
              -87.952892,
              41.6798
            ],
            [
              -87.952893,
              41.679816
            ],
            [
              -87.952891,
              41.679831
            ],
            [
              -87.952888,
              41.679846
            ],
            [
              -87.952882,
              41.679862
            ],
            [
              -87.952872,
              41.679875
            ],
            [
              -87.952856,
              41.679886
            ],
            [
              -87.952839,
              41.67989
            ],
            [
              -87.95282,
              41.67989
            ],
            [
              -87.9528,
              41.679886
            ],
            [
              -87.952792,
              41.679875
            ],
            [
              -87.952785,
              41.679861
            ],
            [
              -87.952775,
              41.679854
            ],
            [
              -87.952757,
              41.679846
            ],
            [
              -87.952745,
              41.679837
            ],
            [
              -87.952734,
              41.679826
            ],
            [
              -87.952729,
              41.679813
            ],
            [
              -87.952732,
              41.679802
            ],
            [
              -87.952742,
              41.679795
            ],
            [
              -87.952759,
              41.679793
            ],
            [
              -87.952775,
              41.679798
            ],
            [
              -87.952784,
              41.679808
            ],
            [
              -87.952792,
              41.679817
            ],
            [
              -87.952803,
              41.679823
            ],
            [
              -87.952816,
              41.679823
            ],
            [
              -87.952831,
              41.679815
            ],
            [
              -87.952835,
              41.6798
            ],
            [
              -87.952828,
              41.679789
            ],
            [
              -87.952815,
              41.679781
            ],
            [
              -87.952798,
              41.679772
            ],
            [
              -87.952779,
              41.679762
            ],
            [
              -87.952765,
              41.679755
            ],
            [
              -87.952756,
              41.679746
            ],
            [
              -87.95275,
              41.679734
            ],
            [
              -87.95275,
              41.679722
            ],
            [
              -87.952753,
              41.679711
            ],
            [
              -87.952763,
              41.679704
            ],
            [
              -87.952778,
              41.679704
            ],
            [
              -87.952792,
              41.679714
            ],
            [
              -87.952802,
              41.679724
            ],
            [
              -87.952815,
              41.679731
            ],
            [
              -87.952835,
              41.679735
            ],
            [
              -87.952842,
              41.679726
            ],
            [
              -87.952842,
              41.679711
            ],
            [
              -87.952829,
              41.6797
            ],
            [
              -87.952817,
              41.679689
            ],
            [
              -87.952804,
              41.679674
            ],
            [
              -87.952802,
              41.67966
            ],
            [
              -87.952814,
              41.679649
            ],
            [
              -87.952834,
              41.679645
            ],
            [
              -87.952852,
              41.679645
            ],
            [
              -87.952869,
              41.679649
            ],
            [
              -87.952883,
              41.679658
            ],
            [
              -87.952888,
              41.679672
            ],
            [
              -87.952889,
              41.679685
            ],
            [
              -87.952889,
              41.679701
            ],
            [
              -87.952888,
              41.679718
            ],
            [
              -87.952886,
              41.679734
            ],
            [
              -87.952882,
              41.679752
            ],
            [
              -87.952885,
              41.67977
            ],
            [
              -87.952889,
              41.679785
            ],
            [
              -87.952892,
              41.6798
            ]
          ]
        ]
      },
      "properties": {
        "feature_id": "bunker-osm-w1508018775",
        "layer": "bunker",
        "holes": [
          18
        ],
        "source": "osm",
        "osm_id": "way/1508018775",
        "osm_version": 1,
        "verified": false
      }
    },
    {
      "type": "Feature",
      "geometry": {
        "type": "Polygon",
        "coordinates": [
          [
            [
              -87.953351,
              41.679642
            ],
            [
              -87.953337,
              41.679646
            ],
            [
              -87.953325,
              41.679651
            ],
            [
              -87.953311,
              41.679657
            ],
            [
              -87.953298,
              41.679662
            ],
            [
              -87.953281,
              41.679662
            ],
            [
              -87.953265,
              41.679664
            ],
            [
              -87.953251,
              41.679661
            ],
            [
              -87.953241,
              41.679657
            ],
            [
              -87.953234,
              41.679649
            ],
            [
              -87.953231,
              41.679636
            ],
            [
              -87.953235,
              41.679625
            ],
            [
              -87.953237,
              41.679612
            ],
            [
              -87.953235,
              41.679601
            ],
            [
              -87.953228,
              41.679592
            ],
            [
              -87.953225,
              41.679581
            ],
            [
              -87.95323,
              41.67957
            ],
            [
              -87.953235,
              41.679555
            ],
            [
              -87.953237,
              41.679543
            ],
            [
              -87.95323,
              41.679531
            ],
            [
              -87.953221,
              41.67952
            ],
            [
              -87.953211,
              41.67951
            ],
            [
              -87.953201,
              41.679497
            ],
            [
              -87.953194,
              41.679488
            ],
            [
              -87.953189,
              41.679478
            ],
            [
              -87.953191,
              41.679464
            ],
            [
              -87.953199,
              41.679454
            ],
            [
              -87.953214,
              41.679445
            ],
            [
              -87.953231,
              41.679439
            ],
            [
              -87.953245,
              41.679434
            ],
            [
              -87.953263,
              41.679435
            ],
            [
              -87.953277,
              41.679442
            ],
            [
              -87.953288,
              41.67945
            ],
            [
              -87.953292,
              41.679465
            ],
            [
              -87.953287,
              41.679474
            ],
            [
              -87.953276,
              41.679481
            ],
            [
              -87.953269,
              41.67949
            ],
            [
              -87.953267,
              41.679504
            ],
            [
              -87.953275,
              41.679511
            ],
            [
              -87.953288,
              41.679513
            ],
            [
              -87.9533,
              41.679509
            ],
            [
              -87.953312,
              41.679503
            ],
            [
              -87.953328,
              41.679504
            ],
            [
              -87.953339,
              41.679509
            ],
            [
              -87.953348,
              41.679521
            ],
            [
              -87.953345,
              41.679531
            ],
            [
              -87.953339,
              41.67954
            ],
            [
              -87.953327,
              41.679546
            ],
            [
              -87.95331,
              41.67955
            ],
            [
              -87.953298,
              41.679559
            ],
            [
              -87.953292,
              41.679565
            ],
            [
              -87.95329,
              41.679579
            ],
            [
              -87.95329,
              41.679591
            ],
            [
              -87.953288,
              41.679599
            ],
            [
              -87.953293,
              41.679607
            ],
            [
              -87.953307,
              41.679613
            ],
            [
              -87.953318,
              41.679613
            ],
            [
              -87.95333,
              41.679609
            ],
            [
              -87.95334,
              41.6796
            ],
            [
              -87.953348,
              41.67959
            ],
            [
              -87.953359,
              41.679578
            ],
            [
              -87.953367,
              41.679571
            ],
            [
              -87.95338,
              41.679567
            ],
            [
              -87.953394,
              41.679565
            ],
            [
              -87.953407,
              41.679573
            ],
            [
              -87.953412,
              41.679582
            ],
            [
              -87.953413,
              41.679593
            ],
            [
              -87.953407,
              41.679603
            ],
            [
              -87.953404,
              41.679615
            ],
            [
              -87.953398,
              41.679625
            ],
            [
              -87.953389,
              41.679632
            ],
            [
              -87.953377,
              41.679638
            ],
            [
              -87.953364,
              41.679641
            ],
            [
              -87.953351,
              41.679642
            ]
          ]
        ]
      },
      "properties": {
        "feature_id": "bunker-osm-w1508018776",
        "layer": "bunker",
        "holes": [
          18
        ],
        "source": "osm",
        "osm_id": "way/1508018776",
        "osm_version": 1,
        "verified": false
      }
    },
    {
      "type": "Feature",
      "geometry": {
        "type": "Polygon",
        "coordinates": [
          [
            [
              -87.953454,
              41.678269
            ],
            [
              -87.953444,
              41.678272
            ],
            [
              -87.953436,
              41.67828
            ],
            [
              -87.953429,
              41.678292
            ],
            [
              -87.953423,
              41.678302
            ],
            [
              -87.953415,
              41.678309
            ],
            [
              -87.953404,
              41.678313
            ],
            [
              -87.953387,
              41.678312
            ],
            [
              -87.953372,
              41.678308
            ],
            [
              -87.953357,
              41.678304
            ],
            [
              -87.953347,
              41.678299
            ],
            [
              -87.953342,
              41.678291
            ],
            [
              -87.953343,
              41.678281
            ],
            [
              -87.953353,
              41.678275
            ],
            [
              -87.953359,
              41.678269
            ],
            [
              -87.953361,
              41.678261
            ],
            [
              -87.953356,
              41.678252
            ],
            [
              -87.953344,
              41.678246
            ],
            [
              -87.953331,
              41.678245
            ],
            [
              -87.953323,
              41.678241
            ],
            [
              -87.953317,
              41.678234
            ],
            [
              -87.953313,
              41.678223
            ],
            [
              -87.953308,
              41.678215
            ],
            [
              -87.953311,
              41.678206
            ],
            [
              -87.95332,
              41.6782
            ],
            [
              -87.953329,
              41.678197
            ],
            [
              -87.953336,
              41.678187
            ],
            [
              -87.953338,
              41.678174
            ],
            [
              -87.953328,
              41.678168
            ],
            [
              -87.953321,
              41.678163
            ],
            [
              -87.953318,
              41.678152
            ],
            [
              -87.95332,
              41.678142
            ],
            [
              -87.953329,
              41.678134
            ],
            [
              -87.953342,
              41.678128
            ],
            [
              -87.953356,
              41.678125
            ],
            [
              -87.95337,
              41.678124
            ],
            [
              -87.953384,
              41.678123
            ],
            [
              -87.953394,
              41.678129
            ],
            [
              -87.9534,
              41.678138
            ],
            [
              -87.953405,
              41.678151
            ],
            [
              -87.953402,
              41.67816
            ],
            [
              -87.953398,
              41.678166
            ],
            [
              -87.953387,
              41.678173
            ],
            [
              -87.953381,
              41.67818
            ],
            [
              -87.953376,
              41.678191
            ],
            [
              -87.953374,
              41.6782
            ],
            [
              -87.95337,
              41.678208
            ],
            [
              -87.953369,
              41.678221
            ],
            [
              -87.953375,
              41.67823
            ],
            [
              -87.953381,
              41.678238
            ],
            [
              -87.953386,
              41.67825
            ],
            [
              -87.953393,
              41.678255
            ],
            [
              -87.953404,
              41.678257
            ],
            [
              -87.953416,
              41.678256
            ],
            [
              -87.953423,
              41.678246
            ],
            [
              -87.953428,
              41.678235
            ],
            [
              -87.953436,
              41.678228
            ],
            [
              -87.953451,
              41.678226
            ],
            [
              -87.953461,
              41.678232
            ],
            [
              -87.953468,
              41.678239
            ],
            [
              -87.953471,
              41.678248
            ],
            [
              -87.953471,
              41.678257
            ],
            [
              -87.953466,
              41.678265
            ],
            [
              -87.953454,
              41.678269
            ]
          ]
        ]
      },
      "properties": {
        "feature_id": "bunker-osm-w1508018777",
        "layer": "bunker",
        "holes": [
          18
        ],
        "source": "osm",
        "osm_id": "way/1508018777",
        "osm_version": 1,
        "verified": false
      }
    },
    {
      "type": "Feature",
      "geometry": {
        "type": "Polygon",
        "coordinates": [
          [
            [
              -87.953285,
              41.6782
            ],
            [
              -87.953286,
              41.678219
            ],
            [
              -87.953291,
              41.678239
            ],
            [
              -87.953299,
              41.678259
            ],
            [
              -87.953308,
              41.678281
            ],
            [
              -87.953317,
              41.678301
            ],
            [
              -87.953317,
              41.678317
            ],
            [
              -87.953315,
              41.678332
            ],
            [
              -87.953304,
              41.678352
            ],
            [
              -87.953284,
              41.678361
            ],
            [
              -87.953254,
              41.678369
            ],
            [
              -87.95323,
              41.678368
            ],
            [
              -87.953205,
              41.678361
            ],
            [
              -87.953185,
              41.67835
            ],
            [
              -87.953171,
              41.678336
            ],
            [
              -87.953162,
              41.678314
            ],
            [
              -87.953157,
              41.678295
            ],
            [
              -87.953153,
              41.678279
            ],
            [
              -87.953144,
              41.67826
            ],
            [
              -87.953132,
              41.678244
            ],
            [
              -87.953115,
              41.678229
            ],
            [
              -87.953095,
              41.678217
            ],
            [
              -87.953074,
              41.678207
            ],
            [
              -87.953055,
              41.678193
            ],
            [
              -87.953042,
              41.678178
            ],
            [
              -87.953033,
              41.678159
            ],
            [
              -87.953032,
              41.678139
            ],
            [
              -87.953039,
              41.678122
            ],
            [
              -87.953063,
              41.678106
            ],
            [
              -87.953082,
              41.678098
            ],
            [
              -87.953112,
              41.678093
            ],
            [
              -87.95314,
              41.678089
            ],
            [
              -87.953161,
              41.678082
            ],
            [
              -87.953182,
              41.678077
            ],
            [
              -87.953204,
              41.678073
            ],
            [
              -87.953229,
              41.678073
            ],
            [
              -87.953246,
              41.678078
            ],
            [
              -87.953262,
              41.678087
            ],
            [
              -87.953276,
              41.678102
            ],
            [
              -87.953285,
              41.678122
            ],
            [
              -87.953289,
              41.678141
            ],
            [
              -87.953288,
              41.67817
            ],
            [
              -87.953285,
              41.6782
            ]
          ]
        ]
      },
      "properties": {
        "feature_id": "green-osm-w1240106557",
        "layer": "green",
        "holes": [
          18
        ],
        "source": "osm",
        "osm_id": "way/1240106557",
        "osm_version": 1,
        "verified": false
      }
    },
    {
      "type": "Feature",
      "geometry": {
        "type": "Polygon",
        "coordinates": [
          [
            [
              -87.952326,
              41.679764
            ],
            [
              -87.952234,
              41.679775
            ],
            [
              -87.952269,
              41.679939
            ],
            [
              -87.95236,
              41.679928
            ],
            [
              -87.952326,
              41.679764
            ]
          ]
        ]
      },
      "properties": {
        "feature_id": "tee-osm-w738297389",
        "layer": "tee",
        "holes": [
          18
        ],
        "source": "osm",
        "osm_id": "way/738297389",
        "osm_version": 2,
        "verified": false
      }
    },
    {
      "type": "Feature",
      "geometry": {
        "type": "Polygon",
        "coordinates": [
          [
            [
              -87.952282,
              41.68013
            ],
            [
              -87.952196,
              41.680144
            ],
            [
              -87.952235,
              41.680277
            ],
            [
              -87.952321,
              41.680263
            ],
            [
              -87.952282,
              41.68013
            ]
          ]
        ]
      },
      "properties": {
        "feature_id": "tee-osm-w738297390",
        "layer": "tee",
        "holes": [
          18
        ],
        "source": "osm",
        "osm_id": "way/738297390",
        "osm_version": 2,
        "verified": false
      }
    },
    {
      "type": "Feature",
      "geometry": {
        "type": "Polygon",
        "coordinates": [
          [
            [
              -87.952288,
              41.68055
            ],
            [
              -87.952206,
              41.680571
            ],
            [
              -87.952251,
              41.680671
            ],
            [
              -87.952333,
              41.680651
            ],
            [
              -87.952288,
              41.68055
            ]
          ]
        ]
      },
      "properties": {
        "feature_id": "tee-osm-w738297391",
        "layer": "tee",
        "holes": [
          18
        ],
        "source": "osm",
        "osm_id": "way/738297391",
        "osm_version": 2,
        "verified": false
      }
    },
    {
      "type": "Feature",
      "geometry": {
        "type": "Polygon",
        "coordinates": [
          [
            [
              -87.953605,
              41.682269
            ],
            [
              -87.95352,
              41.682279
            ],
            [
              -87.953503,
              41.682196
            ],
            [
              -87.953588,
              41.682186
            ],
            [
              -87.953605,
              41.682269
            ]
          ]
        ]
      },
      "properties": {
        "feature_id": "tee-osm-w738410174",
        "layer": "tee",
        "holes": [
          18
        ],
        "source": "osm",
        "osm_id": "way/738410174",
        "osm_version": 2,
        "verified": false
      }
    },
    {
      "type": "Feature",
      "geometry": {
        "type": "Polygon",
        "coordinates": [
          [
            [
              -87.953576,
              41.682152
            ],
            [
              -87.953484,
              41.682156
            ],
            [
              -87.953475,
              41.682052
            ],
            [
              -87.953567,
              41.682047
            ],
            [
              -87.953576,
              41.682152
            ]
          ]
        ]
      },
      "properties": {
        "feature_id": "tee-osm-w738410175",
        "layer": "tee",
        "holes": [
          18
        ],
        "source": "osm",
        "osm_id": "way/738410175",
        "osm_version": 2,
        "verified": false
      }
    },
    {
      "type": "Feature",
      "geometry": {
        "type": "Polygon",
        "coordinates": [
          [
            [
              -87.953572,
              41.682004
            ],
            [
              -87.953484,
              41.682014
            ],
            [
              -87.953458,
              41.681881
            ],
            [
              -87.953546,
              41.681871
            ],
            [
              -87.953572,
              41.682004
            ]
          ]
        ]
      },
      "properties": {
        "feature_id": "tee-osm-w738410176",
        "layer": "tee",
        "holes": [
          18
        ],
        "source": "osm",
        "osm_id": "way/738410176",
        "osm_version": 2,
        "verified": false
      }
    },
    {
      "type": "Feature",
      "geometry": {
        "type": "Polygon",
        "coordinates": [
          [
            [
              -87.953519,
              41.681781
            ],
            [
              -87.953437,
              41.681791
            ],
            [
              -87.953409,
              41.681664
            ],
            [
              -87.953491,
              41.681654
            ],
            [
              -87.953519,
              41.681781
            ]
          ]
        ]
      },
      "properties": {
        "feature_id": "tee-osm-w738410177",
        "layer": "tee",
        "holes": [
          18
        ],
        "source": "osm",
        "osm_id": "way/738410177",
        "osm_version": 2,
        "verified": false
      }
    },
    {
      "type": "Feature",
      "geometry": {
        "type": "Polygon",
        "coordinates": [
          [
            [
              -87.955135,
              41.676568
            ],
            [
              -87.955112,
              41.676564
            ],
            [
              -87.955099,
              41.676551
            ],
            [
              -87.955094,
              41.676537
            ],
            [
              -87.955109,
              41.676445
            ],
            [
              -87.95512,
              41.67643
            ],
            [
              -87.955143,
              41.676417
            ],
            [
              -87.955164,
              41.676409
            ],
            [
              -87.955182,
              41.67641
            ],
            [
              -87.955198,
              41.676418
            ],
            [
              -87.955211,
              41.676436
            ],
            [
              -87.955216,
              41.676456
            ],
            [
              -87.955192,
              41.676529
            ],
            [
              -87.95518,
              41.676548
            ],
            [
              -87.95516,
              41.676562
            ],
            [
              -87.955135,
              41.676568
            ]
          ]
        ]
      },
      "properties": {
        "feature_id": "tee-osm-w1126395767",
        "layer": "tee",
        "holes": [
          18
        ],
        "source": "osm",
        "osm_id": "way/1126395767",
        "osm_version": 2,
        "verified": false
      }
    },
    {
      "type": "Feature",
      "geometry": {
        "type": "Polygon",
        "coordinates": [
          [
            [
              -87.955785,
              41.677485
            ],
            [
              -87.955767,
              41.677482
            ],
            [
              -87.955753,
              41.677473
            ],
            [
              -87.955745,
              41.677462
            ],
            [
              -87.955737,
              41.677385
            ],
            [
              -87.955747,
              41.677353
            ],
            [
              -87.95578,
              41.677334
            ],
            [
              -87.9558,
              41.677328
            ],
            [
              -87.955826,
              41.67733
            ],
            [
              -87.955843,
              41.677336
            ],
            [
              -87.955859,
              41.677348
            ],
            [
              -87.955868,
              41.677364
            ],
            [
              -87.955878,
              41.677402
            ],
            [
              -87.955878,
              41.677452
            ],
            [
              -87.955873,
              41.677464
            ],
            [
              -87.95586,
              41.677474
            ],
            [
              -87.955843,
              41.67748
            ],
            [
              -87.955785,
              41.677485
            ]
          ]
        ]
      },
      "properties": {
        "feature_id": "tee-osm-w1126395768",
        "layer": "tee",
        "holes": [
          18
        ],
        "source": "osm",
        "osm_id": "way/1126395768",
        "osm_version": 2,
        "verified": false
      }
    },
    {
      "type": "Feature",
      "geometry": {
        "type": "Polygon",
        "coordinates": [
          [
            [
              -87.955576,
              41.677741
            ],
            [
              -87.955566,
              41.677729
            ],
            [
              -87.955538,
              41.677624
            ],
            [
              -87.955541,
              41.677601
            ],
            [
              -87.955551,
              41.677587
            ],
            [
              -87.955571,
              41.677574
            ],
            [
              -87.955588,
              41.677569
            ],
            [
              -87.955604,
              41.677569
            ],
            [
              -87.955633,
              41.677579
            ],
            [
              -87.955645,
              41.677588
            ],
            [
              -87.955655,
              41.677618
            ],
            [
              -87.955657,
              41.677722
            ],
            [
              -87.955647,
              41.677735
            ],
            [
              -87.955632,
              41.677743
            ],
            [
              -87.955598,
              41.677747
            ],
            [
              -87.955576,
              41.677741
            ]
          ]
        ]
      },
      "properties": {
        "feature_id": "tee-osm-w1126395769",
        "layer": "tee",
        "holes": [
          18
        ],
        "source": "osm",
        "osm_id": "way/1126395769",
        "osm_version": 2,
        "verified": false
      }
    },
    {
      "type": "Feature",
      "geometry": {
        "type": "Polygon",
        "coordinates": [
          [
            [
              -87.953374,
              41.676648
            ],
            [
              -87.953356,
              41.676648
            ],
            [
              -87.953324,
              41.676641
            ],
            [
              -87.953299,
              41.676622
            ],
            [
              -87.95314,
              41.676391
            ],
            [
              -87.953138,
              41.676377
            ],
            [
              -87.95315,
              41.67636
            ],
            [
              -87.953167,
              41.676343
            ],
            [
              -87.953176,
              41.676338
            ],
            [
              -87.953209,
              41.676331
            ],
            [
              -87.953236,
              41.676329
            ],
            [
              -87.953279,
              41.676335
            ],
            [
              -87.953298,
              41.676342
            ],
            [
              -87.953324,
              41.676365
            ],
            [
              -87.953353,
              41.676498
            ],
            [
              -87.953413,
              41.676577
            ],
            [
              -87.953419,
              41.676594
            ],
            [
              -87.95342,
              41.676605
            ],
            [
              -87.953413,
              41.676626
            ],
            [
              -87.953408,
              41.676634
            ],
            [
              -87.953399,
              41.676641
            ],
            [
              -87.953389,
              41.676645
            ],
            [
              -87.953374,
              41.676648
            ]
          ]
        ]
      },
      "properties": {
        "feature_id": "tee-osm-w1126606111",
        "layer": "tee",
        "holes": [
          18
        ],
        "source": "osm",
        "osm_id": "way/1126606111",
        "osm_version": 2,
        "verified": false
      }
    },
    {
      "type": "Feature",
      "geometry": {
        "type": "Polygon",
        "coordinates": [
          [
            [
              -87.953681,
              41.67632
            ],
            [
              -87.953664,
              41.676318
            ],
            [
              -87.953632,
              41.676304
            ],
            [
              -87.953616,
              41.676281
            ],
            [
              -87.953616,
              41.676238
            ],
            [
              -87.953623,
              41.676227
            ],
            [
              -87.953646,
              41.676213
            ],
            [
              -87.953663,
              41.676209
            ],
            [
              -87.953684,
              41.676207
            ],
            [
              -87.953715,
              41.676214
            ],
            [
              -87.953732,
              41.676222
            ],
            [
              -87.953741,
              41.67623
            ],
            [
              -87.953749,
              41.676241
            ],
            [
              -87.953753,
              41.676288
            ],
            [
              -87.953749,
              41.676301
            ],
            [
              -87.95374,
              41.67631
            ],
            [
              -87.953724,
              41.676318
            ],
            [
              -87.953681,
              41.67632
            ]
          ]
        ]
      },
      "properties": {
        "feature_id": "tee-osm-w1126606113",
        "layer": "tee",
        "holes": [
          18
        ],
        "source": "osm",
        "osm_id": "way/1126606113",
        "osm_version": 2,
        "verified": false
      }
    },
    {
      "type": "Feature",
      "geometry": {
        "type": "Polygon",
        "coordinates": [
          [
            [
              -87.954776,
              41.67948
            ],
            [
              -87.954761,
              41.679484
            ],
            [
              -87.954738,
              41.679484
            ],
            [
              -87.954699,
              41.679468
            ],
            [
              -87.954684,
              41.679452
            ],
            [
              -87.954622,
              41.679288
            ],
            [
              -87.954577,
              41.679104
            ],
            [
              -87.954577,
              41.679087
            ],
            [
              -87.954583,
              41.679071
            ],
            [
              -87.954597,
              41.679058
            ],
            [
              -87.954611,
              41.679052
            ],
            [
              -87.954625,
              41.679049
            ],
            [
              -87.954643,
              41.679049
            ],
            [
              -87.954657,
              41.679051
            ],
            [
              -87.954673,
              41.679056
            ],
            [
              -87.954686,
              41.679064
            ],
            [
              -87.954699,
              41.679075
            ],
            [
              -87.954801,
              41.679445
            ],
            [
              -87.9548,
              41.679458
            ],
            [
              -87.954792,
              41.679471
            ],
            [
              -87.954776,
              41.67948
            ]
          ]
        ]
      },
      "properties": {
        "feature_id": "tee-osm-w1126775132",
        "layer": "tee",
        "holes": [
          18
        ],
        "source": "osm",
        "osm_id": "way/1126775132",
        "osm_version": 2,
        "verified": false
      }
    },
    {
      "type": "Feature",
      "geometry": {
        "type": "Polygon",
        "coordinates": [
          [
            [
              -87.954423,
              41.679048
            ],
            [
              -87.954416,
              41.679058
            ],
            [
              -87.954405,
              41.679063
            ],
            [
              -87.954373,
              41.67907
            ],
            [
              -87.954357,
              41.67907
            ],
            [
              -87.95434,
              41.679063
            ],
            [
              -87.954327,
              41.679053
            ],
            [
              -87.954306,
              41.679018
            ],
            [
              -87.954301,
              41.679002
            ],
            [
              -87.954303,
              41.678975
            ],
            [
              -87.954308,
              41.678968
            ],
            [
              -87.954319,
              41.678961
            ],
            [
              -87.954335,
              41.678955
            ],
            [
              -87.95435,
              41.678953
            ],
            [
              -87.954368,
              41.678956
            ],
            [
              -87.954382,
              41.678961
            ],
            [
              -87.954396,
              41.67897
            ],
            [
              -87.954409,
              41.678981
            ],
            [
              -87.954427,
              41.679037
            ],
            [
              -87.954423,
              41.679048
            ]
          ]
        ]
      },
      "properties": {
        "feature_id": "tee-osm-w1126775133",
        "layer": "tee",
        "holes": [
          18
        ],
        "source": "osm",
        "osm_id": "way/1126775133",
        "osm_version": 2,
        "verified": false
      }
    },
    {
      "type": "Feature",
      "geometry": {
        "type": "Polygon",
        "coordinates": [
          [
            [
              -87.954659,
              41.677067
            ],
            [
              -87.954645,
              41.677048
            ],
            [
              -87.95462,
              41.677023
            ],
            [
              -87.954599,
              41.677004
            ],
            [
              -87.954568,
              41.676996
            ],
            [
              -87.954543,
              41.676995
            ],
            [
              -87.954517,
              41.677001
            ],
            [
              -87.954493,
              41.677015
            ],
            [
              -87.95448,
              41.677031
            ],
            [
              -87.954485,
              41.677048
            ],
            [
              -87.954497,
              41.677063
            ],
            [
              -87.954517,
              41.677082
            ],
            [
              -87.954531,
              41.677099
            ],
            [
              -87.954543,
              41.677118
            ],
            [
              -87.954554,
              41.67714
            ],
            [
              -87.954567,
              41.677157
            ],
            [
              -87.954582,
              41.67717
            ],
            [
              -87.954599,
              41.677177
            ],
            [
              -87.954622,
              41.677184
            ],
            [
              -87.95465,
              41.677177
            ],
            [
              -87.954668,
              41.677165
            ],
            [
              -87.954679,
              41.677156
            ],
            [
              -87.954688,
              41.677146
            ],
            [
              -87.954691,
              41.677128
            ],
            [
              -87.954685,
              41.677107
            ],
            [
              -87.954674,
              41.677087
            ],
            [
              -87.954659,
              41.677067
            ]
          ]
        ]
      },
      "properties": {
        "feature_id": "tee-osm-w1240605723",
        "layer": "tee",
        "holes": [
          18
        ],
        "source": "osm",
        "osm_id": "way/1240605723",
        "osm_version": 1,
        "verified": false
      }
    },
    {
      "type": "Feature",
      "geometry": {
        "type": "Polygon",
        "coordinates": [
          [
            [
              -87.954448,
              41.676855
            ],
            [
              -87.954428,
              41.676827
            ],
            [
              -87.954409,
              41.676799
            ],
            [
              -87.954383,
              41.676766
            ],
            [
              -87.954362,
              41.676751
            ],
            [
              -87.954334,
              41.676741
            ],
            [
              -87.954306,
              41.676737
            ],
            [
              -87.954274,
              41.676741
            ],
            [
              -87.954241,
              41.676757
            ],
            [
              -87.954225,
              41.676774
            ],
            [
              -87.954215,
              41.676796
            ],
            [
              -87.954217,
              41.676821
            ],
            [
              -87.954226,
              41.676844
            ],
            [
              -87.954237,
              41.676866
            ],
            [
              -87.954258,
              41.676893
            ],
            [
              -87.954275,
              41.676917
            ],
            [
              -87.954292,
              41.67694
            ],
            [
              -87.954308,
              41.676963
            ],
            [
              -87.954325,
              41.676981
            ],
            [
              -87.95434,
              41.676995
            ],
            [
              -87.954374,
              41.677003
            ],
            [
              -87.9544,
              41.676997
            ],
            [
              -87.954436,
              41.676983
            ],
            [
              -87.954462,
              41.676969
            ],
            [
              -87.954482,
              41.676957
            ],
            [
              -87.954497,
              41.676943
            ],
            [
              -87.95449,
              41.676913
            ],
            [
              -87.954474,
              41.676886
            ],
            [
              -87.954448,
              41.676855
            ]
          ]
        ]
      },
      "properties": {
        "feature_id": "tee-osm-w1240605724",
        "layer": "tee",
        "holes": [
          18
        ],
        "source": "osm",
        "osm_id": "way/1240605724",
        "osm_version": 1,
        "verified": false
      }
    },
    {
      "type": "Feature",
      "geometry": {
        "type": "LineString",
        "coordinates": [
          [
            -87.951906,
            41.677557
          ],
          [
            -87.95222,
            41.67755
          ],
          [
            -87.953073,
            41.677719
          ],
          [
            -87.953444,
            41.677812
          ],
          [
            -87.953551,
            41.677653
          ],
          [
            -87.953589,
            41.677579
          ],
          [
            -87.953593,
            41.677499
          ],
          [
            -87.953586,
            41.677428
          ],
          [
            -87.953597,
            41.677331
          ],
          [
            -87.953576,
            41.677279
          ],
          [
            -87.953504,
            41.677243
          ],
          [
            -87.953289,
            41.6772
          ],
          [
            -87.95322,
            41.677202
          ],
          [
            -87.953041,
            41.677206
          ],
          [
            -87.952873,
            41.67722
          ]
        ]
      },
      "properties": {
        "feature_id": "path-osm-w723160492",
        "layer": "path",
        "holes": [
          18
        ],
        "source": "osm",
        "osm_id": "way/723160492",
        "osm_version": 4,
        "verified": false
      }
    },
    {
      "type": "Feature",
      "geometry": {
        "type": "LineString",
        "coordinates": [
          [
            -87.953487,
            41.682701
          ],
          [
            -87.953528,
            41.682586
          ],
          [
            -87.953595,
            41.68243
          ],
          [
            -87.953625,
            41.682338
          ],
          [
            -87.953668,
            41.682262
          ],
          [
            -87.953673,
            41.682187
          ],
          [
            -87.953659,
            41.682065
          ],
          [
            -87.953677,
            41.681972
          ],
          [
            -87.953707,
            41.681886
          ],
          [
            -87.95371,
            41.681739
          ],
          [
            -87.953838,
            41.681632
          ],
          [
            -87.95388,
            41.681576
          ],
          [
            -87.953882,
            41.6815
          ],
          [
            -87.953813,
            41.68129
          ],
          [
            -87.953784,
            41.681265
          ],
          [
            -87.953731,
            41.681255
          ],
          [
            -87.953655,
            41.681268
          ],
          [
            -87.953574,
            41.681298
          ],
          [
            -87.953395,
            41.681317
          ],
          [
            -87.953293,
            41.68134
          ],
          [
            -87.953234,
            41.681381
          ]
        ]
      },
      "properties": {
        "feature_id": "path-osm-w738399165",
        "layer": "path",
        "holes": [
          18
        ],
        "source": "osm",
        "osm_id": "way/738399165",
        "osm_version": 2,
        "verified": false
      }
    },
    {
      "type": "Feature",
      "geometry": {
        "type": "LineString",
        "coordinates": [
          [
            -87.953536,
            41.679797
          ],
          [
            -87.95352,
            41.679357
          ],
          [
            -87.953442,
            41.679211
          ],
          [
            -87.953488,
            41.678963
          ],
          [
            -87.953566,
            41.678836
          ],
          [
            -87.953665,
            41.67877
          ],
          [
            -87.953722,
            41.678693
          ],
          [
            -87.95374,
            41.678601
          ],
          [
            -87.953715,
            41.678519
          ],
          [
            -87.953591,
            41.678384
          ],
          [
            -87.953602,
            41.678297
          ],
          [
            -87.953456,
            41.678117
          ],
          [
            -87.953368,
            41.677985
          ],
          [
            -87.953272,
            41.677897
          ],
          [
            -87.95311,
            41.677844
          ],
          [
            -87.953049,
            41.677776
          ],
          [
            -87.953073,
            41.677719
          ]
        ]
      },
      "properties": {
        "feature_id": "path-osm-w738400187",
        "layer": "path",
        "holes": [
          18
        ],
        "source": "osm",
        "osm_id": "way/738400187",
        "osm_version": 2,
        "verified": false
      }
    },
    {
      "type": "Feature",
      "geometry": {
        "type": "LineString",
        "coordinates": [
          [
            -87.953602,
            41.678297
          ],
          [
            -87.953679,
            41.678363
          ],
          [
            -87.953743,
            41.678437
          ],
          [
            -87.953874,
            41.678513
          ],
          [
            -87.95407,
            41.678667
          ],
          [
            -87.954076,
            41.678827
          ],
          [
            -87.954045,
            41.679043
          ],
          [
            -87.953973,
            41.679226
          ]
        ]
      },
      "properties": {
        "feature_id": "path-osm-w738411550",
        "layer": "path",
        "holes": [
          18
        ],
        "source": "osm",
        "osm_id": "way/738411550",
        "osm_version": 2,
        "verified": false
      }
    },
    {
      "type": "Feature",
      "geometry": {
        "type": "LineString",
        "coordinates": [
          [
            -87.95407,
            41.678667
          ],
          [
            -87.954119,
            41.678484
          ],
          [
            -87.954101,
            41.678347
          ],
          [
            -87.954028,
            41.678068
          ],
          [
            -87.953942,
            41.677896
          ],
          [
            -87.95391,
            41.677704
          ],
          [
            -87.953884,
            41.677669
          ],
          [
            -87.953819,
            41.677583
          ],
          [
            -87.953739,
            41.677533
          ],
          [
            -87.953642,
            41.677517
          ],
          [
            -87.953593,
            41.677499
          ]
        ]
      },
      "properties": {
        "feature_id": "path-osm-w738411551",
        "layer": "path",
        "holes": [
          18
        ],
        "source": "osm",
        "osm_id": "way/738411551",
        "osm_version": 4,
        "verified": false
      }
    },
    {
      "type": "Feature",
      "geometry": {
        "type": "LineString",
        "coordinates": [
          [
            -87.95322,
            41.677202
          ],
          [
            -87.953275,
            41.67708
          ],
          [
            -87.953371,
            41.67698
          ],
          [
            -87.953411,
            41.676865
          ],
          [
            -87.953472,
            41.676655
          ],
          [
            -87.953513,
            41.676593
          ],
          [
            -87.953579,
            41.676543
          ],
          [
            -87.953794,
            41.676484
          ],
          [
            -87.954084,
            41.676447
          ]
        ]
      },
      "properties": {
        "feature_id": "path-osm-w1078671586",
        "layer": "path",
        "holes": [
          18
        ],
        "source": "osm",
        "osm_id": "way/1078671586",
        "osm_version": 3,
        "verified": false
      }
    },
    {
      "type": "Feature",
      "geometry": {
        "type": "LineString",
        "coordinates": [
          [
            -87.954119,
            41.678484
          ],
          [
            -87.954194,
            41.678592
          ],
          [
            -87.954385,
            41.678729
          ],
          [
            -87.954463,
            41.678796
          ],
          [
            -87.954556,
            41.679205
          ],
          [
            -87.954553,
            41.679315
          ],
          [
            -87.954528,
            41.679435
          ],
          [
            -87.954573,
            41.679551
          ]
        ]
      },
      "properties": {
        "feature_id": "path-osm-w1078671590",
        "layer": "path",
        "holes": [
          18
        ],
        "source": "osm",
        "osm_id": "way/1078671590",
        "osm_version": 2,
        "verified": false
      }
    },
    {
      "type": "Feature",
      "geometry": {
        "type": "LineString",
        "coordinates": [
          [
            -87.954527,
            41.676748
          ],
          [
            -87.954191,
            41.676645
          ],
          [
            -87.954101,
            41.67661
          ]
        ]
      },
      "properties": {
        "feature_id": "path-osm-w1078674720",
        "layer": "path",
        "holes": [
          18
        ],
        "source": "osm",
        "osm_id": "way/1078674720",
        "osm_version": 1,
        "verified": false
      }
    },
    {
      "type": "Feature",
      "geometry": {
        "type": "LineString",
        "coordinates": [
          [
            -87.953884,
            41.677669
          ],
          [
            -87.953811,
            41.677493
          ],
          [
            -87.95375,
            41.677264
          ],
          [
            -87.953597,
            41.677127
          ],
          [
            -87.953562,
            41.677082
          ],
          [
            -87.953591,
            41.676995
          ],
          [
            -87.953579,
            41.676922
          ],
          [
            -87.953411,
            41.676865
          ]
        ]
      },
      "properties": {
        "feature_id": "path-osm-w1078674721",
        "layer": "path",
        "holes": [
          18
        ],
        "source": "osm",
        "osm_id": "way/1078674721",
        "osm_version": 2,
        "verified": false
      }
    },
    {
      "type": "Feature",
      "geometry": {
        "type": "LineString",
        "coordinates": [
          [
            -87.953225,
            41.676792
          ],
          [
            -87.953411,
            41.676865
          ]
        ]
      },
      "properties": {
        "feature_id": "path-osm-w1078674722",
        "layer": "path",
        "holes": [
          18
        ],
        "source": "osm",
        "osm_id": "way/1078674722",
        "osm_version": 1,
        "verified": false
      }
    },
    {
      "type": "Feature",
      "geometry": {
        "type": "LineString",
        "coordinates": [
          [
            -87.953558,
            41.68224
          ],
          [
            -87.953067,
            41.679778
          ],
          [
            -87.953187,
            41.67818
          ]
        ]
      },
      "properties": {
        "feature_id": "hole-osm-w1240082512",
        "layer": "hole",
        "holes": [
          18
        ],
        "source": "osm",
        "osm_id": "way/1240082512",
        "osm_version": 4,
        "verified": false,
        "hole_number_source": "osm_ref",
        "playing_line": "primary",
        "ref": "18 No.4"
      }
    },
    {
      "type": "Feature",
      "geometry": {
        "type": "Point",
        "coordinates": [
          -87.953805,
          41.676811
        ]
      },
      "properties": {
        "feature_id": "pin-osm-n10303256064",
        "layer": "pin",
        "holes": [
          18
        ],
        "source": "osm",
        "osm_id": "node/10303256064",
        "osm_version": 3,
        "verified": false
      }
    },
    {
      "type": "Feature",
      "geometry": {
        "type": "Point",
        "coordinates": [
          -87.953187,
          41.67818
        ]
      },
      "properties": {
        "feature_id": "pin-osm-n11521217020",
        "layer": "pin",
        "holes": [
          18
        ],
        "source": "osm",
        "osm_id": "node/11521217020",
        "osm_version": 4,
        "verified": false
      }
    },
    {
      "type": "Feature",
      "geometry": {
        "type": "Point",
        "coordinates": [
          -87.955974,
          41.677983
        ]
      },
      "properties": {
        "feature_id": "pin-osm-n11526380172",
        "layer": "pin",
        "holes": [
          18
        ],
        "source": "osm",
        "osm_id": "node/11526380172",
        "osm_version": 4,
        "verified": false
      }
    },
    {
      "type": "Feature",
      "geometry": {
        "type": "Point",
        "coordinates": [
          -87.954395,
          41.676449
        ]
      },
      "properties": {
        "feature_id": "pin-osm-n11526380178",
        "layer": "pin",
        "holes": [
          18
        ],
        "source": "osm",
        "osm_id": "node/11526380178",
        "osm_version": 3,
        "verified": false
      }
    }
  ]
}